Actual_Energy_Demand,Predicted_Energy_Demand
2.568,2.743352858431372
2.566,2.524817679642342
2.545999999999999,2.6617770744888194
2.5419999999999994,2.692806318499861
2.95,2.627928424027256
2.732,2.798460838105781
2.564,2.786275485191153
3.5099999999999993,2.7796970548542235
2.532,3.781997362356529
2.392,2.1008342311818686
2.39,2.427256156404307
2.21,2.1659112368124243
2.068,2.1921404016377344
2.066,2.4542652421407585
2.058,1.807669138273748
2.1,1.8574566421563172
2.148,1.9036710557241665
2.15,2.0639490207430327
2.146,2.4993963283140537
2.158,2.0293406817081427
2.158,2.147048541890453
2.166,2.122341653562311
2.172,1.7992419000607234
2.16,2.2236208919447873
2.146,2.132609559264255
2.154,2.168507291894869
2.164,2.330235159241753
2.158,2.0722548735458455
2.144,2.292066502932569
2.142,2.129401039811919
2.148,2.1146038259183553
2.22,2.2796334673407808
2.228,2.1669990324072708
2.226,2.317036571424483
2.232,2.199041260587448
2.296,2.2716948865082505
2.2739999999999996,2.3352474250601167
2.2640000000000002,2.277762029444687
2.316,2.2742487406841847
2.33,2.330007662803441
2.346,2.323536518421904
2.346,2.3269447640716514
2.282,2.3196816334463173
2.214,2.283131725862993
2.554,2.2169677203680385
2.5919999999999996,2.5254936988763403
2.424,2.5662361975761256
2.368,2.42032983225567
2.336,2.3707954015386448
2.3340000000000005,2.3683021367941914
1.518,2.3239081336757934
1.2700000000000002,1.6246691965208113
1.268,1.373651292431495
1.272,1.26090259781237
1.274,1.2612233587995703
1.2700000000000002,1.1829710735656143
1.266,1.2895990490227938
1.258,1.347504716581142
1.256,1.2238846213859311
1.2600000000000002,1.2915224756133012
1.252,1.2195103042319337
1.296,1.2346027015981222
1.266,1.4201528871851679
1.246,1.2649520841777429
1.4159999999999997,1.2118436276054045
1.346,1.4905528941792234
1.356,1.3499196910634463
1.344,1.3266909798111872
1.336,1.343358586637911
1.342,1.3846283838836297
1.34,1.4291033351350457
1.34,1.3890092405896068
1.336,1.4067485887193967
1.328,1.3049393070756161
1.328,1.324982100235889
1.326,1.3807583656014184
1.328,1.401420719839137
1.278,1.3579614132469677
1.338,1.3059657847271269
1.328,1.405164299692225
1.314,1.3397349764661746
1.308,1.323606690372336
1.302,1.3329718252605134
1.304,1.2985911132150783
1.292,1.3229162295625712
1.288,1.292042206376856
1.284,1.300764276380032
1.2299999999999998,1.2937006540523686
1.232,1.2371778727372689
1.2299999999999998,1.2422140009632083
1.2299999999999998,1.2372646326422818
1.228,1.2574747451376271
1.222,1.232872712288401
1.224,1.2269846344111384
1.226,1.2439996583472743
1.224,1.2345467999032524
1.222,1.2484814211576127
1.228,1.2347581585060956
1.234,1.2460163609964396
1.274,1.245037391602524
1.342,1.29777515485599
1.338,1.3725149899221243
1.328,1.3537073082807707
1.324,1.3427803301911896
1.328,1.3309223049320429
1.328,1.339818816226876
1.324,1.34793698726638
1.324,1.3350931161788098
1.322,1.3389858548038394
1.312,1.331843224946827
1.318,1.3235503126159696
1.302,1.3346726391930257
1.226,1.3134262406737938
1.224,1.2284636455025948
1.224,1.2314849627400732
1.222,1.233051109593009
1.226,1.2405310789696806
1.3,1.24466213179031
1.304,1.3242948204174811
1.306,1.3095778576129715
1.306,1.3236489966704104
1.306,1.3095725619279188
1.302,1.3123864978539324
1.298,1.3151575607435275
1.294,1.3154265170410668
1.282,1.3011201559800658
1.222,1.2920484776304237
1.228,1.2229488320059465
1.2299999999999998,1.2420765662481117
1.234,1.2405070331670947
1.232,1.2500926965533823
1.242,1.2473228260510372
1.226,1.2568526877031376
1.228,1.2402662512543168
1.318,1.2436647307533464
1.332,1.3569491095315513
1.328,1.3403964983251482
1.33,1.3508129871769248
1.336,1.3345638102639052
1.34,1.3421828818633228
1.336,1.3632971351570526
1.34,1.361283448131036
1.34,1.34930484074955
1.294,1.347389904476243
1.238,1.2919374679392464
1.808,1.2392925166095796
1.734,1.9335338901098016
1.336,1.721972817086488
0.964,1.3464740481906663
1.274,0.95062281228684
1.314,1.3403818641229623
1.156,1.335695375813597
1.096,1.2174517945073222
0.6400000000000001,1.0675578464322055
0.51,0.5834522034719346
0.428,0.43471645449577234
0.482,0.34812236008319264
0.54,0.5060766965884801
0.54,0.6135218364332018
0.542,0.5258374376892474
0.42999999999999994,0.6864530481600023
0.424,0.3907230052880441
0.422,0.45176009529814776
0.422,0.5688104096460623
0.422,0.5819085111889878
0.382,0.3957687078186406
0.348,0.3358032979417486
0.348,0.3817097786745569
0.34,0.34912107684741844
0.46199999999999997,0.42878494925304905
0.448,0.5603963054084465
0.448,0.38141185451151194
0.448,0.4324398968955138
0.446,0.38238988238717864
0.414,0.4992625831949503
0.38599999999999995,0.5044570465334778
0.38599999999999995,0.4381294695703769
0.38599999999999995,0.46981609638052046
0.38599999999999995,0.42599974405699015
0.4,0.39946201516379687
0.464,0.43351586390666474
0.374,0.47904768825902144
0.366,0.41409057308602715
0.368,0.3450570759358184
0.368,0.3906341257081089
0.372,0.37852136749764936
0.372,0.3971664732633678
0.372,0.3941296684302518
0.37,0.3622249508004122
0.37,0.4031166377457102
0.37,0.39631590243182774
0.372,0.37040434898386504
0.37,0.41026825441093195
0.37,0.3762895019340212
0.37,0.39781293192952544
0.37,0.36300936042271176
0.39,0.38922168546181013
0.444,0.4050068716856887
0.39,0.4670390274686515
0.384,0.395436729886337
0.384,0.4092322951762612
0.382,0.3978516177906207
0.38,0.37899047408177067
0.38,0.4232447398364377
0.5,0.3778649024340618
0.444,0.520162344530412
0.344,0.4560948200724526
0.338,0.33175098957066124
0.338,0.3408440198415223
0.338,0.3410220858040355
0.334,0.3604350080843104
0.33,0.3669053783922106
0.33,0.317091484155448
0.328,0.3416486846812519
0.326,0.34797973332346066
0.326,0.3381910819043578
0.25,0.34038222565684667
0.234,0.2580400582287054
0.232,0.2540807581631145
0.236,0.2447221554179422
0.236,0.2806185273208619
0.236,0.2734466618289878
0.236,0.26015338528512616
0.236,0.23144343531223044
0.234,0.28911132489618274
0.234,0.2942799141509505
0.234,0.2438227416464101
0.234,0.28101956099707104
0.232,0.26886480293947085
0.842,0.27430904552016894
1.364,0.9283320773619508
1.352,1.4138592449355754
1.338,1.3283239015754356
1.334,1.366020913419673
1.336,1.3647145178209543
1.342,1.2919551596326724
1.338,1.3199886228917443
1.414,1.2746924975670737
1.4460000000000002,1.4110078968633308
1.516,1.4275568675180856
1.518,1.568351890935673
1.52,1.474654167518993
1.514,1.5257336321699067
1.51,1.556566993409368
1.51,1.5863755341943615
1.482,1.555061280114102
1.434,1.5158969034903806
1.422,1.3748063188210842
1.408,1.3066322961926955
1.402,1.312840145052982
1.352,1.3661448848972904
1.322,1.3012006386359456
1.326,1.3090718350085184
1.33,1.3491814908933482
1.334,1.3480794597638244
1.336,1.3834363765368591
1.336,1.4256902201753496
1.332,1.3142273180910375
1.312,1.2518509374826703
1.314,1.3015257485804261
1.304,1.3256843493863404
1.302,1.3198260821719754
1.31,1.3213095190852957
1.306,1.3324621826952348
1.312,1.3227689046276212
1.318,1.333920728474421
1.324,1.3342610457656732
1.328,1.3457115570809555
1.316,1.3426153598593396
0.492,1.3297573177416244
0.23,0.4255778933854982
0.228,0.2770718395468017
0.228,0.2624317907632064
0.33,0.2916294993993123
0.336,0.3978575558580822
0.332,0.37350810859805267
0.332,0.32888947119920153
0.33,0.36008955805184756
0.416,0.38750530588648846
0.404,0.562766545315953
0.404,0.36901301230630107
0.402,0.36724442028926424
0.398,0.4385191723757518
0.398,0.3538395338140254
0.37,0.36551774824777716
0.302,0.3603547986589455
0.264,0.3729424344287197
0.228,0.284776681126076
0.228,0.27291467041263767
0.23,0.34702102732255846
0.23,0.3280857377823131
0.23,0.28228203628289344
0.23,0.19661306782595142
0.23,0.28791341607650256
0.23,0.27841963564087885
0.23,0.1711836821167157
0.232,0.28334062320750597
0.232,0.262285453193472
0.232,0.27829986524071226
0.232,0.27180726915789155
0.232,0.2548572033228925
0.232,0.28375088380753943
0.232,0.26932809227981674
0.232,0.2830538210482931
0.232,0.27346629562792735
0.236,0.26730343157537206
0.238,0.27990320781543554
0.274,0.28297379833719993
0.346,0.31257404533092364
0.34199999999999997,0.39956711668201733
0.338,0.38529754643881176
0.336,0.3850915635664502
0.332,0.3794930633464081
0.332,0.3652727539567687
0.33,0.3743086344995927
0.33,0.36529971816860335
0.332,0.35113901254363195
0.33,0.3623768667025991
0.328,0.3535322924123699
0.278,0.34912854229488877
0.30999999999999994,0.2852543683489318
0.30999999999999994,0.3212742016634161
0.312,0.3268742166025933
0.30999999999999994,0.3249680035522734
0.308,0.3366694349628569
0.308,0.31890254980788996
0.308,0.31257379825989434
0.304,0.32665071564035864
0.232,0.3326388149758853
0.234,0.248326891427794
0.234,0.24430842445100212
0.236,0.268148481832854
0.234,0.2675200806478065
0.234,0.2664712132739592
0.236,0.25619837331648476
0.238,0.24467121504216147
0.24,0.28300404653708855
0.238,0.27866509828279257
0.236,0.2851257441942436
0.238,0.26124537441581125
0.236,0.2722675116493228
0.236,0.29673965009767767
0.27,0.26635191209072895
0.346,0.3330734695169598
0.384,0.3923254529853862
0.422,0.445658749014633
0.424,0.4761302634130249
0.418,0.47171796330822174
0.416,0.43523432077033547
0.42,0.4442482337848413
0.424,0.46266606725725334
0.422,0.4349715012669675
0.422,0.4487835558106866
0.42,0.434214225302595
0.336,0.4343198143631858
0.326,0.3222342389353187
0.324,0.3055808095465853
0.322,0.3099035047542254
0.322,0.3110356808245721
0.318,0.33101685084691346
0.318,0.3148989800086356
0.316,0.30659833517159407
0.398,0.32178931540848216
0.392,0.4325237535501401
0.392,0.41872449474552687
0.392,0.4081071716388671
0.39,0.41155345304194374
0.39,0.3964177008107776
0.39,0.3948506195760851
0.382,0.407500199999515
0.302,0.37443480640877497
0.244,0.29593266799922735
0.244,0.2374191679495959
0.244,0.26959646798197523
0.24199999999999997,0.26152602580945344
0.24,0.25412735905864253
0.24,0.26018412758210946
0.268,0.2257747161924947
0.3539999999999999,0.30335871209252524
0.35,0.40394533711123637
0.35,0.3925500742408092
0.35,0.37146081602272363
0.348,0.3841104248389247
0.344,0.38666995972459584
0.34199999999999997,0.3671405931101787
0.34199999999999997,0.39319427370035065
0.34,0.3550440429037891
0.34,0.36351531013259675
0.336,0.3528980871674593
0.252,0.3655114945159139
0.24199999999999997,0.2612039909318997
0.24199999999999997,0.2362936089760975
0.244,0.2539584980761815
0.244,0.2510431901700583
0.244,0.2698167634087965
0.244,0.26073408383448904
0.244,0.2561851973893125
0.246,0.27471210603005825
0.244,0.29086662999605145
0.246,0.2853171559167077
0.246,0.27002919184985746
0.244,0.2943260566966554
0.244,0.2850259953883624
0.246,0.2809007883892793
0.296,0.28260277011317836
0.318,0.32907476768092864
0.314,0.3637274024955577
0.318,0.3569305448172902
0.32000000000000006,0.36986606148618323
0.316,0.3456641800821945
0.314,0.3431629749823866
0.314,0.36831321366011666
0.298,0.33133812280998653
0.356,0.33063816245002103
0.352,0.39246266882014136
0.35,0.391545533921368
0.35,0.3787486587909749
0.348,0.3705565898724733
0.346,0.3550300745725765
0.344,0.36021373236757565
0.34199999999999997,0.3711539717270656
0.34199999999999997,0.3512390634602255
0.34,0.358457078025776
0.324,0.34409374010864324
0.24199999999999997,0.3348547620013497
0.244,0.25030808071663635
0.24199999999999997,0.23999367990206663
0.24,0.26727913437133155
0.24199999999999997,0.2603780142392488
0.244,0.27263561196160147
0.244,0.26061176639777406
0.24199999999999997,0.2579682919268016
0.24199999999999997,0.26501390156016097
0.244,0.2778699280320737
0.246,0.29178672186993904
0.248,0.2694631622726225
0.246,0.29659102303596063
0.244,0.288785627763365
0.24199999999999997,0.28493230773987505
0.244,0.28580953124695163
0.25,0.2748831297224028
0.25,0.2918752441588715
0.25,0.2969726941234822
0.252,0.3024624444912201
0.252,0.28273084638788654
0.254,0.2856920076130918
0.25,0.30674341702659275
0.264,0.27634952260769235
0.432,0.3081944851563935
0.426,0.49949128385442865
0.428,0.4925994287217993
0.42999999999999994,0.47282382187778976
0.42999999999999994,0.4647725155992499
0.428,0.43668597250219093
0.426,0.4617057628113852
0.424,0.4634142507695185
0.348,0.4218737089007206
0.346,0.35786583101815844
0.336,0.3473350778110329
0.246,0.3311875968378852
0.248,0.2279005277377646
0.246,0.23518800120629038
0.248,0.23613378693954823
0.248,0.23319959193108722
0.246,0.2763356004573093
0.24199999999999997,0.253262362564486
0.238,0.24259251321021652
0.238,0.2419267617920936
0.236,0.28511788626841994
0.24,0.30929340782159
0.24,0.2468863875912987
0.238,0.30817981375062714
0.244,0.26893096369438885
0.244,0.2793362047410407
0.244,0.2696086153610318
0.244,0.2730775771743781
0.244,0.27486933485137305
0.244,0.2791693664941163
0.244,0.3080954526080416
0.244,0.2661396117119041
0.238,0.281485530277027
0.24,0.2886529500461369
0.24199999999999997,0.2706461573579107
0.368,0.293609983884095
0.35,0.42101226572256323
0.346,0.4128009785871474
0.346,0.38849902780706524
0.35,0.3821959033017918
0.35,0.36821512975466186
0.348,0.3911321950775316
0.346,0.395435626752697
0.346,0.3541211192802819
0.404,0.3775081216620681
0.404,0.43865729917012924
0.312,0.42876437461096956
0.336,0.31623219720146734
0.334,0.3329133967450312
0.32000000000000006,0.34344917776955836
0.314,0.3200653605595635
0.312,0.34703614654540593
0.278,0.3095985469759402
0.238,0.2725756245375664
0.246,0.22836045278586284
0.248,0.26440681331069277
0.246,0.29140760645595304
0.24199999999999997,0.2475198787541571
0.236,0.2925270370407161
0.236,0.2483393327931354
0.236,0.26244332173321266
0.236,0.27195953682998625
0.236,0.25668440886128047
0.238,0.2648669208138463
0.314,0.2861894030424931
0.322,0.38742302883062607
0.32000000000000006,0.3477935586846295
0.318,0.36358476452198885
0.32000000000000006,0.37322304697210607
0.346,0.3296176202460633
0.436,0.3911611631252585
0.42999999999999994,0.4964651883973036
0.426,0.4704952178084644
0.424,0.44861294404100277
0.424,0.44736011991076663
0.424,0.44001530473055217
0.422,0.4479361533474647
0.42,0.43893069442367
0.416,0.42241520595227233
0.416,0.4218384599330167
0.414,0.42011374683662084
0.316,0.4135579156586998
0.316,0.2922638507764149
0.314,0.28287107051971017
0.312,0.31337152529432166
0.312,0.32225348169892487
0.312,0.3218587510678606
0.312,0.32976696255201865
0.312,0.30139736722424815
0.392,0.32041491207461853
0.338,0.4328170857674596
0.314,0.358930419108866
0.314,0.30715210616964345
0.314,0.33838595581055586
0.30999999999999994,0.3312937053307025
0.308,0.3350449183725521
0.304,0.3394007274656516
0.24,0.30306126032405495
0.238,0.2533651486670287
0.24,0.25326956314081794
0.24,0.2839298106735048
0.238,0.2579944859426579
0.236,0.2546168996660776
0.234,0.27216483173030825
0.234,0.2371614291890415
0.344,0.2890647158028434
0.344,0.3896847325318627
0.34,0.39805981815060876
0.34,0.36856154797916557
0.34,0.3908161976460839
0.338,0.37413294778186335
0.336,0.3523988050067257
0.336,0.40782943324609
0.332,0.3426209274970746
0.332,0.36128223472434806
0.334,0.35090955535754514
0.264,0.37195000733710676
0.238,0.2754203956785391
0.236,0.23333191162747519
0.234,0.24957963000435077
0.234,0.22913967874349625
0.236,0.2689484163244848
0.236,0.2585493703017731
0.234,0.2503143019858936
0.232,0.24795116866878736
0.232,0.2741816086314841
0.232,0.28261857807270546
0.234,0.2529480630180295
0.234,0.289556146950347
0.24199999999999997,0.2755234757953102
0.24199999999999997,0.28663368151437985
0.24,0.2802368105471929
0.24199999999999997,0.2710679900948306
0.306,0.281736111269359
0.312,0.361780763645314
0.314,0.37668394393120164
0.318,0.35418695148913776
0.316,0.3491640822721795
0.312,0.357600345364692
0.314,0.3460167403911911
0.418,0.35711813482804855
0.358,0.4572079381633839
0.35,0.39855796737096627
0.348,0.3775083999532585
0.35,0.3693597795171275
0.352,0.3572725840645643
0.348,0.37804522340213237
0.346,0.37396393757008467
0.34,0.33344082793662755
0.338,0.3641014513397684
0.338,0.35165935575601753
0.266,0.3462956408954098
0.244,0.25772954874242926
0.246,0.2373121432954764
0.248,0.27488235216142937
0.248,0.25015658228405296
0.246,0.2982978561362048
0.244,0.26744390042382904
0.244,0.25118406856682257
0.244,0.25121932797235536
0.244,0.2934378914860921
0.244,0.2876352858255942
0.246,0.2562329831704731
0.246,0.30232750080886905
0.246,0.2754800398713268
0.246,0.2932443019349404
0.24199999999999997,0.2813567085649122
0.24,0.276835408505254
0.24199999999999997,0.28341201732686744
0.24199999999999997,0.28607205563412674
0.24,0.2945615308530705
0.24199999999999997,0.2769591106176786
0.24199999999999997,0.2719001529140505
0.24199999999999997,0.29086213427546537
0.24199999999999997,0.2760521578022461
0.278,0.2848490030576566
0.3539999999999999,0.3221547818962174
0.35,0.41594926175018165
0.428,0.40751307847937424
0.422,0.48059819152784444
0.422,0.46066683981337164
0.42,0.44683584715840885
0.416,0.45827376097553607
0.416,0.435911830988556
0.40800000000000003,0.43222049718285926
0.40800000000000003,0.4375552947768893
0.3539999999999999,0.41231427726022674
0.24,0.3547828428180855
0.24,0.2155842655693828
0.24199999999999997,0.2182821929749153
0.24199999999999997,0.2361948023691157
0.24199999999999997,0.23970889500802264
0.24199999999999997,0.2610434916368452
0.238,0.2312828509205341
0.236,0.24027550538877102
0.236,0.2580134509968416
0.24,0.27284096452505535
0.24,0.272626704747817
0.24199999999999997,0.276190357115143
0.236,0.30384968523710404
0.236,0.2644302243608376
0.238,0.282118329799844
0.238,0.26419518459533875
0.238,0.26572477063396766
0.236,0.26629643772011075
0.236,0.27870127659307536
0.256,0.2896271717639179
0.374,0.28354813108044236
3.4079999999999995,0.42638259225315484
4.656,4.1140150275007
3.624,1.987535190814853
1.764,2.529252483596026
1.722,0.8564753371037382
3.064,1.066402588656679
1.32,2.5707439493730617
0.546,0.18934155920016482
0.6400000000000001,1.8364874455732332
0.644,1.721952233898413
0.642,0.7159405313824676
0.642,1.3855187605839996
0.644,1.0197645656512961
0.666,1.6300795169022253
0.636,0.6227949287501041
0.616,0.3685423244531949
0.608,1.5635566513497183
0.598,1.462992253950733
0.602,-0.3393916083700217
0.602,1.2215120827493806
0.6,1.334341875076168
0.602,-0.10600697388944047
0.546,1.4609278573091258
0.532,0.5419806441691319
0.526,1.0773646427910455
0.616,0.6512176193105618
0.616,1.06447849135804
0.618,-0.22206813295763364
0.6099999999999999,-0.04034459794852149
0.6,0.6601980521232174
0.628,0.7752417806983409
0.636,1.6178784402884978
0.636,0.659896232106262
0.628,0.7231999467389443
0.6199999999999999,0.711352750797614
0.618,0.6877007521581104
0.634,0.6735229505863348
0.696,0.6352682358429322
0.768,0.7125263321469874
0.7920000000000001,0.7945264053909914
0.784,0.8001633938937286
0.788,0.7821410756567593
0.786,0.7817206852836713
0.78,0.7982600546859708
0.818,0.7990003389556207
1.8579999999999999,0.8320961691785639
1.96,2.1187062192776582
1.884,1.8915848099737396
1.842,1.866350982504652
1.872,1.9750561270956293
3.6799999999999997,1.90773010051261
3.33,4.102519131609214
3.272,3.2485029967082717
3.193999999999999,3.0681513395333178
3.1419999999999995,3.3012626200871362
3.1639999999999997,2.947667953863474
3.174,3.2669036877084223
3.184,3.521490191944134
3.2439999999999993,3.2939889376402904
3.2299999999999995,3.4827179480801784
3.22,3.3550371009159963
3.136,2.609967597484736
3.273999999999999,2.925679462692874
4.578,3.8422230968919413
4.5280000000000005,5.12022132196427
2.1,3.3775110579893055
2.424,2.0262418275024556
2.6619999999999995,2.547300382134157
2.36,2.8349111584631617
2.236,3.4193631724707374
2.208,2.6561660647002268
2.168,2.143127384170586
1.646,1.3547635749250324
1.582,2.716125712901955
1.5,2.3294704722672015
1.48,1.5100859114624963
1.474,2.3873003559073807
2.132,1.609293424169823
3.768,2.557242408173447
3.734,2.943140969933953
3.7059999999999995,2.7951211097071065
3.6699999999999995,2.8209693669846625
3.6839999999999997,3.079557948129538
3.654,3.341986204738278
3.596,2.866237350194414
3.565999999999999,3.3506973479427002
3.542,3.1240387400076477
3.5219999999999994,4.200884245994235
3.548,3.8731591996129593
3.552,2.9514502630173887
3.5599999999999996,2.339199843226961
3.586,2.2857067370582715
3.592,4.169476455475947
1.438,3.6077689085355162
1.372,1.941566119487419
1.558,1.7239582976451076
1.38,2.1655363604300906
1.384,1.1619351787360834
1.378,1.1861339321229014
1.418,1.882221717578264
1.448,0.8473153887510826
1.442,1.6118486179469438
1.448,1.2056586923069115
1.45,1.2768869495663142
1.444,1.6875188775291945
1.44,1.312405436345805
1.496,1.4598481541114412
1.556,1.5281847212275468
1.492,1.3925489290389765
1.478,1.6334995876134972
1.472,1.5448098043913774
1.458,1.4559892271367412
1.464,1.5325464506131559
1.44,1.4920541433713566
1.418,1.6147524496315182
1.42,1.3720441626538145
1.4,1.4323381247750089
1.396,1.3488929008622035
1.43,1.4188734312981433
1.38,1.5335741208343285
1.37,1.451007999594473
1.35,1.438750802801429
1.3479999999999999,1.39311587528974
1.352,1.3520235557416678
1.362,1.3725490957368873
1.382,1.3844425425983446
1.338,1.3935615481858143
1.372,1.3409458038163247
2.5819999999999994,1.3907087750081366
3.58,2.8609344045056955
3.574,3.522635802035899
3.5719999999999996,3.5786541725179686
3.5899999999999994,3.6503143627323484
3.62,3.596688967851658
3.6039999999999996,3.4743768222444578
3.5999999999999996,3.663684162716812
3.6119999999999997,3.7118438982579676
3.628,3.4943450231527704
3.632,3.536422919998922
3.6379999999999995,3.6578435155454962
2.9159999999999995,3.58202122471864
2.7039999999999997,2.6894230977030897
0.85,2.6403791261679266
0.414,0.9110354076788838
0.414,0.256489685137501
0.418,0.5555532162263083
0.434,0.08513326812476084
0.412,0.6708719999932724
0.406,0.8227056272371469
0.38,0.5762382454887996
0.332,0.7393272983397357
0.33,0.737970075981126
0.322,0.1333944709570667
0.262,-1.0448724877451534
0.234,-1.0520818731015604
0.246,-1.017155599035957
0.268,0.08810943606883526
0.238,-0.12459579473248487
0.24,0.08173057420774071
0.234,0.26567546841483547
0.232,0.4093406973472907
0.234,0.3810524816494367
0.236,0.4902211858037197
0.236,-0.13884401226703202
0.234,-0.19823022848998478
0.228,0.14930342630163052
0.228,-0.0868337156549392
0.234,0.31627896670199174
0.232,-0.20699665197602604
0.232,-0.028294906670953753
0.23,0.17515310262579978
0.228,0.2579127176367815
0.234,0.26864400452917053
0.236,0.26997459513972416
0.234,0.2742476388342592
0.232,0.2799527397664949
0.3539999999999999,0.2827227030708975
0.334,0.4054941232646566
0.334,0.3862311870571636
0.334,0.3891440903563007
0.33,0.3761657314733186
0.33,0.35519006498154676
0.406,0.36801699663512843
0.398,0.46995345303394964
0.404,0.4182188854673952
0.402,0.43901303278511994
0.402,0.42441798546305587
0.38599999999999995,0.41079745998373907
0.3,0.40548907922073896
0.294,0.2934344493262742
0.284,0.28785726598601075
0.232,0.27953722200640696
0.232,0.2353708973015079
0.232,0.24908276644920016
0.308,0.2358146411666355
0.30999999999999994,0.300764818046155
0.30999999999999994,0.3711293248133268
0.312,0.3342237842590911
0.312,0.3132451271583788
0.312,0.35525571503237574
0.308,0.32341493315355563
0.306,0.3450735500445486
0.314,0.3200486634018381
0.314,0.3467011489258345
0.312,0.32896548725927904
0.314,0.35179649091216586
0.308,0.33955430636809625
0.306,0.34045947188801434
0.312,0.31523857284480106
0.30999999999999994,0.3241510829472844
0.39,0.35289525304885266
0.418,0.4070703805186276
0.40800000000000003,0.44635599683749083
0.404,0.42534114901698794
0.41,0.4320483317866111
0.41,0.43831951853907264
0.40800000000000003,0.41794112421592927
0.402,0.4488097620973803
0.392,0.4068237435583401
0.392,0.39875918059079346
0.358,0.3923227144853511
0.324,0.35388306590576846
0.256,0.3213614768988285
0.286,0.24349300300354831
0.3,0.28737412047015604
0.308,0.3159578799546246
0.30999999999999994,0.3248937338040833
0.308,0.3255872530804809
0.304,0.31524680664147564
0.298,0.3019676761373978
0.292,0.3317530243467542
0.294,0.32918657191086703
0.23,0.3125241605003393
0.228,0.2550191152863255
0.228,0.24592805127750683
0.23,0.2654914789829762
0.224,0.25401237473878413
0.224,0.2567435085085443
0.232,0.24267630381210445
0.232,0.26238775404818376
0.232,0.27499776247240454
0.226,0.27005270467556153
0.222,0.25510941226510325
0.23,0.2521049274028294
0.232,0.2844483191849634
0.35,0.27301793029013993
0.34,0.41350860100243364
0.334,0.4078722560863976
0.332,0.379277268910537
0.338,0.37693845595180714
0.336,0.3628134807998894
0.334,0.38824845841239847
0.334,0.3820446686183931
0.324,0.34286332595282915
0.326,0.36748133126204474
0.332,0.3444905575423635
0.328,0.36056581050749714
0.232,0.3456294305320257
0.228,0.22994614884744805
0.222,0.22741747667565962
0.226,0.22016458680045195
0.23,0.25318092508628703
0.232,0.2667395078623994
0.232,0.24606481609080563
0.248,0.2232123332728477
0.302,0.3055466498891122
0.306,0.3692204553024824
0.308,0.3320378182083144
0.306,0.3636732922322764
0.306,0.3267263660511683
0.304,0.3446043301141779
0.298,0.3244803121883903
0.296,0.34490119121345225
0.264,0.31714837112188643
0.23,0.29540991185667886
0.228,0.25404624260213643
0.222,0.27165094222378294
0.218,0.24381693141639713
0.224,0.23492855114623376
0.276,0.2617304310723854
0.336,0.2851221832287003
0.336,0.39119411705329077
0.328,0.37839113237285454
0.326,0.3620968910051101
0.33,0.3542214036598839
0.328,0.36805646902411004
0.328,0.37448457130544055
0.322,0.35860037669129474
0.314,0.35431371095095676
0.316,0.33805966512907554
0.322,0.3406459112657119
0.294,0.3419973572156748
0.228,0.31333214018058686
0.228,0.23393615334765402
0.222,0.22594903701496946
0.22000000000000003,0.23652306906140214
0.228,0.24925658136457493
0.228,0.25394536155731257
0.226,0.23663077467254445
0.226,0.2468866770055885
0.224,0.28322716444881024
0.226,0.2639859833065227
0.228,0.2668766009004877
0.228,0.27376197415169984
0.228,0.26845424154172765
0.226,0.27233276256098343
0.306,0.2618464705999729
0.3,0.36190586074038644
0.308,0.3452304453816333
0.306,0.35303418805074177
0.306,0.35755691051541205
0.298,0.34588288176417287
0.294,0.33253160458409303
0.296,0.3428759149034009
0.362,0.3295506112802098
0.338,0.395367486507178
0.332,0.3755082222833763
0.326,0.3587826300056999
0.326,0.3583542858628417
0.33,0.33891861186556393
0.332,0.3578240076173297
0.328,0.34855431458586467
0.326,0.342376882153184
0.322,0.34766799101779783
0.314,0.3355812538776196
0.32000000000000006,0.3132280451254197
0.26,0.34968220441810244
0.232,0.2695049641509138
0.23,0.22850452088624454
0.224,0.2562891972817549
0.226,0.2430420551498984
0.232,0.2645172337232522
0.23,0.2509129538188228
0.228,0.23208265791302518
0.228,0.27126598472877894
0.222,0.2731758587589731
0.226,0.24616100004149777
0.232,0.2800959777597469
0.232,0.26360526435428366
0.232,0.2837062366283365
0.23,0.27070233052521053
0.22000000000000003,0.27635398777352566
0.218,0.26427295613471236
0.226,0.26632449429538574
0.228,0.2704685264058851
0.23,0.2858989177950519
0.246,0.27679083708987684
0.3,0.282171581579689
0.35,0.36232267226892884
0.418,0.4015956354146961
0.414,0.4713947540949247
0.41,0.4612158829466717
0.404,0.44872918454276395
0.398,0.44413459941106226
0.406,0.42931755824855833
0.376,0.4333794793968111
0.332,0.39737768390162953
0.434,0.3375812185915647
0.69,0.46501154306240783
0.678,0.7753357111269186
0.656,0.7163124617893901
0.594,0.668225024820141
0.594,0.5620852005235458
0.682,0.5648360858698985
0.67,0.7044759993172617
0.672,0.6400349729845212
0.68,0.6259934125180732
0.678,0.6573137861145127
0.6839999999999999,0.6317085205758775
0.678,0.6579205480580157
0.6739999999999999,0.6474983122090527
0.664,0.647780643585694
0.678,0.6743863835596023
0.676,0.6374251784286468
0.68,0.6467544719316675
0.672,0.6795271504597894
0.67,0.6514309203817573
0.6739999999999999,0.6499291720102135
0.6739999999999999,0.6866794433190695
0.67,0.6579616342852502
0.664,0.6671082004029576
0.656,0.6919213656050858
0.658,0.6301684164173104
0.76,0.6450868254240724
0.762,0.759605220952776
0.7719999999999999,0.746283901358385
0.764,0.7611029767583202
0.754,0.7415068712619342
0.832,0.750565399620372
0.784,0.8561364752184799
0.762,0.7892190594059387
0.76,0.7523065415753353
0.754,0.7535444431234557
0.754,0.7503791393566053
0.76,0.7673171239409086
0.7,0.7676541022506418
0.662,0.6878816394289532
0.59,0.6620360481775116
0.59,0.5742577617113329
0.58,0.5885793843287349
0.58,0.5877407800505972
0.582,0.5996645611312017
0.432,0.5856330882517308
0.262,0.4111512737986841
0.34199999999999997,0.21192219012766367
0.33,0.37510647178641443
0.806,0.3942312162208758
1.472,0.9589154121098173
1.46,1.6608780720201097
1.4460000000000002,1.3389938298041677
1.4259999999999997,1.3397643117729623
1.424,1.46974993939766
1.454,1.4896133604632316
1.678,1.532706436399372
1.696,1.6287273672135865
1.684,1.6209595149924552
1.676,1.5944212181338582
1.7,1.7310251339287352
1.92,1.677546616848961
2.034,2.020988749971056
4.592,2.0448245041480777
4.773999999999999,4.6116438654822725
2.292,3.656286240336452
2.17,1.8066712407674004
2.186,3.1562457931371033
2.06,2.3430183066508974
2.8579999999999997,2.2663075260292547
2.6599999999999997,3.3993399166611913
2.384,1.7343849939458724
2.7379999999999995,2.7208019258938756
1.804,3.8336132991559415
1.79,0.17068198973251167
1.8,2.108604757886659
1.8,2.637269211453488
1.764,1.0394599845422274
1.5740000000000003,1.4668079743300433
1.52,1.618729384428138
1.506,1.0211670337176961
1.492,1.2610450677563991
1.482,1.4139106536422723
1.49,1.3190018828390908
1.49,1.5353391359405526
1.506,1.6682305982156616
1.508,1.5070506273202018
1.496,1.4878357687888573
1.498,1.446970194062983
1.502,1.737916200791858
1.472,1.6832659374360661
1.472,1.7761927478571182
1.488,1.2183951383962746
1.488,1.481664198258138
1.496,1.5241755130578702
1.568,1.5779123711614083
1.606,1.5927865704895205
1.608,1.688265774802471
1.606,1.6197175094921268
1.596,1.6637287739551276
1.602,1.6151814465003203
1.572,1.6412039021208922
1.518,1.5689627112649656
1.51,1.5326113159522297
1.5640000000000003,1.5288510662164254
1.586,1.5864548605985844
1.592,1.601196613691113
1.5840000000000003,1.6080088924985865
1.526,1.5866217861185012
1.518,1.518583998532794
1.598,1.5247302620519447
1.5940000000000003,1.6163496619282451
1.592,1.5983275072855063
1.588,1.6040630090856531
1.592,1.5858074008306815
1.598,1.5962652700265505
1.586,1.6076135425182594
1.5840000000000003,1.5932726121328444
1.5740000000000003,1.5884913497537063
1.502,1.5796358971666233
1.502,1.5063721386491884
1.502,1.5114058940164063
1.512,1.515851573702288
1.51,1.533249402701634
1.506,1.5187196180817706
1.514,1.5116073844729796
1.52,1.52513602649871
1.514,1.529886535222483
1.51,1.534860321728208
1.528,1.5196271731614444
1.614,1.5421815979904088
1.614,1.627738061451084
1.61,1.6217333476470324
1.602,1.6276837387011442
1.61,1.6120812483855427
1.606,1.6121336119377867
1.604,1.6178859037154036
1.606,1.615763319251154
1.602,1.6178738382357583
1.604,1.6049892884696224
1.598,1.6181397650818174
1.602,1.6040073059250632
1.53,1.6116887379065166
1.62,1.5286615509043568
1.622,1.6363366744683037
1.616,1.6253378485734928
1.614,1.6310470431635413
1.614,1.6175720553010986
1.606,1.6135630448643619
1.608,1.6100562937187717
1.638,1.6165328043884066
1.682,1.6417853781772942
1.728,1.6867372099142082
1.756,1.7404019587907527
1.628,1.7664640271689285
1.596,1.6217510448073966
1.588,1.6017403136401303
1.59,1.5850307146312743
1.57,1.5944948296494734
1.53,1.5924584829694655
1.492,1.5356487276035615
1.486,1.5066263181620358
1.492,1.4863246336887834
1.492,1.5137858802722792
1.568,1.4917381297329217
1.562,1.5836341639520137
1.518,1.5603051054332715
1.518,1.5382742718953704
1.52,1.5323988874646808
1.516,1.5324900422481815
1.522,1.5307013036568244
1.61,1.5445037973016809
1.604,1.6341023277144158
1.598,1.6200587583054835
1.592,1.620442728739477
1.588,1.608244206478185
1.51,1.5935918904774962
1.48,1.5175967615585295
1.484,1.4882403659636543
1.482,1.5023690917034167
1.484,1.510097689712093
1.486,1.5085416631889548
1.49,1.5005815453568605
1.504,1.4973448335353219
1.496,1.5120573760999987
1.506,1.5009740320664409
1.516,1.5190521997177313
1.51,1.5291553913388056
1.504,1.5226523565935317
1.51,1.5192477709291978
1.578,1.5204795717542157
1.5740000000000003,1.604762617362726
1.572,1.5767708284192339
1.5740000000000003,1.5920592024591829
1.5640000000000003,1.5817843384354664
1.5640000000000003,1.5733822285008912
1.572,1.5742564318166026
1.514,1.586119104075495
1.4560000000000002,1.5223670672886596
1.562,1.4599594542477832
1.55,1.5779482247352383
1.538,1.560720658841161
1.532,1.5611820527859583
1.518,1.5366691381091466
1.514,1.5141943592411997
1.522,1.5242321672347583
1.522,1.5366648420795965
1.522,1.5280146309561657
1.512,1.5290855921509083
1.52,1.5215636763815321
1.506,1.5294546945812875
1.412,1.5140784755421417
1.41,1.420900350901157
1.394,1.4195361939435098
1.388,1.4002742007769728
1.39,1.4087744062200662
1.4,1.4062785288056399
1.4,1.4236326882674157
1.39,1.4130668538065054
1.394,1.4072965382579574
1.402,1.4055329127838696
1.4059999999999997,1.4165267385563476
1.4059999999999997,1.4228746500344263
1.69,1.4322215151956108
1.748,1.7527139608832738
1.808,1.7524786991909556
1.794,1.8465908214810378
1.796,1.7755818402635974
1.788,1.7931174358781192
1.792,1.7869663992303226
1.8479999999999999,1.8047905959748916
1.876,1.857006227756576
1.892,1.8693788622482361
1.88,1.8886469770404766
1.998,1.8697039519527772
1.972,1.999246229800287
1.948,1.9577921726502012
1.944,1.9438647463826322
2.4339999999999997,1.9462771978080464
2.152,2.4610931422854474
1.872,2.1081577547304775
1.878,1.8894581952008034
2.246,1.9044685420862013
2.692,2.2553319970062056
1.852,2.732796060988849
1.864,1.8711922595714823
1.928,1.975416455075647
1.928,1.8720185363434212
1.7800000000000002,1.84965066965598
1.764,1.6930596668455167
1.752,1.7542025598479374
1.658,1.8526403137914906
1.746,1.581695499821741
1.774,1.745322158081332
1.7800000000000002,1.728102827285167
2.078,1.797318793848236
2.112,2.0626304351680744
2.098,2.106995558852112
2.094,2.048208396775918
2.124,1.9709667282349599
2.074,2.0775981439292113
2.106,2.043624843672333
2.064,2.1628760263198594
2.064,1.9992946975852144
2.06,2.0438597700620513
2.076,2.0918656789085803
2.178,2.092202147404246
2.2840000000000003,2.2520072063867724
2.414,2.1474609531078
3.134,2.3818611242325676
3.6339999999999995,2.984920348342957
3.6779999999999995,3.4543912980978795
3.6399999999999997,3.5882397289870007
3.61,3.395028974106616
3.6019999999999994,3.6138881901860778
3.5979999999999994,3.5011661185241723
3.618,3.567982366084466
3.622,3.584909581033411
3.645999999999999,3.6984306282361112
2.316,3.7358291184134864
2.372,2.2840127844903484
2.378,2.433767370883521
2.356,2.0659039191724036
2.366,2.102574669109431
2.402,2.000927452069766
2.362,2.313271552345287
2.358,2.3248295222852757
2.364,2.4830474226786556
2.37,2.604092657912339
2.372,2.536586724259923
2.378,2.1558385257458683
2.428,2.3277807405872886
3.694,2.5454812303928898
3.702,3.4785869132540097
3.162,4.05761537906652
2.044,3.3601882679276796
1.71,1.5059011339775124
1.724,2.0440571632437754
1.656,2.8109588670273693
1.662,2.306929018598583
1.66,1.1528730614233231
1.664,1.4295658468845533
1.4359999999999997,1.7945307223922373
1.754,1.6588731883945909
1.676,1.6019942519431938
1.536,1.3360422181111395
1.9059999999999997,2.085952634582536
2.152,1.9274343629993211
2.2539999999999996,1.4579647302603396
2.28,1.9801323328951261
3.024,2.048818890500582
2.792,3.1040177833594784
2.348,2.4383148082927932
2.338,2.536994427276742
2.5699999999999994,2.42734464575837
2.842,3.2261310676213637
2.976,3.212080177750653
2.988,3.0045858845880047
2.78,3.1391610890185606
2.948,2.3328007113025033
2.788,2.6262046114008144
2.861999999999999,3.178576371511753
2.838,2.7613229501377843
2.8319999999999994,2.7045136572177038
2.4779999999999998,2.961796328643393
2.87,2.4157335254239323
2.7679999999999993,2.7926493186190613
2.6619999999999995,2.7159028092898163
2.488,2.6191696865494722
2.5200000000000005,2.526964193032549
2.156,2.31597989163555
2.108,2.1290441086635212
2.062,2.1037993135909723
2.07,2.0198712263021856
1.972,2.0357809443727293
2.208,2.1200361411621116
2.218,2.1259264333072085
2.824,2.120866967046914
2.788,2.8573432414579
2.422,2.714991099557012
2.444,2.6462360122139557
2.328,2.5092766227861025
2.498,2.2035833003404397
2.59,2.475582998207584
2.5839999999999996,2.4844668860118664
2.604,2.6847880491416474
2.838,2.6385139850919415
2.9119999999999995,2.821661947730337
2.927999999999999,2.7573868108181485
2.904,2.924968598124299
2.842,2.9820401406593757
2.856,3.1279848841761266
4.84,2.9839148100781334
5.428,4.943227522147386
5.384,4.431961299471379
5.388,4.933796634357339
5.342,4.315014066969979
5.378,4.647282494372455
5.4,5.346560168250464
5.348,5.191440284354698
5.324,5.54250353530859
5.362,5.797092270900262
5.388,6.2078897281120815
3.7499999999999996,5.849358299221607
3.202,3.5618374790915475
2.904,1.9398402101881462
2.834,1.8237806914217656
2.8499999999999996,1.5202970209724687
2.851999999999999,1.2222261575290094
2.866,2.5774801542386645
2.332,2.577441093034395
1.878,2.349846532856598
1.862,1.2832040512082115
1.832,1.0980331893020105
1.846,1.4068622908593467
1.838,1.7746930771497575
1.776,1.80907252643356
1.772,1.4082870476843268
1.768,1.5377878408608616
1.758,2.34940539939405
1.872,2.706421729034338
1.984,2.0128522063722794
1.934,1.5173908753183163
1.95,1.386093601236223
1.93,1.268870870624677
1.728,1.3698144998131072
1.708,1.849206768450067
1.69,1.8529478642894628
1.982,1.762336091407881
2.004,2.2513076685193703
2.01,1.952495220301131
2.002,2.1493911794090934
1.98,2.1456831565167835
2.058,2.0245584365350218
2.064,2.0636242321321183
2.078,2.0344694369340357
2.234,2.1649636908691523
2.194,2.295577512474241
2.166,2.2406606371849453
2.194,2.129030666209501
2.186,2.1228557308295346
2.156,2.1628731753835697
2.102,2.1396739302507677
2.09,2.11467118322616
3.316,2.0943431221617272
3.804,3.3214842255566888
3.97,3.5095370101986894
4.098,3.7527036952766566
4.074,3.807334845165299
3.104,3.997264794858948
3.751999999999999,3.0918653159000327
3.964,3.8147879427098155
3.62,3.7051534345506894
2.988,3.90152313126797
3.0739999999999994,3.2406194208343897
3.166,3.249604941540164
2.665999999999999,2.7615146978175558
3.096,1.9715820100632746
3.565999999999999,3.062259099377085
1.624,3.4648986107383415
1.732,1.484180314357686
2.9959999999999996,2.282933942084524
3.028,2.8590481438047886
1.824,2.8707535365990458
1.634,1.8229074269616419
1.63,2.4853468236570637
1.64,0.7055864029690431
1.688,2.6418317506610713
3.0839999999999996,1.9484819128186317
3.1159999999999997,3.1099642354255903
2.352,3.5890483414679677
2.83,2.277172123191147
2.572,2.5904778514505113
2.8859999999999997,1.381350259950031
2.988,4.236634698705463
1.638,2.181017320970709
1.604,0.5268950336431031
1.6,2.715411808425543
1.598,1.5135203809315654
1.6,2.1905490530025777
1.596,0.9719375859171963
1.52,1.4358035217125098
1.512,2.3439159246239147
1.516,1.5067551981889413
1.494,1.3336462493220655
1.504,1.3769213359307466
1.508,1.1340616211854888
1.438,1.528132618708229
1.42,0.9611793137290712
1.422,1.5284576976497308
1.42,1.4767251669495185
1.428,1.05294787980823
1.432,1.4724773933872606
1.4359999999999997,1.4254976138177906
1.4259999999999997,1.5922155957743835
1.4259999999999997,1.2908040314843503
1.432,1.5758173171683734
1.43,1.4127090903731028
1.442,1.4229937310463814
1.452,1.4135819739301874
1.444,1.5290510551525731
1.442,1.5600146932724157
1.462,1.4998555225398518
1.542,1.4804720868984422
1.5439999999999998,1.546071297286638
1.712,1.5541045515301115
1.694,1.7519300703069591
1.964,1.6834676272764697
2.6499999999999995,2.0143293230986945
2.674,2.710388763026579
2.684,2.622717794538349
2.984,2.6857787618541926
4.438,2.9844532414478575
6.386,4.012567335946594
4.974,4.3062768267457034
6.376000000000001,4.37352757746071
7.062,6.051958125392023
8.088,4.919335921003447
7.906,8.682947384582208
7.376,7.5985065334572255
7.23,5.200653800736372
7.184,7.440765612225621
7.248,6.710444689854711
7.352,5.80608965719528
7.21,6.732616597157191
7.16,5.982832455011981
9.048,7.0645818777132225
9.108,4.520546210957743
9.132,4.679919888186181
9.118,5.04905254685438
9.088,5.611183713477864
8.046,5.512964846709354
7.040000000000001,5.335878665675346
7.864000000000001,6.069271685379609
5.714,6.120215183098242
6.773999999999999,5.000053446869159
7.124,5.336137902086651
6.674,5.076410953996429
5.098,5.295774290681589
4.904,4.961869368932274
4.143999999999999,4.621585397027902
3.702,3.8914994240882885
4.547999999999999,3.858419967263996
3.379999999999999,4.448344133087381
4.806,3.294399633192477
4.146,3.7375615212831828
3.6339999999999995,3.7053919180274675
4.301999999999999,3.589851541714041
4.298,3.9784778445961826
3.216,3.8159296166407985
3.3019999999999996,3.530808426390572
3.6779999999999995,3.407516559696781
3.7260000000000004,3.2768216954334255
3.3719999999999994,2.838506837299738
3.384,3.468168020548418
3.3679999999999994,3.226928206217164
3.394,2.8928959291066536
3.1459999999999995,3.2098341859436648
3.1,2.962952269664223
3.0439999999999996,3.0868238545842996
2.9999999999999996,2.886269344470507
3.05,2.288716198018135
2.8899999999999997,3.05679762287866
2.8799999999999994,3.0908010818140865
2.838,2.927837049872088
2.79,3.1320333706493115
2.7959999999999994,2.5922417678297007
2.771999999999999,3.4744995589140926
1.88,2.6643828928947584
1.702,2.7798978045348326
1.7500000000000002,1.4113921524636146
3.1859999999999995,2.07576590901207
3.9939999999999998,3.2980138058431527
3.987999999999999,3.82263517751805
3.9899999999999998,3.829486089005403
3.968,4.267946896974542
3.956,4.010371485370572
3.924,3.793568865141621
3.9319999999999995,4.1076640282225165
3.926,3.8351528237266237
4.062,3.8314634674825423
4.022,3.578209942513242
4.034,3.6282544441343267
3.9979999999999993,2.814766173812042
4.075999999999999,2.8119427829686905
2.116,4.0845880503653476
1.804,1.3943990176604963
1.784,1.9538258051909514
1.814,2.1901990187972666
1.838,2.584996612363329
1.866,2.8859070294308076
1.87,1.9096492126460913
1.8479999999999999,2.4931956113320806
1.834,1.8422376917307133
1.7600000000000002,1.5555370097835717
1.774,1.7566496910323337
1.738,1.460769487375646
1.704,1.479228513988571
1.7700000000000002,1.8365593891815737
1.712,1.8515464189239763
1.7199999999999998,1.691758066923204
2.4759999999999995,1.7129780869259137
3.704,2.6309712085759793
3.174,3.981535883010537
3.7579999999999996,2.8035932292814074
3.586,3.8044113812672458
3.772,3.8902789717052384
3.6779999999999995,4.676226051098315
3.69,4.695238838842058
3.7759999999999994,5.009882425238768
3.7759999999999994,3.869936584644193
3.7939999999999996,3.83425124205026
3.801999999999999,3.5569510835255915
3.756,4.610550655001881
3.822,4.030101311044218
3.8339999999999996,3.467057219949749
3.836,2.965105757535133
3.9079999999999995,3.0496367713014845
3.9120000000000004,3.427026417120673
3.8999999999999995,3.9833209593422243
3.81,3.8942336156157578
3.9019999999999997,3.507968524011862
3.987999999999999,4.042836399098646
3.9899999999999998,3.7402524788088267
3.8739999999999997,4.0365614161912
3.8819999999999992,3.6405340407926747
3.938,4.099418598274532
3.9499999999999997,3.680108310744286
3.916,3.9971637505744684
3.4119999999999995,3.724421702774656
2.492,2.8459305551115412
2.82,2.9508838727866915
3.398,2.7182523345732794
3.3679999999999994,3.4118146501268365
3.308,3.3846960166352527
2.044,3.340743757118524
3.1,2.1885623633560116
3.2959999999999994,3.05660976864339
3.2919999999999994,3.138233807509953
2.092,2.940954980627175
2.918,2.053690377438059
3.2039999999999993,2.9331673122508044
2.268,2.969027263290818
2.6899999999999995,2.545394313371756
2.914,2.7331187598103113
2.06,2.375180326865117
3.1639999999999997,2.480009357834594
1.94,2.408128086258642
3.242,1.9350776998844552
2.536,3.500803999405117
2.3540000000000005,2.098681031754773
3.238,1.865428521125107
3.13,3.6408529978908857
3.504,2.8063546498600993
3.212,2.484318175264504
2.3540000000000005,3.8626245811209494
2.479999999999999,1.2405507544237682
2.024,3.359317871374866
3.5599999999999996,1.79110528859737
3.272,3.052020375494681
3.2559999999999993,2.9302458201537704
3.1779999999999995,4.2044717161365295
3.134,2.6657974426065505
2.914,2.85763814049165
1.068,2.268180527192442
0.842,2.662080302590711
0.79,0.721522095480686
0.692,2.1461218266878213
0.714,0.7946081838913805
2.234,1.0916863903713354
2.864,1.8285066314818688
2.042,2.412001561328572
0.794,2.3278905002301165
0.764,2.3070721396185943
0.788,1.4586537496351133
1.986,0.6310247856441217
2.634,2.2278956394565292
0.926,3.3498825826899825
1.536,1.2625562124516416
2.6,2.0655758305269334
2.576,1.659163303539879
1.9460000000000002,1.5067866326614523
0.412,0.7246982377948568
1.378,1.4848555342409464
2.5399999999999996,3.9110125451547177
0.48399999999999993,3.0785751810564768
1.262,0.5300810759205876
2.408,2.6730918826039805
0.474,0.6331886801825354
1.006,0.5150198384207575
2.4379999999999997,-0.458847333019872
0.82,2.7111686112367095
0.6199999999999999,2.0186038854276998
2.5379999999999994,2.874631302155219
1.334,1.9842192369885867
0.496,0.9863765510238015
2.4779999999999998,2.285949360538336
1.352,1.7545794733615383
0.7079999999999999,-0.05011142329661982
2.524,1.760668857814748
1.108,1.174120817225543
0.682,0.5382377903718258
2.494,2.7835642266967557
1.184,1.9953982508668775
0.586,-0.4041300035527669
2.392,3.606792431512609
1.148,1.6194214256012593
0.266,-0.9098590436092501
2.332,3.2930354448243047
1.388,0.3193732020566817
0.252,0.18450062674911072
2.424,3.302430146355337
1.314,2.194669324791362
0.546,-0.08261000669402072
2.47,3.0910262786652662
1.058,1.8378161832664697
0.908,0.22552979805912712
2.4779999999999998,3.0077327741489506
0.634,1.2043377381952027
1.278,0.3965208970287092
2.4899999999999993,3.044902927365283
0.30999999999999994,0.6511725277309137
1.55,0.7755296907326766
2.5799999999999996,3.0217020442333014
0.476,-0.35329194227951455
1.576,1.3048356376399468
2.6199999999999997,2.846811953881441
0.678,-0.38390599105689516
1.602,1.7088076246428128
2.71,2.986398108973672
0.658,-0.12239479428701322
1.37,1.9087477513726872
2.5339999999999994,3.0773801770744624
0.532,0.39665613714471715
1.376,1.6643592949340962
2.398,2.951111369895489
0.366,0.4281670837514803
1.86,1.1600158339399727
2.14,3.0136833542773984
0.348,0.14375364765029403
1.99,1.0306676314680054
1.798,2.9380278418962638
0.27,-0.281178977042659
2.018,1.6393754873834934
1.65,2.3309043611470623
0.246,0.006243302621431108
2.224,2.1155929083285785
1.45,1.8845164098500142
0.258,0.716584080756582
2.138,2.6107971584889182
1.502,1.8609422581278652
0.246,0.8457035755590236
2.302,2.971162756118294
1.568,1.9445723383337123
0.226,0.5978141381125041
2.238,3.2721485832457167
1.646,2.1459199058228267
0.32000000000000006,0.2492824625684735
2.002,2.9170215671340483
2.104,1.9879076895575758
0.3,-0.1341659903006469
1.794,2.51759219649698
2.412,2.2945761299851526
0.366,-0.19300398489371245
0.936,2.436043887762045
2.4719999999999995,2.617412204594276
0.992,0.386346844656557
0.814,2.1412844066557644
2.4759999999999995,2.1661203730601897
1.182,0.609189481460138
0.5,1.743563792387842
2.4899999999999993,2.2077349865907903
1.172,1.5416325681591463
0.584,1.5663647000506256
2.462,2.2312689096643537
1.408,1.3778256508801892
0.324,1.1906690134120839
2.8039999999999994,2.6253591045437985
2.6939999999999995,1.9997516377333089
1.386,0.07384996303642567
3.3819999999999997,1.2570612957568632
2.554,2.3161903438159155
1.418,0.29798804802422213
3.4879999999999995,2.5075853184675396
2.602,2.1525543512356617
1.408,1.0301641272603934
3.516,1.2348650778674228
2.3740000000000006,1.968885399923033
1.712,1.2507844368957697
3.4539999999999997,2.4830724275099065
2.342,2.204077609270259
1.646,0.7833689775349485
3.4439999999999995,2.5239980340301664
2.228,2.323497824441303
1.82,1.4514847912302262
3.4619999999999997,2.1103804675467646
2.098,2.1482840579714995
1.896,2.532528909044766
3.478,1.734130312759643
2.19,1.7292828331783852
1.928,3.245753908706957
3.525999999999999,2.0733989763975953
2.106,1.6022289447097988
2.092,2.086245677474668
3.658,2.289727428441555
2.27,1.9798819635092593
1.782,3.0761082510997007
2.532,2.633730986346333
1.356,1.979222008314471
0.466,2.244421010574811
2.555999999999999,1.7272453298786576
1.532,1.746007602969564
0.49,1.8880275170338388
2.42,2.4569251269459245
2.545999999999999,1.2028219677196428
0.348,0.9279283168122839
1.582,3.0996812533874287
2.526,0.19108140934838175
0.7179999999999999,2.2464078272462884
1.276,1.3018757115816493
2.488,0.9299778641094312
0.944,2.873109019914407
1.314,1.3686227520632765
2.522,2.2528235357999398
0.812,2.829931586084861
1.268,1.2263866116985271
2.4899999999999993,3.1337856023771695
0.856,1.7590075218391652
1.362,1.0178721546828824
2.5119999999999996,3.158357840354236
0.732,0.7939489588647753
1.61,2.4935135561778448
2.4499999999999993,3.096125475083515
0.286,0.6275253754229251
1.806,2.065041378309365
2.439999999999999,2.6515159142019624
2.424,0.5360696514482954
2.444,-0.14822753921544077
2.4499999999999993,1.1933970276248695
2.4639999999999995,2.6810319066564663
2.564,0.674718297242343
2.5399999999999996,2.7379374255152813
2.555999999999999,1.7940110359405896
2.5379999999999994,2.5332379198120036
2.6359999999999992,1.7829100322260647
2.5739999999999994,1.7626638452794972
2.6179999999999994,3.1304113599629595
2.6099999999999994,2.35404358927034
2.6279999999999997,2.42111971452445
2.598,2.2081548924716214
2.6279999999999997,2.8469366108818366
2.5779999999999994,1.867985964143763
2.466,1.8773763838240787
2.4359999999999995,2.2180371547051756
2.4459999999999997,2.3232397758141157
2.428,2.5572170315784115
2.444,1.7680846812994846
2.414,2.4919162259531724
2.426,2.641758890894239
2.416,2.129431992438279
2.4379999999999997,2.1356609759443455
2.42,2.4351858750187536
2.43,2.1595434306601153
2.424,2.308554149929035
2.4319999999999995,2.4034818528525306
2.408,2.440889528266685
2.424,2.4083363775030224
2.4,2.430542301515825
2.4339999999999997,2.4154200049835906
2.448,2.442500012577482
2.4459999999999997,2.4563420643969316
2.456,2.4576338375177498
2.4359999999999995,2.4721528756561777
2.4339999999999997,2.460095153149596
2.4,2.460721521975788
2.414,2.4209640191380735
2.396,2.4165308767478355
2.5119999999999996,2.408934097275979
2.526,2.5083268982944826
2.532,2.5381779818661108
2.528,2.5504065154835764
2.5479999999999996,2.5428355243840777
2.5119999999999996,2.5679478413667036
2.5200000000000005,2.529798890037478
2.494,2.5169438150253254
2.5200000000000005,2.508547729484724
2.5019999999999993,2.52108196516519
2.528,2.4999494250053527
2.51,2.5259056281877754
2.466,2.507441327331894
2.488,2.487409873628366
2.741999999999999,2.4842969808485447
2.5919999999999996,2.7305972965604184
2.498,2.6046456935843936
2.4639999999999995,2.5388992944383695
2.4599999999999995,2.468999950278114
2.43,2.4893903352491566
2.4459999999999997,2.3974998377304226
2.386,2.4055760113621085
2.398,2.4078008673545837
2.4,2.407123305642095
2.384,2.379411457185878
2.392,2.3937325200780477
2.452,2.3839519276020487
2.4319999999999995,2.4711288389563633
2.368,2.446630159267899
2.4,2.371549202108475
2.392,2.3931429962834088
2.398,2.406144731175397
2.364,2.3994290655203794
2.384,2.39223169711414
2.364,2.3796620124669983
2.388,2.392423700597603
2.372,2.3898558779682983
2.418,2.373744795213609
2.4819999999999998,2.4560654603673866
2.4999999999999996,2.497726990665192
2.4739999999999998,2.5061307728714604
2.479999999999999,2.4752969071679667
2.462,2.4907843351032173
2.492,2.4995919838940868
2.4639999999999995,2.509903391497765
2.479999999999999,2.467815475986045
2.466,2.4895539182848174
2.488,2.4654764393478255
2.4679999999999995,2.499901719515875
2.496,2.463161046481696
2.378,2.5066971091603785
2.392,2.399728877697021
2.39,2.3994141188003426
2.386,2.3807372601359895
2.396,2.392776222175247
2.386,2.3777408851517534
2.404,2.3868383438459535
2.356,2.4138206448525
2.372,2.3546939972902847
2.4,2.369406043178604
2.466,2.397027460091286
2.4599999999999995,2.4656729868059806
2.4859999999999998,2.4768848999020223
2.4419999999999997,2.4845842826302342
2.452,2.4627020680623133
2.4359999999999995,2.455683817860621
2.452,2.4391368994147835
2.386,2.456332980060186
2.378,2.4130653929961103
2.378,2.38009673288475
2.414,2.385948373023063
2.39,2.4149876845556597
2.39,2.394411219098649
2.392,2.4096330472807845
2.414,2.3946827062106504
2.524,2.4271062393538485
2.514,2.502214671183895
2.4899999999999993,2.527880288082665
2.5079999999999996,2.509892524575932
2.4999999999999996,2.518973221844696
2.51,2.5050574494375066
2.479999999999999,2.5033028149613346
2.496,2.4676549809425543
2.479999999999999,2.514589386569811
2.479999999999999,2.4893267863396202
2.5200000000000005,2.48722915457138
2.5019999999999993,2.5027674465136527
2.4499999999999993,2.50604474084957
2.4719999999999995,2.4678240351516836
2.4899999999999993,2.481523229694972
2.462,2.4947088884519673
2.484,2.4654855983278563
2.47,2.473710975310284
2.4779999999999998,2.475545898840937
2.4379999999999997,2.4956269535926605
2.456,2.4311780627469672
2.4339999999999997,2.4492340088815214
2.462,2.438321292648272
2.452,2.4607436422736786
2.4719999999999995,2.466614700770152
2.458,2.4704864236842075
2.4819999999999998,2.466265696753805
2.452,2.4814044653423712
2.47,2.45865623495114
2.4459999999999997,2.48328254941499
2.4739999999999998,2.4545780358804072
2.498,2.4793222826568053
2.5519999999999996,2.499813355025309
2.5200000000000005,2.5573537403198903
2.5479999999999996,2.534678318003188
2.5339999999999994,2.567440628712424
2.55,2.539260332103362
2.5839999999999996,2.5680577439594012
2.638,2.5782369316608866
2.528,2.650666030301529
2.4739999999999998,2.549608755236145
2.4859999999999998,2.4998761803150047
2.4599999999999995,2.483168862625136
2.4719999999999995,2.4683556239437197
2.439999999999999,2.4545833131127712
2.4639999999999995,2.4449761106369876
2.448,2.473216861730596
2.4639999999999995,2.4549433033522634
2.448,2.4569516932160878
2.4379999999999997,2.459854024184006
2.342,2.449510658623967
2.352,2.3731499640010747
2.328,2.3398438841698566
2.342,2.325097249696736
2.338,2.3373646418791596
2.366,2.3376921083659017
2.316,2.3764817285504005
2.344,2.34682906269838
2.342,2.3383434916295798
2.372,2.3497072184366985
2.348,2.389866725813124
2.3540000000000005,2.364638235652403
2.34,2.3838515271930505
2.3540000000000005,2.3436444154307567
2.34,2.36080638682566
2.358,2.34982862662045
2.356,2.3717932870812652
2.378,2.3768615684008494
2.35,2.39145093389489
2.332,2.358348766208569
2.324,2.3522673805726697
2.282,2.3381942790855654
2.296,2.303605323506066
2.288,2.300695217110587
2.316,2.287495702248834
2.342,2.320263176809366
2.4319999999999995,2.3418726474866745
2.418,2.431558343427011
2.4759999999999995,2.42994556536827
2.492,2.478285977521998
2.5119999999999996,2.4975669995877654
2.4899999999999993,2.5235915091664007
2.5200000000000005,2.4948249424382696
2.4999999999999996,2.521777870901614
2.522,2.5095378092354763
2.5079999999999996,2.514713819503935
2.5039999999999996,2.5051587172984418
2.406,2.507078777057036
2.35,2.417862907979887
2.316,2.3637259203161065
2.34,2.315691337056077
2.308,2.3394143439560597
2.328,2.2971348322729774
2.352,2.319613577387128
2.39,2.33942807571088
2.3540000000000005,2.3851977270780034
2.366,2.3414896698034964
2.364,2.3680327948337725
2.4,2.3686196542844575
2.39,2.3990725071742056
2.386,2.382932789231701
2.394,2.3856723692666946
2.3740000000000006,2.3982365538326555
2.3740000000000006,2.3834136744407695
2.3740000000000006,2.374979053273314
2.404,2.3759156478533745
2.396,2.414028980259114
2.424,2.408920007963151
2.4,2.4346250839391326
2.426,2.42438389083661
2.408,2.441887952340021
2.416,2.4208573283969765
2.394,2.4255631069753862
2.4859999999999998,2.404040757785334
2.5119999999999996,2.4830901596908803
2.5399999999999996,2.5156488094028626
2.518,2.5410870641661845
2.522,2.526148182858047
2.4779999999999998,2.5367871407205005
2.479999999999999,2.484598493101167
2.47,2.474640181640495
2.498,2.462651197571537
2.496,2.4999768242636367
2.5159999999999996,2.489178376258409
2.5200000000000005,2.5140989830215137
2.4899999999999993,2.5117069326261476
2.4319999999999995,2.5045530241615115
2.4719999999999995,2.4373226479269996
2.444,2.47673787340602
2.462,2.443618481819321
2.462,2.46178848931247
2.4719999999999995,2.4414744433474995
2.492,2.478976734335961
2.4739999999999998,2.4824494212059225
2.47,2.479113545435021
2.3740000000000006,2.4720050836749263
2.394,2.397611846653915
2.378,2.403289074375894
2.368,2.383636833423474
2.364,2.369399080031279
2.366,2.3633025364544844
2.376,2.3671873638443546
2.364,2.384402643485294
2.356,2.3688018407013525
2.386,2.37023193027778
2.378,2.3939434371792827
2.382,2.4053673283207555
2.384,2.3908619612572757
2.378,2.3920081713138845
2.3740000000000006,2.390868092426945
2.3740000000000006,2.3772651167423575
2.47,2.385015794454159
2.479999999999999,2.462581898023009
2.47,2.5027092074411064
2.4679999999999995,2.479879276989742
2.4679999999999995,2.4884982799121005
2.466,2.4916144346457996
2.4719999999999995,2.4806235096064135
2.466,2.4736438953700683
2.479999999999999,2.4699887620763814
2.47,2.491458871872268
2.462,2.475721980621808
2.444,2.4676629656119595
2.394,2.4515718038605536
2.328,2.4072166447934324
2.31,2.342564468330798
2.296,2.3088403503278334
2.29,2.2913347443628536
2.308,2.283966785060889
2.33,2.290698347612058
2.35,2.333487606592576
2.332,2.344374573236659
2.316,2.3374821198383033
2.358,2.325833975496179
2.394,2.357501492826352
2.388,2.404061228774898
2.4679999999999995,2.3981951471363616
2.528,2.4594535256063166
3.0339999999999994,2.5275613519718467
3.362,3.006535659431491
6.332,3.3595221939177002
6.892,6.555353895582357
7.2059999999999995,4.3504794852727935
7.238,7.77255326765639
4.938,6.794408231164972
5.02,5.952217165874871
5.626,4.193060627903583
6.218,4.232503035492076
4.266,8.026476453317093
4.012,4.7938966368203815
4.057999999999999,3.655904616222971
4.042,4.763779089821604
4.026,4.54915608393716
4.049999999999999,0.8338675379973048
4.034,2.642254648692626
4.026,3.8719408981586225
3.9939999999999998,3.176647967176828
3.987999999999999,-0.2575222136230223
3.9719999999999995,2.9662921055777973
3.97,4.284009705031557
3.9819999999999998,1.1742343004644804
3.9499999999999997,2.768382652575213
3.8739999999999997,4.035695778560051
3.8819999999999992,3.328315997193004
3.8659999999999997,3.4411488079735744
3.8739999999999997,2.917176533612475
3.8599999999999994,2.3393061613860135
3.8339999999999996,2.1995391623200384
3.9019999999999997,4.832947136345856
3.9059999999999997,3.8809370779450347
3.9179999999999997,3.313074653232774
3.928,2.4910710004777634
3.9499999999999997,3.8420028386075202
3.9799999999999995,4.529735840351603
3.9319999999999995,3.8614050386694476
3.9620000000000006,3.6221302625483536
3.9839999999999995,4.300859191959259
4.016,4.233924379791556
4.016,4.006178702039207
4.029999999999999,3.99305008586593
4.034,4.002290941612353
3.9979999999999993,4.003009285345507
3.9539999999999997,3.94147177519993
3.93,3.9443160989312314
3.9719999999999995,3.9010151253509817
4.944,3.943705614708451
4.12,4.949450611037932
4.129999999999999,3.815045956648887
4.232,4.246860572703093
4.234,4.142806933848245
4.215999999999999,4.180064063970054
4.089999999999999,4.185828853026011
4.155999999999999,3.668523442350805
4.169999999999999,4.583233417155311
3.7539999999999996,3.7112352629064893
3.596,3.8906412841935474
3.66,3.6651710719394583
3.654,3.582522443235859
3.605999999999999,3.508536509439099
3.2959999999999994,3.6306795926619615
3.2659999999999996,3.0805107959042006
3.2619999999999996,3.320144417398771
3.7839999999999994,3.0750358865806526
3.9499999999999997,3.6286279781763326
3.778,3.9468260043518284
3.7319999999999998,3.47612170431702
3.7219999999999995,3.7578681336302338
3.4299999999999993,3.3511079595613262
2.878,3.4562955427083737
2.87,2.8807361128023667
2.484,3.1735921349730827
2.396,2.441846159934248
3.446,2.172121418227543
3.476,3.2717140296400657
3.5400000000000005,3.2976028962401993
3.516,3.4135841076323516
3.5199999999999996,3.604827916773161
3.5400000000000005,3.2634410612180336
3.5000000000000004,3.6706063543428136
3.482,3.565933209375879
3.4959999999999996,3.3031388816178273
3.459999999999999,3.4197511743946083
3.512,3.4822984848271648
3.5139999999999993,3.6269121079856075
3.5400000000000005,3.435501161193163
3.556,3.396989526192145
3.574,3.2273867425211327
3.7579999999999996,3.502749774371091
4.693999999999999,3.9084448452037086
5.07,4.82729462019498
3.9719999999999995,5.0623644852802165
3.924,3.0293370828987967
3.9099999999999997,3.9672153740672256
3.846,3.642310493505974
4.522000000000001,3.8685827475473067
4.212,4.378193516468843
3.7139999999999995,3.9130097737970426
3.3759999999999994,3.9130449790853823
3.352,3.639769307605674
3.3499999999999996,3.6975200474900527
3.344,2.9963716748662006
3.339999999999999,2.9373200375893243
3.318,3.463905118758987
3.2999999999999994,3.2588655599295975
3.286,3.232350525703952
3.2839999999999994,3.164673394506972
3.2839999999999994,3.308920092538665
3.2979999999999996,3.445161793658606
3.276,3.3903504576251007
3.2919999999999994,3.036322579908407
3.3499999999999996,3.2266140206227365
3.3379999999999996,3.1477429340972893
3.32,3.3467288089899947
3.3019999999999996,3.2677930293927204
3.32,3.4212684499646944
3.322,3.3447878901739405
3.396,3.1874687246349644
3.4039999999999995,3.4833735789417477
4.842,3.453459125369739
4.441999999999999,5.21062403870446
3.4399999999999995,4.285954237689039
3.506,3.3374694455488108
3.504,3.7210539074092703
3.49,3.075928796444871
3.476,3.6801075032641513
3.4579999999999997,3.4051787289141355
3.4559999999999995,3.476005504579206
3.4479999999999995,3.4490394799954305
3.434,3.3988139028292768
3.394,3.7265853532032107
3.4399999999999995,3.2212876019144767
3.4259999999999997,3.389810937951816
3.428,3.4111044869320826
3.4039999999999995,3.1223962209852036
3.36,3.2067940009574243
3.3499999999999996,3.202528001642391
3.358,3.366624556544726
3.358,3.4642021909377227
3.366,3.329362895482242
3.352,3.3451629363628523
3.3499999999999996,3.089003344563318
3.36,3.181573026030283
3.3719999999999994,3.2006086662832423
3.3859999999999997,3.5911757511607387
3.3739999999999997,3.441048768350059
3.3419999999999996,3.2764346782896108
3.358,3.379504410833549
3.3379999999999996,3.475453216488083
3.3899999999999992,3.483112237401136
3.398,3.4154179819283983
3.402,3.3744118077865553
3.4119999999999995,3.3800718875302134
3.4259999999999997,3.395153398956323
3.4219999999999997,3.391105114552919
3.419999999999999,3.403174492411032
3.4039999999999995,3.403400896335516
3.394,3.3860282698692177
3.432,3.387709259096327
3.5179999999999993,3.4054148636074926
3.5099999999999993,3.4960752353240343
3.5219999999999994,3.4761472529144566
3.516,3.507148946943554
3.544,3.506569633947943
3.5579999999999994,3.515589389075912
3.544,3.5404630762740634
3.5359999999999996,3.501384962508053
3.4699999999999993,3.518935174272357
3.468,3.438122670157049
3.464,3.4629203511799056
3.4519999999999995,3.4489797365426638
3.442,3.4163953387145742
3.4,3.4331230111033855
3.406,3.3632134518473125
3.4139999999999997,3.3968754693852308
3.3359999999999994,3.378473986241948
3.3419999999999996,3.2976838461125833
3.37,3.3334567060203635
3.352,3.332236841125112
3.384,3.316838742607268
3.3679999999999994,3.3637327238577663
3.388,3.305303479194857
3.396,3.3592840644456965
3.4039999999999995,3.3643338896458683
3.41,3.370750662930717
3.392,3.382531755566802
3.392,3.335551227855329
3.4399999999999995,3.355764650205449
3.3899999999999992,3.4112290062194717
3.3779999999999997,3.3586677328688745
3.36,3.372013063238185
1.9359999999999997,3.3370721017409695
1.304,2.0774726575909463
1.31,1.7447764991503807
1.374,1.4973146682300673
1.53,1.7314979050597623
1.614,1.7984474210630184
1.698,1.9091242686678034
1.558,1.9300040996741599
1.51,1.5734261071802085
1.5640000000000003,1.3568032932696663
1.604,1.5686523326406259
1.598,1.5912312404930784
1.586,1.5486404881696973
1.5640000000000003,1.5663774361506972
1.5539999999999998,1.6051950166246018
1.556,1.6468403178199085
1.55,1.6451564576678166
1.6,1.524500295455481
1.778,1.690292815449529
1.7299999999999998,1.7055872572276343
1.732,1.6391000866134717
1.7500000000000002,1.7119315135142559
1.756,1.7767132176371194
1.672,1.7845608216757125
1.638,1.4654463603156433
1.63,1.5644513530554316
1.63,1.706318163196847
1.626,1.7637322381879061
1.63,1.6641927461602384
1.6320000000000001,1.5479078697835618
1.628,1.6035420767144264
1.628,1.607600233186008
1.626,1.614844866373749
1.618,1.6332600529194086
1.622,1.6269759034089253
1.62,1.6223741527313449
1.6,1.6281695004389602
1.608,1.6004713413461797
1.332,1.6235129931205405
1.308,1.3240578889489971
1.322,1.338517461858768
1.31,1.3211099472010095
1.382,1.3463540295451382
1.418,1.4137772522937238
1.412,1.4446749096582818
1.404,1.4358640982894324
1.396,1.4133416241674193
1.398,1.418214405856674
1.4,1.4147261474842456
1.404,1.42702579617172
1.4560000000000002,1.4326935506595322
1.474,1.4945441682984364
1.468,1.5045357328923474
1.462,1.5025280110200707
1.47,1.463642933247232
1.448,1.4999248938039635
1.372,1.4575214909698282
1.374,1.3902492994492617
1.386,1.4055940775923168
1.386,1.423286516693675
1.312,1.4116454422597422
1.31,1.3225603022179426
1.298,1.3188344730487203
1.294,1.314886387142139
1.29,1.323588066313939
1.286,1.3036409685416632
1.29,1.3098655174121192
1.292,1.3082687093145695
1.288,1.3067719435498457
1.296,1.3090755938394083
1.304,1.3136780777193449
1.304,1.3118186240165155
1.292,1.3183502758240473
1.292,1.310462170055551
1.292,1.3088688656992231
1.324,1.3079348242249147
1.296,1.34761229059924
1.31,1.3183474419493602
1.314,1.3254236345811428
1.4,1.3213993388995167
1.422,1.428316975153248
1.4159999999999997,1.4505473732111707
1.4059999999999997,1.434473594058549
1.41,1.4092082588478265
1.4059999999999997,1.4160119619518121
1.39,1.4264726721212952
1.402,1.40617533001351
1.4059999999999997,1.4120724019427713
1.422,1.4141980956707274
1.42,1.4388417628815349
1.42,1.4330095369958877
1.432,1.430264226914314
1.464,1.4385639857937162
1.394,1.4793922239725874
1.386,1.3884548665259207
1.392,1.4013383889697306
1.388,1.3857992976757352
1.384,1.4053932708347376
1.388,1.3994244644506082
1.386,1.3965383048140927
1.354,1.3799684207261151
1.288,1.359377264293983
1.284,1.292140290479504
1.29,1.2909010839938657
1.296,1.2960231821753105
1.29,1.3118282632747726
1.29,1.3065431101078604
1.296,1.2988584953472593
1.306,1.3040914856139234
1.306,1.3207727924743689
1.31,1.330705479220136
1.3,1.319657817923214
1.29,1.3084598720313347
1.292,1.3021975529998089
1.298,1.315484179758619
1.308,1.319337458277825
1.324,1.3263680084014535
1.408,1.3399988799143692
1.402,1.4410528928660569
1.654,1.410464331185519
1.824,1.7209873518769874
1.814,1.8359287170178984
1.8,1.8282371332524743
1.79,1.8194853931929411
1.788,1.7738435765413672
1.786,1.7900874282391448
1.7800000000000002,1.8076860001552626
1.79,1.7845091074554487
1.796,1.7867709164849155
1.796,1.7894780780123993
1.71,1.8025969035975433
1.704,1.706532044367725
1.69,1.714340051966571
1.7500000000000002,1.6805370682064293
1.754,1.7522059371761831
1.764,1.7766090236433887
1.778,1.755071541217809
1.796,1.7806062304614674
1.792,1.794813816861516
1.784,1.7997220639591125
1.7800000000000002,1.7677730793365487
1.7700000000000002,1.7703358418322008
1.7,1.7592390667467146
1.688,1.723972609004182
1.692,1.6967993628455738
1.692,1.7028266862209958
1.634,1.6849064832057588
1.636,1.644266465107937
1.64,1.646494906751191
1.634,1.6602097821972814
1.6320000000000001,1.6436126204533341
1.61,1.6532839236662316
1.4460000000000002,1.6177775171855182
1.404,1.4699239069830898
1.438,1.4100346981155243
1.396,1.4656554911426567
1.388,1.4235239269749627
1.396,1.4258618388034419
1.398,1.4163127536708109
1.396,1.4239501965384347
1.39,1.4166509432904444
1.362,1.4215314274128092
1.4560000000000002,1.3798095973412083
1.668,1.4990622287559505
1.5740000000000003,1.7310687795754953
1.382,1.5855450844947763
1.376,1.3841035286858148
1.448,1.3913196001529786
4.112,1.4626189821398845
4.234,4.722523200905348
4.388,3.71583949898233
2.096,4.402035065693121
1.626,2.237184454764429
2.032,2.37133610608178
2.5879999999999996,2.794465021191924
2.5699999999999994,2.7527194595967686
1.914,3.28798557784639
1.764,1.4845333135057526
1.756,1.4898039633757758
1.7600000000000002,1.7548774255926047
1.762,1.9519392488710088
1.738,1.5422966699181864
1.552,1.6020740063785792
1.482,1.9263722691353509
1.438,1.4127868816581783
1.448,1.7371280866431953
1.45,1.5227484307551862
1.438,0.7559657488498647
1.438,1.7424895373139755
1.4460000000000002,1.7634069825273242
1.4560000000000002,1.023163779926799
1.454,1.7448838929552273
1.454,0.8726140933809665
1.4560000000000002,1.1822769874406382
1.448,1.3055568758652663
1.448,1.292519125429077
1.4359999999999997,1.3988069355095327
1.394,1.3619377389835758
1.638,1.3876574139323972
1.482,1.5740862144129615
1.392,1.295240173812328
1.39,1.436333979958894
1.388,1.3850998636008127
1.484,1.4423875591042077
1.6320000000000001,1.5339462442223324
1.696,1.6518494437981404
1.704,1.7024968066761688
1.684,1.6869775627646233
1.69,1.6874669565545481
1.698,1.6921711499171859
1.686,1.706559117972131
1.502,1.6760020157500515
1.444,1.4868665774558805
1.424,1.45075614701987
1.434,1.4235572182670113
1.448,1.4375775728592677
1.438,1.5010996536900436
1.4560000000000002,1.4242471102689822
1.46,1.445449214734123
1.46,1.444880253827255
1.458,1.4963024941167415
1.4059999999999997,1.4649942645932905
1.386,1.436150873640962
1.39,1.3756614544901928
1.38,1.4109470747248287
1.38,1.3928637852133334
1.392,1.3995639562993742
1.39,1.4306579789229708
1.388,1.4151235087303815
1.39,1.403036931746586
1.372,1.4099173742061057
1.3679999999999999,1.3869846600366342
1.374,1.3978778511623517
1.362,1.39466818464544
1.39,1.3751664914123989
1.4,1.4119231237481211
1.402,1.4199188016030786
1.404,1.4245999300044863
1.388,1.4216131541967623
1.41,1.4012364875748884
1.412,1.4326266666481358
1.4059999999999997,1.427680836516418
1.412,1.4258504057840957
1.4059999999999997,1.4248892594387161
1.396,1.4143445746888366
1.404,1.4080125315051482
1.414,1.4181828630947786
1.41,1.4289667410367355
1.422,1.4194089280325473
1.4159999999999997,1.4364825197201354
1.434,1.428429074717197
1.49,1.44752810896192
1.488,1.5105578992393616
1.486,1.4960757456153484
1.486,1.4981238349503239
1.494,1.4905971063418897
1.494,1.4992446622256956
1.494,1.5065451161424195
1.478,1.5080096414741397
1.46,1.4835095441394999
1.428,1.4622657111530717
1.394,1.4323496282976445
1.396,1.398420342596946
1.4,1.407284193277987
1.402,1.4104254700358685
1.4,1.409712803950411
1.402,1.4119014884980263
1.412,1.4089365446185194
1.414,1.4205771831858727
1.404,1.428941469947531
1.408,1.4140614902256732
1.402,1.4177742772709996
1.396,1.4079250775756107
1.386,1.410818823060746
1.392,1.4013918608681386
1.402,1.4113825369213213
1.404,1.4147643730207269
1.402,1.4192045657987655
1.4059999999999997,1.4173692183889488
1.412,1.4177006734489077
1.41,1.42524725712941
1.45,1.425998972604704
1.486,1.472756899084835
1.504,1.5001626796082987
1.504,1.517006741223663
1.502,1.5141235226942182
1.488,1.511876496050019
1.326,1.494703631513242
0.388,1.3166300244068625
0.39,0.35829049863076756
0.436,0.4358577455426074
0.468,0.4488027387434793
0.472,0.5423187173562345
0.476,0.5431058637817858
0.476,0.46215618871641884
0.472,0.4647277882760689
0.466,0.5097910997578663
0.46199999999999997,0.5238570414706794
0.454,0.5208966836998808
0.454,0.3457092078578382
0.382,0.4846391625961188
0.384,0.3990329750489161
0.384,0.3838844564782602
0.38,0.3562996099070679
0.38,0.4448992392396013
0.378,0.42949240025740676
0.374,0.39553233452815206
0.36400000000000005,0.41023972848320966
0.30999999999999994,0.4264683400764391
0.30999999999999994,0.38358750677852704
0.308,0.35999771338691394
0.302,0.3230727796610244
0.302,0.40731282020304005
0.302,0.3239556845789064
0.3,0.27800481672764416
0.296,0.37698670002056855
0.298,0.3319425371280324
0.298,0.30911413243089614
0.298,0.3178256437457083
0.298,0.3284054315981523
0.298,0.3183070212313579
0.298,0.3221084783958779
0.302,0.3386326166133553
0.306,0.3256283798709016
0.304,0.3403421429819843
0.296,0.3320400926257106
0.294,0.3280683108586344
0.296,0.3309903797844232
0.296,0.31860136708539116
0.334,0.3197224159624672
0.376,0.37500432067786676
0.376,0.401118448978424
0.374,0.4062677130934651
0.374,0.4001554185903047
0.372,0.3988535639134812
0.37,0.39363037487714364
0.37,0.3965902009840469
0.374,0.3898615638255637
0.378,0.3886177808516143
0.314,0.396496945451386
0.298,0.31797563400295753
0.296,0.2993711678515419
0.296,0.3027012924945176
0.296,0.3072623971293253
0.296,0.31443219087310886
0.296,0.30564941356591807
0.296,0.30371102640591047
0.296,0.3192014379474529
0.296,0.3071803073481479
0.292,0.3158925081600247
0.294,0.32454474890623014
0.296,0.31804477426234035
0.3,0.32920673786693916
0.306,0.33074095601687004
0.304,0.33778953189411154
0.304,0.32517190514940886
0.302,0.32141741989458095
0.302,0.32537115009734624
0.302,0.3403059548000969
0.296,0.32805246199553256
0.294,0.3152427088733257
0.294,0.3276564058372229
0.294,0.31362137681903074
0.294,0.3223370714643728
0.294,0.3207678303517117
0.298,0.3240029875388409
0.296,0.3280091143489729
0.302,0.32382180470200767
0.304,0.3276693341506556
0.394,0.33107489464010825
0.378,0.43471228582232524
0.38,0.4110288522510029
0.38,0.40174889548080067
0.378,0.40435655646048235
0.378,0.3915268599601258
0.374,0.40373564287688996
0.374,0.4031053358648475
0.372,0.37912538959269293
0.306,0.3925026747808713
0.294,0.30662910229576973
0.294,0.29441685731785855
0.294,0.306723650344533
0.298,0.29911651131457045
0.3,0.31888461134259055
0.3,0.3036364806944747
0.302,0.31223298895746204
0.3,0.3259271081081628
0.3,0.31593412027651857
0.298,0.31088780579636177
0.298,0.332073714656144
0.298,0.3321483970231729
0.298,0.31460064762289225
0.298,0.33966732312761194
0.298,0.31950413653312554
0.286,0.3257066485489575
0.286,0.2992528080367447
0.286,0.30723412448095067
0.29,0.3246486334893813
0.292,0.31503905586819597
0.292,0.3142820991240238
0.29,0.327337089644413
0.294,0.3079394617470953
0.294,0.32605068052012265
0.292,0.3230029851812043
0.292,0.3248336733718321
0.292,0.32540771982026523
0.29,0.32021617023717686
0.29,0.3169997875885109
0.358,0.3187818062109895
0.358,0.3970670460793647
0.358,0.39202582386160334
0.358,0.38408489327338874
0.362,0.3836377481480963
0.362,0.3819655196126462
0.358,0.3880192761853957
0.358,0.38651036689572843
0.358,0.3716327255773814
0.324,0.37641984138212226
0.28800000000000003,0.33712487087036974
0.298,0.2937603497360451
0.944,0.31162973941531713
0.938,1.124521480593588
0.936,0.9853516843880438
0.9339999999999999,0.937212039116567
0.96,0.9760718591572688
1.108,0.8986630691680029
1.122,1.1482108333580354
1.546,1.0788978267160911
1.18,1.4729698079569076
1.244,1.0503541467631412
1.162,1.2411288210444693
1.168,1.0838609728513031
1.184,1.0754661250335489
1.166,1.2206000081892807
1.154,1.1647204649498357
1.342,1.1458002797157807
1.532,1.3870431939917265
1.476,1.6380800153138344
1.458,1.5306508361601232
1.454,1.5296561179950277
1.452,1.4537035550727602
1.458,1.6511236174474537
1.462,1.3023675733169378
1.462,1.4236119317469045
1.57,1.4765309143545136
1.712,1.6187566066149341
1.722,1.7840641890139608
1.732,1.736803026956492
1.752,1.6658841343211381
1.722,1.7162916812109128
1.674,1.7211344812361922
1.622,1.6813839139452182
1.692,1.643445823414729
1.448,1.6795066215775722
1.764,1.4186155851926365
1.536,1.8476089642745133
1.424,1.5175574239262268
1.516,1.4287771001987146
1.636,1.507217562254114
1.7500000000000002,1.61180710042699
1.4159999999999997,1.7632875800049639
1.3579999999999999,1.3969260303674869
1.36,1.387867810688267
1.51,1.3306609773338627
1.48,1.5838240092239186
1.37,1.4788850135111227
1.424,1.3834106022991335
1.698,1.4453700714944384
1.682,1.749642835664092
1.608,1.7092008526047133
1.386,1.6392210020586346
1.412,1.3680879437441047
1.4,1.4385902120146206
1.398,1.370130059400652
1.398,1.4761660273022912
1.402,1.4078636459058178
1.4259999999999997,1.4128701328418063
1.576,1.4191254014743222
1.458,1.5978836285214413
1.338,1.46773318837593
1.352,1.2974271492681329
1.342,1.4215221189370753
1.61,1.3361510331127604
1.4,1.7042846340208937
1.504,1.3545457130231982
1.432,1.5502327022136888
2.564,1.3660027212992474
3.5199999999999996,2.9531490972027425
3.5319999999999996,3.4529936636183534
3.556,3.214796439658701
3.7459999999999996,3.384283467521777
3.756,3.852541741011288
3.8259999999999996,3.586970341217909
3.88,3.862432579085825
3.468,3.926057722267415
3.3899999999999992,3.4374940343373677
3.3819999999999997,3.5024282610424082
3.3759999999999994,3.3655868047721444
3.358,3.3568527029131627
2.32,3.6088046608465234
1.298,2.1487880149904064
1.296,1.128090886095591
1.236,1.1374075413085611
1.18,1.220207581946359
1.18,0.8055790135735006
1.204,1.1000987583277249
1.2299999999999998,1.6554443364210085
1.228,1.1388301333701085
1.216,1.6044313983020912
1.518,1.3869111774831677
1.512,1.556012824831327
1.476,1.5408069335222674
1.496,1.2294219504302624
1.512,1.4501419642363396
1.516,1.5811182954083334
1.4359999999999997,1.4089747893531657
1.576,1.2504284968561792
2.002,1.5658413316020288
1.706,2.073557317155897
1.5,1.6948741629873307
1.482,1.4404664857054064
1.338,1.4570533882966152
1.246,1.1574874103859902
1.218,1.0577515770482995
1.216,1.0266764093802299
1.2199999999999998,1.3676338283439182
1.218,1.4084760829631977
1.218,1.3624344167952744
1.222,1.2104632715705899
1.528,1.1887431660115724
1.37,1.4802387442961944
1.256,1.3423400038481963
1.256,1.2917635552399842
1.258,1.2422657999408366
1.262,1.252356328574114
1.254,1.3886359963557018
1.252,1.299224953321661
1.252,1.2587616951205618
1.244,1.257194887776664
1.242,1.3073249651312961
1.2399999999999998,1.2866330293835224
1.2399999999999998,1.256826469049153
1.252,1.2600201283700785
1.254,1.2562850518205926
1.2499999999999998,1.3395168115312333
1.262,1.2424177974642368
1.334,1.2607354376846598
1.482,1.3987121391890363
1.654,1.5165162695751508
1.722,1.7169672203180568
1.704,1.7133855056400678
1.716,1.707539116153033
1.728,1.7455097422891455
1.726,1.753947989212782
2.236,1.7476284896311123
2.9199999999999995,2.3349465326834635
2.798,2.971802958480549
2.7639999999999993,2.8082440284540633
2.7460000000000004,2.811935969871512
2.7339999999999995,2.676773839068231
2.7999999999999994,2.604416010363945
2.7779999999999996,2.8870510617924694
2.7679999999999993,2.873619341839204
2.771999999999999,2.7916466080204474
2.638,2.8175852670716526
2.416,2.5954668931567095
2.5339999999999994,2.3905360442290315
2.524,2.7225526435817025
2.518,2.627324252078195
2.492,2.542759530257468
2.4819999999999998,2.4635311139075684
2.4999999999999996,2.3114999568261703
2.6959999999999997,2.4576084610717523
2.828,2.7335617285824143
2.8539999999999996,2.804334478183481
2.8479999999999994,2.6960450609644195
2.8359999999999994,2.7812708303682543
2.828,2.8995897240943367
2.83,2.903248185585514
3.7319999999999998,2.9163954285873044
4.986,3.6808354243687895
4.614,4.506033148417185
4.602,4.255151390698264
4.63,4.776917545552273
4.602,4.377355105136699
4.634,4.596695078848688
4.682,4.459782833120632
4.658,4.603988449048751
4.56,4.874613117334259
4.572,4.665753416505873
4.228,4.618201577607833
2.4719999999999995,4.2713197905225595
2.402,2.3809365908880826
4.106,2.161384281743572
5.27,4.40587749552562
4.714,4.208653680017282
2.692,4.266814759819793
4.448,3.802496622103361
6.618,5.0288766148854345
7.166,6.793588127805509
6.422000000000001,7.151590834199993
4.446,7.055736680755165
4.476,4.071586316579063
4.472,3.783485512896628
4.556,3.5983382724828212
4.592,5.168447456231176
3.836,4.08556743091265
3.506,2.131827010572351
3.4879999999999995,2.284537061787553
3.49,5.653191187616124
3.3059999999999996,4.971949879882571
1.378,4.196683875351151
1.38,2.7816018866106176
1.452,2.2856004626865514
3.542,2.7084330945481896
3.5539999999999994,5.116544452231548
1.562,2.475170228120783
1.374,0.15688565310833344
1.598,0.5586266149774503
3.45,1.6181040598922207
3.4039999999999995,3.576308163672824
3.396,4.758025238292012
3.4139999999999997,3.8335457088775247
3.4139999999999997,2.332227412495769
3.402,2.5700662715697575
3.3779999999999997,5.762694392530043
3.4039999999999995,5.632519280681958
1.3579999999999999,4.62432084925027
1.19,1.7860294573756592
1.174,2.9488276271927574
1.196,2.9648913355985234
1.144,2.050536724390658
1.144,-0.3640833212113752
1.522,1.8238854330979775
1.596,1.7774773854571746
1.668,1.3035049350701413
1.672,1.0973668729720327
1.676,1.576837720748155
1.67,2.332123747361075
1.678,0.3185628630110056
1.672,1.067334837596879
1.664,1.1953569932363153
1.494,1.4066646509982548
1.918,1.098412001666304
2.958,1.1825792752866828
4.484,2.491636008058409
4.026,2.393931929826286
5.522,3.1820824371127023
5.79,7.3396529543193
6.146,6.548114871627798
6.18,10.32227435790965
6.150000000000001,8.277748216850934
6.184,8.87432375044165
6.424,7.046938181813747
6.412,6.601469971236773
6.214,7.834984380779456
6.148,9.58874525621561
6.150000000000001,6.569293762649023
6.086,7.72333351780194
5.928,5.48317454114859
6.664,4.749170452344927
6.692,3.019606038611087
6.66,3.6191631576938086
5.328,2.9662676744153544
4.764,3.3062379725877293
4.718,6.183100692261774
4.676,5.5077701408390025
4.66,6.944844830261035
4.693999999999999,4.540223037838252
4.702,5.417643149988432
4.748000000000001,3.845435184956259
4.75,3.0419062539617525
4.524,2.582517717488887
4.043999999999999,2.4654220894619936
3.894,3.910060423791821
4.54,3.6697490840238993
4.66,4.746206355015664
3.5499999999999994,4.623811119449629
4.622,3.8853385578214743
4.864,4.213295124600983
4.246,3.7267691454516894
4.842,3.9923563452757094
5.454,4.80236694133448
4.1499999999999995,4.829389637832595
5.334,3.5757366260977417
4.926,5.180194937575377
4.098,5.823672307954506
4.562000000000001,3.8068357214018342
4.404,4.129798920890116
2.9320000000000004,5.003197929338883
2.388,2.848220878212178
2.3340000000000005,3.231932305604052
2.368,4.484570310850365
2.278,1.8437849966724311
2.292,1.6082200603867733
2.266,2.700695392933397
2.31,1.7995535546529153
2.106,2.8468940819221746
2.13,1.80063226708187
2.102,1.5509222080787473
2.128,2.108337317104498
2.106,1.7218836221161498
2.138,1.915040243420049
2.126,2.14434625867809
2.15,1.6824350524567835
2.086,1.7146738464576645
2.1,3.2585239515101736
2.074,2.1032690686311417
2.102,1.606846784826599
2.39,2.2674599834263613
2.448,2.3366216661770625
2.492,2.38041303954335
2.638,2.581868599232189
2.914,2.7732648218449465
2.918,2.8152164908442883
2.8079999999999994,2.8619948553072065
2.378,3.0069058561307824
4.524,2.6838620719517134
4.63,4.948759712039644
6.004,3.438683397121435
6.976,6.286487532097651
6.3,4.363220628074516
6.742,6.511635085977712
6.638,6.751643670089238
6.426,5.237173185417929
6.382000000000001,8.039099490698389
6.3,6.821763540167293
6.238,6.615338666852254
4.364,8.204579665121623
4.584,4.630580632183014
4.888,4.770472546812108
4.194,4.632135675591435
4.198,3.692251414279891
4.148,1.323712273745203
4.1499999999999995,2.0842571476044403
4.226,0.5575410413171034
4.254,1.4978729966667454
4.16,3.468848511389904
3.876,4.12093660974964
3.862,4.2385464639024635
3.89,0.9323943825667844
3.884,3.286745909548744
3.8159999999999994,4.054338940995957
3.7199999999999998,3.438455096104605
3.7359999999999993,2.9908211203586905
3.548,2.180607170370752
2.986,3.993600699051301
3.9539999999999997,2.7727181630167235
3.134,3.6925444902009033
3.248,3.424972925752471
3.712,2.5111504640827045
3.7579999999999996,3.4385128855611162
3.0319999999999996,3.6446631760592694
2.954,2.836778532032657
3.772,3.108084269485826
3.77,3.573962348955184
3.092,3.4801851105506763
3.0579999999999994,3.2831808614575855
3.8119999999999994,3.075336952577077
3.5979999999999994,3.7735707786890846
2.6219999999999994,3.777853233871852
3.761999999999999,2.5897593221036055
3.348,3.8323687722765922
2.625999999999999,3.1036974408062394
2.5799999999999996,2.5773071941627803
2.036,3.5855819959030977
1.856,0.7168505187846382
2.138,2.827562451199525
1.612,2.050595837193438
2.5919999999999996,2.3770522607559412
1.16,2.4747319042630105
2.4339999999999997,1.1092910808693701
2.05,1.9154537197678008
1.478,2.1827626306093024
0.7820000000000001,2.321661029963181
0.572,0.2825665045706042
0.48399999999999993,0.5952179942308674
0.5,0.6107602650691829
0.474,0.17281624217506208
0.496,0.9147257264308455
0.476,0.248560022714032
0.448,0.5541558981434583
0.284,0.29648510560395563
0.22000000000000003,-0.16104325421052418
0.24,-0.10927307835695062
0.22000000000000003,-0.14573712332403002
0.24,0.3049371387382478
0.222,-0.14741810973201364
0.24,0.03252119497139887
0.228,-0.14805882877395032
0.304,0.25989149940393974
0.316,0.043360716850605205
0.334,0.3261408382845574
0.426,0.3789120314079505
0.404,0.4647994465045008
0.42,0.2500301695175738
0.4,0.4277490981569939
0.416,0.379815112040528
0.394,0.4530072279012604
0.34199999999999997,0.2480350223727541
0.318,0.240079285076034
0.336,0.23051325562500638
0.316,0.31595349931763705
0.332,0.3186538438476594
0.30999999999999994,0.35816116934644426
0.33,0.28274298629453953
0.30999999999999994,0.33061567504525163
0.276,0.3252189650898267
0.216,0.2601664723896558
0.236,0.2137661098806166
0.216,0.23664654140500135
0.236,0.24998965832963205
0.216,0.244321631029174
0.236,0.2764699568325944
0.216,0.26107958346092436
0.236,0.23735171412899056
0.218,0.27918146498034807
0.238,0.24164700240671777
0.218,0.2893955539167098
0.236,0.2325968078895947
0.23,0.2687359000262822
0.224,0.2857419514910352
0.236,0.2696314001946809
0.216,0.28355516346154147
0.236,0.25915769019208845
0.216,0.28209596302882317
0.234,0.28421821500235084
0.216,0.27387184740413
0.234,0.25488232393658755
0.26,0.28058566958002285
0.306,0.30874040042421264
0.398,0.35649896355416105
0.416,0.4562331584066907
0.392,0.4794249349555849
0.41,0.43890827557219936
0.39,0.44658919565532174
0.40800000000000003,0.4218603065565963
0.38599999999999995,0.4305393813469251
0.348,0.43241334360933886
0.30999999999999994,0.3386776502897942
0.328,0.33613498652508067
0.352,0.3255335817673934
0.52,0.3786150616586916
0.51,0.5712623860477837
0.516,0.5266437564626933
0.458,0.520995019267984
0.424,0.4390810750433503
0.416,0.39976822793628425
0.418,0.4072265611107127
0.382,0.4221375366632046
0.21,0.35250924852921284
0.23,0.19862904905817239
0.21,0.22271662155981323
0.228,0.1975884311088704
0.212,0.2567334149228899
0.23,0.2165282527367193
0.212,0.21906286691688207
0.23,0.19711329615788628
0.214,0.2641312848702653
0.232,0.23788126565644016
0.214,0.27603210438875747
0.234,0.24147297966114564
0.214,0.29715467259856404
0.232,0.3004115441464859
0.214,0.2514622442056274
0.232,0.30477133913732374
0.212,0.2495810042624113
0.232,0.2648675895840373
0.214,0.2500671722648374
0.29,0.27299389429199855
0.394,0.3065952887484709
0.412,0.45823731013464764
0.392,0.4883675653452352
0.40800000000000003,0.41057892915697564
0.3960000000000001,0.45056056766197283
0.39,0.4262592751187363
0.398,0.4509703153290931
0.378,0.4344281423506986
0.33,0.3903019006445384
0.304,0.33761110826907204
0.324,0.31321465575686863
0.304,0.3269922499668327
0.322,0.31124421694170507
0.3,0.3233127308469902
0.228,0.29434978825814023
0.21,0.19129584283327894
0.228,0.21284585301679235
0.212,0.23940097740975258
0.232,0.22035738960180343
0.214,0.2447429036742757
0.232,0.2633884096899387
0.234,0.26513623618520943
0.32000000000000006,0.2786082828686105
0.296,0.38989791195284335
0.314,0.34836199707235443
0.298,0.3247476358483119
0.316,0.3171057261180082
0.298,0.34487648808719074
0.318,0.3350797821594997
0.3,0.3655105598716931
0.316,0.3326675556439853
0.294,0.3449896213331876
0.312,0.3249598430398062
0.292,0.35954291247230064
0.30999999999999994,0.31350994153198053
0.304,0.3279357846809815
0.296,0.3325834961858444
0.308,0.29580323704160905
0.32000000000000006,0.33896763881983544
0.416,0.3483003779113765
0.466,0.45492428058675033
0.482,0.5082474682116949
0.46199999999999997,0.5189367576152292
0.478,0.47894143755463414
0.458,0.4751091367937568
0.474,0.4724271218368938
0.452,0.4899568115965118
0.466,0.45118360089951387
0.42,0.459909794368334
0.34199999999999997,0.41614554558227884
0.306,0.3140851660296942
0.326,0.29056662562606955
0.278,0.3125069508279506
0.234,0.27026299766336237
0.214,0.203393013354734
0.234,0.2055177145376893
0.214,0.22544366337092556
0.232,0.2462362456186506
0.214,0.2370846379061919
0.234,0.23769459011162963
0.216,0.27894879312870274
0.232,0.25723825813895795
0.212,0.2848252874787841
0.23,0.25072616461825514
0.22000000000000003,0.2680933759049484
0.232,0.24426122194778158
0.234,0.2640257544899555
0.222,0.26535748467020015
0.24199999999999997,0.28011962194957934
0.222,0.2697025813135065
0.24,0.2662748647847028
0.22000000000000003,0.29041390540539763
0.24,0.2693346518117805
0.22000000000000003,0.2683604943234143
0.24199999999999997,0.2655846526985803
0.224,0.29633149015870247
0.24199999999999997,0.2671407755321655
0.284,0.28339642500415374
0.356,0.3321864527645518
0.332,0.42365807329145105
0.35,0.3926360369762929
0.394,0.38685748372705575
0.424,0.44069596206725825
0.402,0.4552579387687243
0.42,0.45849949757908887
0.398,0.4362350789312843
0.414,0.4207778720092534
0.394,0.42355468800802715
0.41,0.42690140563761964
0.344,0.4128820931914813
0.336,0.340139400419932
0.24,0.3316111396897186
0.24199999999999997,0.20237131650848353
0.224,0.2313370458343272
0.24199999999999997,0.22289344319817123
0.23,0.2554690764506154
0.236,0.21683101823951015
0.244,0.24973363969936274
0.224,0.2738662299049756
0.244,0.25539441004065266
0.226,0.2608559433526817
0.244,0.2766088650733202
0.224,0.28553219887378545
0.244,0.2510915850151045
0.226,0.2869291015569661
0.244,0.2540672061253792
0.224,0.2918017516939648
0.246,0.257822921584401
0.228,0.2865815941718889
0.248,0.2678826105934641
0.228,0.29650813268230414
0.246,0.27436146832671393
0.226,0.26919973711546347
0.246,0.2861846048042969
0.226,0.26745206941014654
0.244,0.28585276026129064
0.286,0.27353228658914014
0.356,0.35854579323509167
0.334,0.40550829922703147
0.352,0.3927835731533446
0.332,0.3890980880576474
0.348,0.36084050957622116
0.374,0.3810314937071774
0.42,0.42242290875046
0.4,0.46080239940167605
0.416,0.4212517261783433
0.406,0.4433715055228515
0.402,0.4168043531355176
0.412,0.417487190002029
0.392,0.42540122717734563
0.286,0.3981764665645445
0.226,0.25445336958748804
0.244,0.20843688913103944
0.226,0.23743963244991242
0.244,0.24238160455888944
0.226,0.24782687085010052
0.246,0.22736064463169964
0.224,0.2567490793592893
0.246,0.24927065197784146
0.224,0.2798424803060455
0.246,0.2622390439329826
0.224,0.26307781520387097
0.244,0.25429264878010116
0.224,0.28926078262233074
0.246,0.26119196947297574
0.224,0.29003957572902905
0.244,0.27624258165650895
0.224,0.2701271631346612
0.24199999999999997,0.27179898006364256
0.222,0.2890418223504717
0.24,0.2628753660999683
0.222,0.26389225959814405
0.244,0.27930788572223253
0.224,0.27517988838685403
0.244,0.2677336718901363
0.298,0.28501901160407583
0.358,0.3591946690025586
0.346,0.4276107498193079
0.336,0.39891051002940003
0.348,0.37455492468756824
0.324,0.3741884750511248
0.34199999999999997,0.359803216334088
0.324,0.3832944627555663
0.34199999999999997,0.3594426495321513
0.392,0.36240004419863275
0.414,0.43388713769974413
0.392,0.44564445433847694
0.41,0.41358549233914815
0.37,0.42524327143415436
0.366,0.36783321700505023
0.374,0.36568349790097154
0.394,0.392601414259665
0.322,0.39870592363244917
0.322,0.33190285214079246
0.308,0.2975463528029731
0.326,0.3103768185414597
0.306,0.342321256213348
0.322,0.3272676974221146
0.302,0.3266583067776487
0.32000000000000006,0.3154105068342016
0.306,0.32777444502376124
0.324,0.32310011411577816
0.304,0.3408092450278273
0.324,0.30531915128315024
0.304,0.35783229643989006
0.322,0.33525180541283034
0.306,0.33961009316446233
0.312,0.3428399005386765
0.314,0.33603321038651857
0.298,0.32597601236652335
0.314,0.321368627025747
0.294,0.3412416843668123
0.312,0.31567785153855427
0.294,0.32882708239956254
0.392,0.33165571605953775
0.404,0.42214212887447417
0.382,0.438205023404227
0.326,0.4001426221840758
0.344,0.340489212726288
0.324,0.36008957912852496
0.34,0.34729335167116404
0.322,0.373279649439909
0.34199999999999997,0.34237234849863996
0.322,0.35036479132243226
0.34199999999999997,0.344764595901387
0.322,0.3543722760836914
0.36,0.3473742668345736
0.356,0.3632204771221967
0.32000000000000006,0.3875759832050546
0.3,0.3136261765755518
0.34199999999999997,0.31836639956653273
0.32000000000000006,0.36378609230248715
0.322,0.34144776704056146
0.298,0.33414396058132595
0.292,0.30842101947336065
0.224,0.32124623667838054
0.24199999999999997,0.2294440030736263
0.232,0.26668773492022496
0.234,0.2509059537456392
0.246,0.2612876040182976
0.224,0.26134647321559357
0.244,0.2474148033137823
0.224,0.26868264557276916
0.244,0.2790477484539349
0.226,0.27197508104209106
0.248,0.268528347666283
0.234,0.282046450474059
0.254,0.29243723241896885
0.232,0.29378680641795185
0.248,0.2654392965474608
0.226,0.3069076538058701
0.244,0.26229640712929425
0.224,0.28145251889926665
0.34199999999999997,0.27519265596469233
0.334,0.40567319409886354
0.348,0.392084070279251
0.328,0.37522140635283097
0.344,0.3827135976056642
0.324,0.3516506638990701
0.34,0.3835260023975939
0.318,0.3745988316847089
0.34,0.3471347173905372
0.322,0.3719945410250232
0.338,0.34486666935497434
0.318,0.36048539173286376
0.338,0.3354744566390886
0.256,0.3531887410559299
0.238,0.25234091558013444
0.23,0.2346132990793645
0.25,0.23915873151194497
0.312,0.2804485831881427
0.292,0.35022497053055
0.314,0.3008959417647872
0.294,0.334138884551464
0.314,0.3411998975487863
0.294,0.3224031310718287
0.316,0.34748794412118744
0.272,0.3465807376858599
0.244,0.28941181533363386
0.224,0.26328182331233274
0.244,0.24059847732113046
0.224,0.28481063264786094
0.244,0.26438862048907186
0.22000000000000003,0.26751151668343276
0.236,0.24616411281287937
0.216,0.2642232475856199
0.236,0.2639856705557393
0.218,0.24733380437040103
0.238,0.2691135874586708
0.218,0.2494796491191007
0.238,0.28129481641813286
0.226,0.27925116985094334
0.3539999999999999,0.2804480807700146
0.332,0.43596437609105254
0.348,0.3879346407652815
0.328,0.3901015472451404
0.346,0.3616378859278759
0.326,0.37960696872984817
0.338,0.35750030489497725
0.33,0.39155537106854915
0.316,0.34976363461731236
0.33,0.34354075743438406
0.308,0.3577739838807511
0.328,0.3320802253914503
0.30999999999999994,0.34969202430275653
0.262,0.32787556518688155
0.224,0.2521959069852417
0.24199999999999997,0.21645750356747123
0.226,0.2608256021257575
0.246,0.24961822615983154
0.226,0.27476738882347806
0.238,0.22840197778635704
0.218,0.2664524308718494
0.306,0.272051394510678
0.296,0.33541797045169836
0.318,0.37091118324090144
0.298,0.34312119279202064
0.314,0.33739100526782484
0.292,0.32202940012978265
0.308,0.33374397607428535
0.28800000000000003,0.3457239596313383
0.25,0.3290889970296747
0.222,0.27122947468006187
0.24199999999999997,0.24748879868687898
0.224,0.288801616431977
0.24199999999999997,0.2527509617811155
0.224,0.26865561417608114
0.244,0.24966521457031615
0.23,0.25130470747241784
0.236,0.2690429943033966
0.256,0.2724923225298734
0.346,0.29525211285058295
0.358,0.3918084830936212
0.338,0.4139264472760737
0.358,0.3923635056585992
0.338,0.3749445728242597
0.356,0.37987387686920454
0.332,0.38831109566972305
0.352,0.3776916426767035
0.328,0.36577411846501856
0.414,0.3611221763186977
0.41,0.4504419723528856
0.428,0.4361602241028201
0.40800000000000003,0.4584036911257907
0.36400000000000005,0.4133017689341068
0.30999999999999994,0.35341802040550796
0.328,0.30333666577557583
0.856,0.3388791113429409
1.482,0.9891867587426638
1.444,1.5778875550724398
1.454,1.411911961706952
1.434,1.4412635047637563
1.444,1.4602070954976156
1.422,1.3578396051054098
1.44,1.3974287394673035
1.428,1.359725848189207
1.506,1.3424579503091254
1.484,1.4776473888877637
1.484,1.484928744872296
1.484,1.4368377414757891
1.484,1.5207407401965387
1.478,1.53849053788368
1.474,1.520616836735543
1.474,1.5208903871728612
1.4259999999999997,1.514809105483616
1.4159999999999997,1.4562961099320573
1.414,1.4126072510253074
1.3579999999999999,1.392684166855317
1.336,1.3320336666545776
1.372,1.2682316942272551
1.454,1.375249986856004
1.45,1.5048406834695207
1.4460000000000002,1.5139833247627954
1.442,1.5006063410016783
1.438,1.497723730866472
1.4460000000000002,1.4213928941331302
1.452,1.4046402537089728
1.4460000000000002,1.4368752951167085
1.302,1.4592301340282412
0.322,1.2934757531750178
0.314,0.26232966701202215
0.314,0.3598373043747327
0.32000000000000006,0.3433126650078169
0.28,0.360032671669241
0.222,0.3031626213353111
0.22000000000000003,0.22133405012536664
0.216,0.22962149616606822
0.218,0.26460318755490264
0.222,0.26497453734756654
0.222,0.30755708139215004
0.22000000000000003,0.14338573867596202
0.216,0.28682736334197834
0.212,0.30698334521481835
0.218,0.22664730832077418
0.22000000000000003,0.1891395736201708
0.22000000000000003,0.2540194799343514
0.222,0.24595896215574234
0.218,0.19768532804469918
0.244,0.22206572349693815
0.296,0.2709374684907349
0.298,0.3531873826379373
0.296,0.3130082116890671
0.296,0.20644333293815778
0.29,0.302413350092632
0.28800000000000003,0.23111952735031166
0.29,0.23702927739174715
0.292,0.31025461252170694
0.232,0.25700114394844575
0.3,0.2359374683709142
0.322,0.3382442187721878
0.318,0.37429629427706135
0.324,0.3543113583605312
0.322,0.35492377860305424
0.32000000000000006,0.33226028474426306
0.314,0.33462399132531906
0.30999999999999994,0.3574466218724022
0.30999999999999994,0.3264255626569446
0.314,0.3263616474292863
0.312,0.3308791352366586
0.30999999999999994,0.3405602805876965
0.306,0.34197390543018874
0.306,0.3158223580110136
0.268,0.3419975791802657
0.222,0.27119061116968035
0.22000000000000003,0.22736368437344695
0.22000000000000003,0.23618765039256537
0.212,0.25508377364492735
0.212,0.2250211183651474
0.218,0.2403335039740042
0.216,0.26513530978578026
0.216,0.22867995320560983
0.214,0.2696036026196615
0.208,0.25049969095956703
0.21,0.2533863136468066
0.216,0.25196439120674724
0.216,0.25734299197651783
0.216,0.26338572725094317
0.21,0.271608810376637
0.21,0.2606237828857757
0.218,0.2545990489306016
0.27,0.27177843118458217
0.312,0.33788011674973817
0.334,0.3788686524222945
0.38599999999999995,0.37829092743808346
0.48399999999999993,0.4439625649272397
0.71,0.5477011860050448
1.026,0.7744764666869247
4.014,1.0952158328204102
4.978,4.213714613704105
4.518,2.5284237869128687
4.468,3.455420383487324
2.326,2.9829932053378703
2.192,2.834967854635364
2.784,1.3175906145303822
1.302,3.1086135882275694
0.9339999999999999,1.657073881125775
1.086,0.7963789033055689
1.118,1.3212601522637801
1.12,0.8243940511760309
1.108,1.5561158332809075
0.994,0.4899447878085316
0.868,1.4228755812007892
0.806,1.0361024770477205
0.904,1.2373940894691846
1.016,0.7839620533477786
1.5539999999999998,1.117686677870132
1.768,0.7842844442299901
2.0,1.3821472637394587
2.07,1.1714946375300472
2.068,1.9160715397125727
2.058,2.6592081983590954
1.924,1.4285418686289753
1.812,1.8277313244011624
1.816,1.2016089286080138
1.804,0.6758983803472811
1.484,1.806592301678575
1.478,1.269860868322739
1.504,1.2689139797309907
1.57,1.2228943067746858
1.58,1.473592050319609
1.586,1.7313478294680247
1.7,1.6439684741919587
1.254,1.763609163165693
0.888,1.5494937226900953
0.9,1.0561912938333884
0.8900000000000001,1.0818978462457272
0.998,0.9431269989652452
0.952,1.0336597789132593
0.93,1.0751327684981844
0.9239999999999999,1.1451215147692355
0.95,1.0418212351541105
1.002,1.1754146350061092
0.992,1.1586655611839531
0.988,0.9583554883300307
0.988,0.9612228488270754
0.996,0.9905473663325283
1.0,0.9845095339598829
1.054,1.0109654648036703
1.49,1.054654363243454
1.192,1.638385496574287
1.198,1.0703046487786623
1.144,1.2622175595967606
1.356,1.0807394364186118
1.248,1.3964263715271241
1.052,1.3650186103665052
1.096,1.0463247125966604
1.104,1.1735680460783475
1.272,1.1659102876529532
1.712,1.4165421333410682
1.844,1.9055806005832974
1.908,1.7282487796865609
1.896,1.896957766439086
2.142,2.0024193968582384
3.0259999999999994,2.2247007747235936
3.01,3.186620941414519
2.94,3.10091036706639
2.988,3.38905512634722
3.092,3.4111723424924105
3.166,2.999371801816181
3.176,3.4617260894468393
3.2619999999999996,3.442792717921659
3.1280000000000006,3.32202727286634
3.272,3.079001966268017
3.3419999999999996,3.557846111225746
3.3540000000000005,3.256394071856373
3.446,3.2529714724394165
3.4479999999999995,3.6726224904037923
3.242,3.5918048831238
3.1879999999999997,2.8845409856501774
3.1779999999999995,3.067272124285681
3.1599999999999997,3.280301345364215
3.1680000000000006,3.2160612397260735
2.9299999999999997,3.085858867178104
2.324,2.698750154631903
2.362,2.157809346825058
2.412,2.42748101251962
2.5479999999999996,2.353723851564988
2.5399999999999996,2.4737542636457506
2.524,2.621073637152807
2.524,2.632645610035561
2.4339999999999997,2.527790213941733
2.422,2.5262737244535107
2.414,2.4983713367101053
2.408,2.4408619227129615
2.4739999999999998,2.367343321805361
2.238,2.390505182171047
2.082,2.2155650222942915
2.32,2.3491219758047746
2.296,2.2787962393918524
2.564,2.3100317409970406
4.032,2.5429106651337636
4.722,4.256463162966704
4.035999999999999,4.714353431825777
4.596,4.347503758958924
4.109999999999999,5.457287839179968
4.744,3.8136600051046585
6.808,4.958900395790776
6.826,6.388135890110081
6.9,6.8469929782892285
6.898,7.178974145051746
6.919999999999999,4.981503270587935
6.94,5.790018355635114
6.938,5.509420868185606
7.016,5.8036378062250185
7.07,9.072661402552221
8.024,8.61557446065803
9.078,7.880482140459871
8.176,5.5309870258885265
7.068,6.431057725713177
6.698,6.449037038651818
6.218,5.91795606921172
6.816,6.743047405101536
7.026,6.659960766518442
6.074,7.341830232201081
6.962,6.84413020052625
4.936,6.732762870533051
3.92,5.152211270276966
5.188,4.175276447854183
7.132,4.080403550224907
7.076,4.987334381179378
4.84,4.669752143247716
3.9019999999999997,4.37246847800388
5.028,4.699567651595559
6.916,5.573268905094736
7.932,6.047376423514647
6.776,6.5349282010775145
6.426,5.764321307108775
7.938,5.5377893937106935
6.814000000000001,5.751526120025964
6.272,5.169592842173102
5.638000000000001,5.791185725811377
4.072,6.008669533397624
3.53,6.577484569984054
3.742,7.62308688126722
4.5280000000000005,8.089030668157564
3.5099999999999993,7.061870825953833
4.082,5.502400093996692
3.886,6.335677830005582
3.858,6.403587821434044
3.096,5.585898639050419
2.594,6.009579967088738
2.566,3.264994056028141
2.514,2.0475992064848723
2.602,1.114221160573112
2.6599999999999997,3.4824908712674034
2.644,3.7170938900606734
2.674,1.8231675624491686
2.554,1.4421715671464432
2.4719999999999995,2.7138410997263
2.496,2.4566155907692404
2.47,1.6512704638182572
2.488,2.842815842388073
2.4639999999999995,2.8920661153109815
2.4719999999999995,2.748797592935112
2.444,3.6274887402462466
2.4419999999999997,3.68334757524179
2.422,2.761261970908384
2.42,3.093326346002242
2.4359999999999995,2.6838872942827785
2.71,3.138721807421612
2.75,2.8573675673248364
2.59,2.7616112276032245
3.6039999999999996,2.690982071671952
4.434,3.794011475692793
3.9139999999999997,4.582722729696974
4.389999999999999,4.121782069237642
3.8959999999999995,4.542107662633229
5.718,3.7068649205755597
6.656,5.689017700732148
6.668000000000001,5.107632271734802
6.714,7.039271010119018
6.7540000000000004,5.879768936943156
6.788,6.1306184080835955
6.86,6.711169185047571
6.702,6.121241473626156
6.656,6.4923820960891705
6.32,8.69178434016424
4.444,7.573996842330086
6.175999999999999,5.595947224755933
4.464,5.950760881997746
4.466,4.818778928655315
4.035999999999999,4.59340122923959
3.5499999999999994,2.7316885968018867
4.494,3.2518691604186194
4.57,0.3624410769771205
3.9099999999999997,2.703053461788547
3.9579999999999997,2.692071731490739
4.175999999999999,6.533683553881181
3.512,3.75210494414505
3.584,2.5312707530671275
4.28,2.57124208434287
3.3859999999999997,3.5237331499477724
3.742,2.297879567088503
3.822,3.621330235335682
3.18,3.770953748105844
4.42,2.368442203440926
3.25,4.2305748178003855
3.848,4.005199473480159
3.542,3.0830182457282023
3.286,3.6900385024753137
3.356,2.9093029780449213
2.7359999999999998,2.9378582325179883
3.3279999999999994,2.8058784229369316
3.162,3.5762842578578837
2.7359999999999998,3.374880010857209
3.476,3.358461372338246
2.656,2.7495795253612596
3.5000000000000004,3.7315447200757186
2.564,3.1421846591492106
3.504,3.086956361206817
2.256,2.9424565474975664
1.96,2.4197857008828962
1.932,2.0113783216188064
2.016,2.5304829469454404
2.012,1.952275352022667
1.96,1.9120429175250286
1.96,2.713866306921735
1.95,1.9249704853585248
1.876,2.419299208224026
1.7500000000000002,1.6420814526077732
1.702,1.8724001625870108
1.664,2.390971475667362
1.686,1.7079702302669293
1.658,1.9665701123268808
1.776,1.5637122706219726
1.7800000000000002,1.5845520267096016
1.798,1.9483818765475625
1.768,1.567556144875623
1.784,1.7180672725028336
1.754,1.6098674438861158
1.7700000000000002,1.8311804727795047
1.756,1.7264771703217752
1.7800000000000002,1.6785782008458827
1.772,1.933830854486194
1.7700000000000002,1.6608795729149306
1.786,1.8963349911093623
1.774,1.8246786272746758
1.792,1.8786235005638319
1.776,1.8236817224581436
1.784,1.7783789560679537
1.686,1.8161519682251768
1.732,1.7002583894249963
1.786,1.7549180077635302
1.802,1.785254162655595
1.7700000000000002,1.8245024565210128
1.7800000000000002,1.7710591512274945
1.774,1.799692367208371
1.788,1.7694349489642018
1.768,1.7909122039181329
1.802,1.7664503276762342
1.806,1.8041787654320307
1.81,1.8044479350557923
2.022,1.8143101551257674
2.028,2.027383326298912
1.976,2.016516783802918
1.986,1.9726132722372984
2.5079999999999996,1.9668224899437963
3.846,2.5135491262964993
3.1879999999999997,3.6968110729108976
3.77,3.0101582696219276
3.268,3.8017555175603626
3.791999999999999,3.204960383580251
4.032,3.7395832344496096
3.9419999999999997,3.8097136681390817
3.974,3.899746664017269
5.634,3.747464353780982
6.126,4.461325165586895
6.135999999999999,4.169615245414839
6.284,6.427015838488692
6.206,4.55553634289549
6.192,5.461242833947122
6.13,4.866314292646192
6.12,5.345218320048981
6.086,6.698783970561837
6.086,7.617077321399417
6.082,5.92128059335792
6.115999999999999,5.307773536923538
6.114,5.7395053983296505
6.198,4.563811532246526
4.106,5.618030286643279
4.026,4.30993234619394
4.002,5.875187549331267
3.966,2.621751152499309
3.62,3.6985613146554037
3.7539999999999996,3.403879872904818
5.148,5.297465185793197
3.9079999999999995,6.634984744977743
3.6779999999999995,3.8700906751225204
3.8259999999999996,6.029019037766517
5.38,3.601669592678316
3.916,5.228490940164469
3.5499999999999994,4.47256902406285
3.174,3.5832227913724917
2.878,2.8961911140436842
3.366,1.9921808024605707
2.35,2.7140408830747003
3.4439999999999995,2.459883860873136
2.64,2.486163763402795
3.512,2.1969192110056524
2.665999999999999,1.4325294851781998
3.45,2.897713061233303
2.7559999999999993,1.8875218539422922
2.9959999999999996,2.999698861631962
2.8399999999999994,1.664879728439419
2.378,3.061555035719821
2.182,1.8922319268102854
2.012,1.6986696894632332
1.692,2.2598384276440218
1.658,2.2018650909801667
1.622,2.1882858885678655
1.578,1.2617244494901707
1.578,1.134603249518243
1.38,1.112349039943136
1.41,1.9985281277229643
1.392,1.642218923522789
1.5,1.535517750533039
1.42,0.6212882485316537
2.138,1.96983530091528
2.384,1.3721820578487554
1.438,2.728004933728292
2.064,1.642014861325705
1.37,1.8626409965636614
1.382,1.055779447584186
1.4059999999999997,1.636511440073242
1.386,0.9951011435147697
1.394,1.473912117505961
1.3679999999999999,1.8469600041407026
1.39,0.7968638156356829
1.376,1.8920631745650494
1.39,1.412701414555055
1.366,1.3651695605358518
1.354,1.418368688134797
1.294,1.382285821085342
1.308,1.430845796840856
1.292,1.2818318775540616
1.31,1.343627527406081
1.296,1.29611140654365
1.322,1.2931814716207348
1.312,1.426612687663743
1.302,1.3859261342588385
1.314,1.425640398970994
1.292,1.3011737301040214
1.324,1.3281472520012048
1.316,1.3621249814432197
1.334,1.3368910760415296
1.412,1.4040422883642751
1.444,1.3980035340218417
1.42,1.4923226608443056
1.43,1.449684508800063
1.414,1.4550876779694715
1.56,1.4297717112530763
1.55,1.609496034375874
1.526,1.5512387466747022
1.51,1.5530309096141144
1.54,1.5010050705451436
1.524,1.5417570525217599
1.536,1.5356222894539036
1.518,1.5585178899946037
1.538,1.5171968323542075
1.514,1.538953057335793
1.582,1.5188576453741385
1.508,1.6065785943705868
1.516,1.5036482992745381
1.494,1.524821575284074
1.516,1.4879586651565113
1.498,1.5156979169643763
1.512,1.503639638767261
1.412,1.5103214153726496
1.592,1.4095762129561011
1.87,1.621965640673071
1.8,1.9096766765665356
1.932,1.7788167147927525
2.014,1.9654695122160963
2.016,1.9783696577193113
2.016,2.024223211346775
2.104,2.033652525175754
2.088,2.1294510047755266
2.086,2.042112208228516
2.072,2.095072139955016
1.9660000000000002,2.06512310320439
1.88,1.9470033883327504
1.902,1.8806505779693723
1.886,1.8889310873164686
1.888,1.8668959248899766
1.876,1.9208827991626591
2.014,1.8667114433379568
2.17,2.0071764857353616
2.194,2.158310205771312
2.172,2.160171155782281
