Actual_Energy_Demand,Predicted_Energy_Demand
2.568,2.5429762835417624
2.566,2.5511863236957253
2.545999999999999,2.620963960752085
2.5419999999999994,2.552983791588604
2.95,2.4533055282613745
2.732,2.912405391174265
2.564,2.755814201469469
3.5099999999999993,2.4837108571801476
2.532,3.5003151316164614
2.392,2.462031886653265
2.39,2.469189289671717
2.21,2.324042469490842
2.068,2.278740523267524
2.066,2.1801132415996025
2.058,2.1832778259431307
2.1,2.0761150476482992
2.148,2.1025436546370484
2.15,2.147700538978007
2.146,2.1985733492001156
2.158,2.208694166955025
2.158,2.1981459871574036
2.166,2.2147006729186764
2.172,2.2110273293145686
2.16,2.2415638415183157
2.146,2.22243974318862
2.154,2.2341719525936474
2.164,2.2072624236831038
2.158,2.22098758647868
2.144,2.307067231257754
2.142,2.240412233529085
2.148,2.2460072626938246
2.22,2.218374520054554
2.228,2.238250696558881
2.226,2.2461056894298097
2.232,2.2249967224100544
2.296,2.2581406615469413
2.2739999999999996,2.3071042903168446
2.2640000000000002,2.2936003146673425
2.316,2.25399670438939
2.33,2.2896073625193556
2.346,2.3131758893309633
2.346,2.3440551909564116
2.282,2.3506179591254672
2.214,2.277958530922922
2.554,2.25178969367739
2.5919999999999996,2.659021140168545
2.424,2.6303577603905866
2.368,2.3592519534493896
2.336,2.3526712763633086
2.3340000000000005,2.3457840741379066
1.518,2.3511786517255038
1.2700000000000002,1.7891123850410444
1.268,1.7643288720607286
1.272,1.311399386181913
1.274,1.2582895985564913
1.2700000000000002,1.3369010789516707
1.266,1.293527087304015
1.258,1.2711122385424265
1.256,1.2712798940448191
1.2600000000000002,1.3113335238499795
1.252,1.3290436774258316
1.296,1.3245709453268704
1.266,1.3032606980514756
1.246,1.2854721889734722
1.4159999999999997,1.2694910632400027
1.346,1.5342694217453121
1.356,1.2959636440197777
1.344,1.341446859896926
1.336,1.3423390259412822
1.342,1.3360386711881556
1.34,1.3423390259412822
1.34,1.3417013915326803
1.336,1.3423390259412822
1.328,1.3354876550069257
1.328,1.3325484906136633
1.326,1.328764591388318
1.328,1.326496242374221
1.278,1.328764591388318
1.338,1.2759185482912012
1.328,1.330774420707907
1.314,1.3330089226694122
1.308,1.3100732955608452
1.302,1.3091732518834782
1.304,1.3090712927002512
1.292,1.3086849133254845
1.288,1.3100226910734258
1.284,1.2557218760525541
1.2299999999999998,1.2769642379463737
1.232,1.261787705251281
1.2299999999999998,1.2628710356408406
1.2299999999999998,1.2628710356408406
1.228,1.2628710356408406
1.222,1.2611194971793018
1.224,1.2600662971793017
1.226,1.2600662971793017
1.224,1.2611194971793018
1.222,1.2600662971793017
1.228,1.2600662971793017
1.234,1.2611194971793018
1.274,1.2628710356408406
1.342,1.2739853499113665
1.338,1.3469597133817346
1.328,1.3368320913123357
1.324,1.333559938850642
1.328,1.3234474927688575
1.328,1.3297760396252967
1.324,1.3297760396252967
1.324,1.3234474927688575
1.322,1.3234474927688575
1.312,1.3184997643857432
1.318,1.3100732955608452
1.302,1.3153129276612
1.226,1.3100732955608452
1.224,1.252650511843144
1.224,1.2591685508978359
1.222,1.260853550897836
1.226,1.2587699087820485
1.3,1.2624371327213204
1.304,1.3067810075950888
1.306,1.307939816878915
1.306,1.307939816878915
1.306,1.3079953724344704
1.302,1.3079953724344704
1.298,1.3079953724344704
1.294,1.306324539966465
1.282,1.3089467708076452
1.222,1.2559383176805932
1.228,1.2563876702664165
1.2299999999999998,1.2591164340563783
1.234,1.2628710356408406
1.232,1.2628710356408406
1.242,1.2628710356408406
1.226,1.2637792842284112
1.228,1.2611194971793018
1.318,1.2611194971793018
1.332,1.3148804464860466
1.328,1.3325401035558035
1.33,1.334286266959315
1.336,1.3311096011010901
1.34,1.334772655704198
1.336,1.3386979619656514
1.34,1.3370329060608057
1.34,1.3428728287581835
1.294,1.3428728287581835
1.238,1.3503506165050283
1.808,1.2577397762730314
1.734,2.050983970383957
1.336,1.8153056602467148
0.964,1.2940170556751884
1.274,1.1685126284153
1.314,1.341172382537253
1.156,1.2415437397678266
1.096,0.9393666119978118
0.6400000000000001,1.0869218348064393
0.51,0.5917733697779118
0.428,0.46969514362830145
0.482,0.4195545103983593
0.54,0.49544492420718383
0.54,0.5528147752489644
0.542,0.5377526559163623
0.42999999999999994,0.5420791038799293
0.424,0.39998485129942324
0.422,0.4157087412836892
0.422,0.4157322286652447
0.422,0.4601138981574302
0.382,0.41979011955016937
0.348,0.38265433584792446
0.348,0.33010810746734504
0.34,0.31914613461407787
0.46199999999999997,0.37184625112917136
0.448,0.4871282464147757
0.448,0.45032179298078895
0.448,0.4510228534103251
0.446,0.4498442026166744
0.414,0.44920835460476377
0.38599999999999995,0.41532578443456325
0.38599999999999995,0.3949018008775468
0.38599999999999995,0.38118799606091525
0.38599999999999995,0.38381932195516427
0.4,0.38378843883828123
0.464,0.3993729250332394
0.374,0.4754973109266615
0.366,0.38774619873164623
0.368,0.33853721637625245
0.368,0.3642527889101691
0.372,0.36277483795911253
0.372,0.3646965351186474
0.372,0.3612990121145227
0.37,0.3610488698412946
0.37,0.3581484211085091
0.37,0.3614908166448613
0.372,0.36681572767744597
0.37,0.3655573279625697
0.37,0.36319815470450345
0.37,0.36846515413696124
0.37,0.36445122038234745
0.39,0.36011242995593457
0.444,0.38822732191158765
0.39,0.4686886131156952
0.384,0.39342255594876807
0.384,0.38039264335184975
0.382,0.3736802256005265
0.38,0.37416756811356894
0.38,0.37460965366242877
0.5,0.37395454613554696
0.444,0.5299084915933068
0.344,0.452723217208788
0.338,0.3668530860199409
0.338,0.3329372083392563
0.338,0.34028719131577334
0.334,0.34702884324589317
0.33,0.33032413938953153
0.33,0.32685935636084507
0.328,0.32581823045277924
0.326,0.33988431953632325
0.326,0.3319351781808349
0.25,0.32901250946948124
0.234,0.24482194478778704
0.232,0.22781635925103513
0.236,0.22921536735405518
0.236,0.23266237308838994
0.236,0.2360932033439136
0.236,0.2357310204225728
0.236,0.23495841391178912
0.234,0.23512208957738814
0.234,0.23404752077867458
0.234,0.23486770157960543
0.234,0.2337486946254431
0.232,0.23532128859847315
0.842,0.2341121756015363
1.364,1.7416000000000007
1.352,1.4341782727837296
1.338,1.3435308961481682
1.334,1.3185350670154843
1.336,1.309173798654886
1.342,1.322091106209577
1.338,1.3269397094379776
1.414,1.334225208779245
1.4460000000000002,1.5126486504065568
1.516,1.4601801914133257
1.518,1.5017574780817267
1.52,1.5014392154314473
1.514,1.5208416070769446
1.51,1.5190606065684271
1.51,1.503030707578528
1.482,1.5020497825918186
1.434,1.4930781494051253
1.422,1.4624435631086408
1.408,1.4904584817938473
1.402,1.4200232825891246
1.352,1.4231055114796807
1.322,1.3393202279890681
1.326,1.309486162514936
1.33,1.3233963624093945
1.334,1.3269982728992846
1.336,1.3348555563443791
1.336,1.3356216848804956
1.332,1.3356216848804956
1.312,1.3356216848804956
1.314,1.2928966383699343
1.304,1.3078555661115283
1.302,1.3078555661115283
1.31,1.3073672275535344
1.306,1.3073672275535344
1.312,1.3078555661115283
1.318,1.3086849133254845
1.324,1.314412883983833
1.328,1.3225474490914904
1.316,1.3283249797667003
0.492,1.3147992633585992
0.23,0.41313657219973005
0.228,0.2496106066277996
0.228,0.2286166072929294
0.33,0.235270726263096
0.336,0.3500503653539746
0.332,0.3335836932865677
0.332,0.3230470048029218
0.33,0.3284629352553762
0.416,0.32296859376189013
0.404,0.4836617542622778
0.404,0.4390447635965023
0.402,0.4307717414325293
0.398,0.4069173629364608
0.398,0.40230390054063114
0.37,0.4089193655930995
0.302,0.3851141499748375
0.264,0.2752197712665527
0.228,0.24729944608751067
0.228,0.2220172559727718
0.23,0.2320087257828533
0.23,0.23629518544637057
0.23,0.23577563091364342
0.23,0.23173679009637888
0.23,0.23624294804552456
0.23,0.23847040587561685
0.23,0.2350375910981359
0.232,0.23329634354911633
0.232,0.23285572435406987
0.232,0.24717899008343866
0.232,0.23710055019664888
0.232,0.23450778312070333
0.232,0.23450396679654217
0.232,0.24067828242648823
0.232,0.23458916231794305
0.232,0.23522794996870966
0.236,0.2353365213972811
0.238,0.24398301544968343
0.274,0.37476339314644286
0.346,0.3421094259210785
0.34199999999999997,0.37348645783535334
0.338,0.3389266354433088
0.336,0.3353028915598145
0.332,0.34628583362690557
0.332,0.32998137387792353
0.33,0.3267826089217385
0.33,0.32799287654704173
0.332,0.32943439401939456
0.33,0.32679705483249494
0.328,0.3287019092128841
0.278,0.35150861631081765
0.30999999999999994,0.2707604543922261
0.30999999999999994,0.2984999902534299
0.312,0.3008688760106776
0.30999999999999994,0.29930236342362776
0.308,0.2976678397225774
0.308,0.29585677779236375
0.308,0.29450300062619345
0.304,0.2957028158627341
0.232,0.2997319659298507
0.234,0.22258178264338147
0.234,0.22574634481594236
0.236,0.23144422277661975
0.234,0.23307765683726603
0.234,0.2357307765157662
0.236,0.23416879157363138
0.238,0.23515561781756936
0.24,0.2709543254539227
0.238,0.32318454873720026
0.236,0.2830860717082167
0.238,0.23775231633831265
0.236,0.2549285670692082
0.236,0.23686901720179107
0.27,0.2716832560436566
0.346,0.2758231218638041
0.384,0.37020703170592717
0.422,0.4138674076913854
0.424,0.4130236209899843
0.418,0.41832915351692246
0.416,0.41466273001258275
0.42,0.4135611456744238
0.424,0.4130127837880053
0.422,0.41615582864557943
0.422,0.416059597554262
0.42,0.41337244470617196
0.336,0.40441095858630166
0.326,0.3285604853920808
0.324,0.31956434209103185
0.322,0.33827464333332524
0.322,0.3992438521962841
0.318,0.42767413457991577
0.318,0.3103599241224484
0.316,0.3065564681031085
0.398,0.3049004681031085
0.392,0.4044067897709431
0.392,0.39829702322185934
0.392,0.44006409014853853
0.39,0.4403874746146471
0.39,0.41446862056250783
0.39,0.41167325828493434
0.382,0.41614070736414216
0.302,0.3848776680688914
0.244,0.29112680814366565
0.244,0.24338374216537706
0.244,0.24604704995109727
0.24199999999999997,0.24807844032550083
0.24,0.24853909499792645
0.24,0.24659613307169717
0.268,0.2460076746303675
0.3539999999999999,0.25685036963240143
0.35,0.3658330370754812
0.35,0.3711250609333081
0.35,0.35549455613650466
0.348,0.41832555578894876
0.344,0.4151562217113597
0.34199999999999997,0.3614399326155095
0.34199999999999997,0.36974059214288557
0.34,0.3770045150788163
0.34,0.37743156756543156
0.336,0.3878559880199406
0.252,0.4247323568291061
0.24199999999999997,0.2560235551677623
0.24199999999999997,0.259641321366208
0.244,0.25849227119595136
0.244,0.2585359761702234
0.244,0.2619737179817868
0.244,0.26104778619546154
0.244,0.2622823577030593
0.246,0.25831723629460135
0.244,0.259345570063187
0.246,0.25424259169307856
0.246,0.24930811726281216
0.244,0.2478177502283253
0.244,0.24788441689499197
0.246,0.24694556469577347
0.296,0.2505707184908459
0.318,0.3085231678889147
0.314,0.32054642978079706
0.318,0.32094478453803826
0.32000000000000006,0.31778864699701226
0.316,0.32113870870726885
0.314,0.3171274759829793
0.314,0.3167593038000139
0.298,0.3156725282777907
0.356,0.30869516100750005
0.352,0.3749872090459089
0.35,0.35961440669620637
0.35,0.3513421420748235
0.348,0.34574690598256796
0.346,0.34699882178979996
0.344,0.3431595897219246
0.34199999999999997,0.342220837261585
0.34199999999999997,0.33766468116386716
0.34,0.3508022003964939
0.324,0.3957070623083556
0.24199999999999997,0.3242757969330566
0.244,0.2418952871871881
0.24199999999999997,0.24311072625355878
0.24,0.24606967086998105
0.24199999999999997,0.24354755042509882
0.244,0.24417178538251602
0.244,0.24558716677578984
0.24199999999999997,0.2473299695670687
0.24199999999999997,0.2473842027418397
0.244,0.24707266091310176
0.246,0.25109995503074883
0.248,0.24986456074625535
0.246,0.24983270681536524
0.244,0.2510308719257673
0.24199999999999997,0.25124114379978113
0.244,0.25258975188942445
0.25,0.24981794737975024
0.25,0.25072857875636956
0.25,0.25998717748275174
0.252,0.271099276666948
0.252,0.2732227649075948
0.254,0.2718403204631503
0.25,0.2711818002362508
0.264,0.2726439039119153
0.432,0.2736430745815081
0.426,0.602600824159614
0.428,0.42073739468395244
0.42999999999999994,0.4211615191787566
0.42999999999999994,0.4212740309880897
0.428,0.42129817918359974
0.426,0.4165898487458986
0.424,0.41209791082732755
0.348,0.4111141703543942
0.346,0.33385224892019355
0.336,0.3456751462519389
0.246,0.32590636467888096
0.248,0.2573646610213136
0.246,0.25251212688931174
0.248,0.250719332301795
0.248,0.2495223415375935
0.246,0.2487478348980935
0.24199999999999997,0.24910344260702577
0.238,0.24902740120053352
0.238,0.2456149440786193
0.236,0.2470990061479797
0.24,0.23464270426435457
0.24,0.24963794376189632
0.238,0.2502600843549714
0.244,0.24642363292275532
0.244,0.2451939993696286
0.244,0.24764214594182626
0.244,0.2491874570143603
0.244,0.24649386737054096
0.244,0.24979105889223688
0.244,0.2518539505666038
0.244,0.2643425420059729
0.238,0.2642719175243484
0.24,0.265589680426945
0.24199999999999997,0.27886067057146807
0.368,0.292104432153389
0.35,0.38285311599861566
0.346,0.39302054646734785
0.346,0.3485111086308562
0.35,0.4053417607353272
0.35,0.38924811324291486
0.348,0.34759203077026163
0.346,0.3461587579488918
0.346,0.3432387160090258
0.404,0.34441075365631
0.404,0.4005809907026903
0.312,0.39887910963937073
0.336,0.3084875555253114
0.334,0.3291431317730623
0.32000000000000006,0.3885830070011322
0.314,0.3249736827767776
0.312,0.3059950188879254
0.278,0.3020847395558498
0.238,0.25658372747226327
0.246,0.2395717529192408
0.248,0.24429456558723886
0.246,0.2467879140866116
0.24199999999999997,0.2483750300744939
0.236,0.24718923403293155
0.236,0.23289211307807806
0.236,0.2335084629611008
0.236,0.23524503898228374
0.236,0.23487891183868867
0.238,0.2345792179272933
0.314,0.24867649872100656
0.322,0.34315880622226896
0.32000000000000006,0.32505900199532745
0.318,0.3201769862395961
0.32000000000000006,0.31820900872652047
0.346,0.3175864662080694
0.436,0.38293235427092603
0.42999999999999994,0.46724083118955323
0.426,0.4221941717541355
0.424,0.4180110348830929
0.424,0.41952472919846745
0.424,0.41790305978001213
0.422,0.41675938517817
0.42,0.41766119147014596
0.416,0.40692351224131734
0.416,0.40633084362991806
0.414,0.39569302872530804
0.316,0.39404082888941777
0.316,0.31438465951989175
0.314,0.3040345520117231
0.312,0.30906541251110264
0.312,0.30932259783376154
0.312,0.30847708383547623
0.312,0.30560541610052133
0.312,0.3047623483307393
0.392,0.30273598548736574
0.338,0.4070180952889111
0.314,0.46803698887902334
0.314,0.3480329361059642
0.314,0.3149587470109057
0.30999999999999994,0.3099614249466283
0.308,0.3130624883082454
0.304,0.31661527194503036
0.24,0.31285309913927584
0.238,0.23876321403835493
0.24,0.24151351925971185
0.24,0.24473835610523662
0.238,0.24532572185525015
0.236,0.24397571404401874
0.234,0.23459837252780238
0.234,0.23479890681719384
0.344,0.2350225107058217
0.344,0.4292844918993493
0.34,0.45841092456501914
0.34,0.3328562219448146
0.34,0.36435641613116726
0.338,0.36548032669751834
0.336,0.3350590475993064
0.336,0.34939668394185713
0.332,0.334188918510601
0.332,0.3337471950371115
0.334,0.33482334313113166
0.264,0.4733157513132382
0.238,0.2540012130229007
0.236,0.25545869969404267
0.234,0.237574362951635
0.234,0.2443811337374649
0.236,0.23966062385545153
0.236,0.23573607646521128
0.234,0.23657854221863597
0.232,0.23990004112884075
0.232,0.23225857532995595
0.232,0.22851851386061442
0.234,0.22913976778316245
0.234,0.23241292436380764
0.24199999999999997,0.23725928619102113
0.24199999999999997,0.2523073419839969
0.24,0.2655819278003573
0.24199999999999997,0.3077391486382358
0.306,0.3466181011270256
0.312,0.31339067412739485
0.314,0.3186561883111878
0.318,0.3202069710755719
0.316,0.3173906971509561
0.312,0.31738335968348264
0.314,0.31304119429900534
0.418,0.31609068045892297
0.358,0.4166984841137243
0.35,0.3821561804203502
0.348,0.3363437665574591
0.35,0.35788046272273055
0.352,0.34520875186852906
0.348,0.35110813533790264
0.346,0.3487185945029741
0.34,0.33886821659089655
0.338,0.34734738549182453
0.338,0.36018938829638397
0.266,0.35948373994473565
0.244,0.24876402777044115
0.246,0.2486171996345768
0.248,0.24358278162094285
0.248,0.2446291488330313
0.246,0.24554174732744952
0.244,0.24914130287588962
0.244,0.2488097255124283
0.244,0.24731794083408515
0.244,0.24804688359967159
0.244,0.24807466026637723
0.246,0.25012051052055595
0.246,0.24777941281297397
0.246,0.24920236327727188
0.246,0.24992175597992827
0.24199999999999997,0.2499951179730048
0.24,0.2545249784005559
0.24199999999999997,0.24784765325630512
0.24199999999999997,0.24985828790022035
0.24,0.25852527557094757
0.24199999999999997,0.26214732891259335
0.24199999999999997,0.2638944041200386
0.24199999999999997,0.2650398364874888
0.24199999999999997,0.27175517927165227
0.278,0.2800880408529475
0.3539999999999999,0.3172075782358959
0.35,0.3775728017297491
0.428,0.36907728860002254
0.422,0.4127671257050232
0.422,0.4163580734978352
0.42,0.4176671063699663
0.416,0.4011256620145386
0.416,0.3973319791106539
0.40800000000000003,0.39725083879953843
0.40800000000000003,0.39488462228264515
0.3539999999999999,0.3897996257406216
0.24,0.3575693034430517
0.24,0.2578389467355993
0.24199999999999997,0.2535557228937382
0.24199999999999997,0.25130892622593237
0.24199999999999997,0.25218144414355415
0.24199999999999997,0.25288433625772927
0.238,0.25146499755905016
0.236,0.24830797414522396
0.236,0.23340913495213525
0.24,0.23523875530167465
0.24,0.2550812964761835
0.24199999999999997,0.25278008435497135
0.236,0.24711794376189633
0.236,0.2520727047005185
0.238,0.23743342483372634
0.238,0.2472207800215738
0.238,0.25020784901418736
0.236,0.2449997186147413
0.236,0.23902318462577776
0.256,0.23947660238841512
0.374,0.27689917832327193
3.4079999999999995,0.43527587277303786
4.656,4.436480000000002
3.624,2.8867600000000007
1.764,2.7229180000000004
1.722,1.8318476404494382
3.064,1.902042127659574
1.32,2.8938440928511473
0.546,1.7836342857142857
0.6400000000000001,1.4375400000000003
0.644,0.8112672707163555
0.642,0.7189120708598475
0.642,0.6450659699786097
0.644,0.5922302904047175
0.666,0.6028417396022063
0.636,0.7320489868178752
0.616,0.6172613738372761
0.608,0.604008778635384
0.598,0.5861736217871701
0.602,0.5844163916272826
0.602,0.5960408383526233
0.6,0.5950924012238388
0.602,0.5937337774312056
0.546,0.5956449033009084
0.532,0.5714160982736668
0.526,0.5726983495525226
0.616,0.5214569310678456
0.616,0.5888992027663731
0.618,0.5876549013847379
0.6099999999999999,0.6240036146948168
0.6,0.6120757501596696
0.628,0.5966288217535444
0.636,0.6585121464435023
0.636,0.6481855471934841
0.628,0.6390521842449183
0.6199999999999999,0.6251481894818935
0.618,0.6204496468120358
0.634,0.621895633167728
0.696,0.6278009185108796
0.768,0.7455803138988452
0.7920000000000001,0.7385676549179909
0.784,0.7842670237094452
0.788,0.7949014463021224
0.786,0.7890303795919965
0.78,0.8012670224491394
0.818,0.7717381518512038
1.8579999999999999,0.8076885885467727
1.96,1.6362739497906482
1.884,1.7478078916364979
1.842,1.8790853625080222
1.872,1.91913525282897
3.6799999999999997,1.7751687966021807
3.33,3.776555952147087
3.272,3.115777501382717
3.193999999999999,3.143295159235375
3.1419999999999995,2.7911036171421064
3.1639999999999997,3.1472218457224392
3.174,3.1708177971690734
3.184,3.2008723873659153
3.2439999999999993,3.198104695563537
3.2299999999999995,3.275769773572562
3.22,3.146746202862344
3.136,3.145584029731944
3.273999999999999,3.068319279874264
4.578,3.329437684563027
4.5280000000000005,4.284103854517024
2.1,4.107297686653308
2.424,2.1911414973435934
2.6619999999999995,2.652236288455858
2.36,3.09710353451411
2.236,2.446596633166044
2.208,2.4516542703417366
2.168,2.489090582665623
1.646,2.348594183111823
1.582,1.9468184546039162
1.5,1.793519149508968
1.48,1.5440647204777331
1.474,1.4540840944340927
2.132,1.5683824148538297
3.768,1.917924713728231
3.734,3.7683162293782617
3.7059999999999995,3.6852266144521724
3.6699999999999995,3.676341353744153
3.6839999999999997,3.628169156973351
3.654,3.681892855362239
3.596,3.622240741923681
3.565999999999999,3.4722624594568408
3.542,3.433136766114285
3.5219999999999994,3.5295681484545756
3.548,3.507551532229605
3.552,3.485538156862256
3.5599999999999996,3.5052714292405125
3.586,3.4184631506397363
3.592,3.4052832808155014
1.438,3.491866056546603
1.372,1.7073533147893063
1.558,1.7126130879459374
1.38,1.7815578095260356
1.384,1.3760350599636628
1.378,1.4808255643211303
1.418,1.3894389945959267
1.448,1.4758092149527253
1.442,1.4533631249756938
1.448,1.4484450227632935
1.45,1.4498266213747404
1.444,1.4493745316131694
1.44,1.4662166850401446
1.496,1.4475410901570418
1.556,1.5755875536702706
1.492,1.582208157990882
1.478,1.5396440478657383
1.472,1.497607655148559
1.458,1.4703367149420843
1.464,1.4547617266484083
1.44,1.4545556109740965
1.418,1.4443997206271855
1.42,1.431292847253097
1.4,1.4353007712159072
1.396,1.4182537952133754
1.43,1.403568560215401
1.38,1.4602499325784257
1.37,1.381147221871457
1.35,1.3837359841672223
1.3479999999999999,1.3436405006208907
1.352,1.3426443181591052
1.362,1.344482027444364
1.382,1.3451474818824694
1.338,1.3775883566135956
1.372,1.335168367647667
2.5819999999999994,1.698729662653675
3.58,2.3536980922816015
3.574,3.503409535254773
3.5719999999999996,3.5601853460086077
3.5899999999999994,3.5643238295248336
3.62,3.5977354634758085
3.6039999999999996,3.612174632244548
3.5999999999999996,3.6059793390740635
3.6119999999999997,3.6030019082005973
3.628,3.6072995426503573
3.632,3.6091416657304065
3.6379999999999995,3.571008166308279
2.9159999999999995,3.571521434658209
2.7039999999999997,2.430406152185379
0.85,2.963543252349261
0.414,1.1083142380952378
0.414,1.8096750851760854
0.418,1.0237737209302327
0.434,0.5150522183829849
0.412,0.44646752513973664
0.406,0.4307964774862958
0.38,0.4125010783719988
0.332,0.40066613547474406
0.33,0.3275680442890443
0.322,0.3256513244010891
0.262,0.40319461852607547
0.234,0.5425826918997412
0.246,0.5613309764979255
0.268,0.3775045267264972
0.238,0.31354247400766744
0.24,0.3796313533752254
0.234,0.35762521626456584
0.232,0.3505995496569493
0.234,0.23928506664972307
0.236,0.24394183850602166
0.236,0.24332446371120323
0.234,0.2457402200198384
0.228,0.2439031642685206
0.228,0.2551478448651548
0.234,0.2659692261381344
0.232,0.2696249127188495
0.232,0.26569139551710397
0.23,0.26883806218377065
0.228,0.23936665885680986
0.234,0.23658187815517095
0.236,0.2425450523126534
0.234,0.30177354992636024
0.232,0.2784083850911954
0.3539999999999999,0.27223187710918795
0.334,0.36324680459970005
0.334,0.38547622055897374
0.334,0.3574658231274684
0.33,0.4208048750902694
0.33,0.3294457019317608
0.406,0.32771261717148753
0.398,0.4025361449901808
0.404,0.39387662373585586
0.402,0.39681606627264204
0.402,0.3966951453107545
0.38599999999999995,0.394099796958998
0.3,0.39247289380314554
0.294,0.2761815905200184
0.284,0.2790547721277843
0.232,0.27228541717190413
0.232,0.2222598929419079
0.232,0.22676132621637735
0.308,0.22879699453316185
0.30999999999999994,0.31107714399494013
0.30999999999999994,0.3086825684070075
0.312,0.3056190055331283
0.312,0.30752449248698527
0.312,0.31026858778536204
0.308,0.311110127406129
0.306,0.31174033528274775
0.314,0.3151715384623326
0.314,0.3212463271117409
0.312,0.3221606699099384
0.314,0.3101466265384241
0.308,0.3099996326313627
0.306,0.29506190653608755
0.312,0.2950172314732904
0.30999999999999994,0.3073778658302408
0.39,0.30192874314334905
0.418,0.4058890639141546
0.40800000000000003,0.4105194020476008
0.404,0.41106977988111126
0.41,0.4024666565865926
0.41,0.402576571186715
0.40800000000000003,0.40259936718515354
0.402,0.40324358706910296
0.392,0.3957720479334893
0.392,0.3988580200604933
0.358,0.3890348529749347
0.324,0.3152949773350729
0.256,0.3238449014613502
0.286,0.24273088034846654
0.3,0.3643052375181686
0.308,0.3017693834088033
0.30999999999999994,0.3044471991989108
0.308,0.3084606201481347
0.304,0.30739487620838074
0.298,0.30778793219862305
0.292,0.2921356502767485
0.294,0.29466249882743045
0.23,0.2895924393788118
0.228,0.2235178867182081
0.228,0.22462759586968106
0.23,0.22815544408594643
0.224,0.23086258531678466
0.224,0.22963852142379423
0.232,0.2293619625030327
0.232,0.22840457894184055
0.232,0.22933521891590267
0.226,0.23406177949568469
0.222,0.23447870385528452
0.23,0.23382213345310793
0.232,0.23291944567338202
0.35,0.2736764380854973
0.34,0.36271190634980177
0.334,0.34337360636211983
0.332,0.3472349723749706
0.338,0.33669008037647274
0.336,0.33649520175073416
0.334,0.3366290607201496
0.334,0.36975005183218723
0.324,0.3689984595980343
0.326,0.3305864174831092
0.332,0.3308781626533154
0.328,0.3546984061896133
0.232,0.3402572152923713
0.228,0.23028737695034363
0.222,0.21878572224379797
0.226,0.2257857502003445
0.23,0.2208447206542191
0.232,0.22283611134627856
0.232,0.22451691800274987
0.248,0.22879453576234635
0.302,0.27981205219351585
0.306,0.33501512065563344
0.308,0.3015579204022605
0.306,0.30371427275338947
0.306,0.3072439527173006
0.304,0.3100426139087277
0.298,0.30704840380606435
0.296,0.2998806839650286
0.264,0.29623658830417354
0.23,0.23551024808716528
0.228,0.22695746441631798
0.222,0.23397516108303543
0.218,0.23498501288449564
0.224,0.23695311641419123
0.276,0.22029738364797902
0.336,0.3053363514573738
0.336,0.34516453659580093
0.328,0.33600712081399536
0.326,0.3284390424391046
0.33,0.32797083804186516
0.328,0.32589297896334807
0.328,0.32405255307687036
0.322,0.32058148356639665
0.314,0.32530986759577446
0.316,0.31153266102468063
0.322,0.3153492293672126
0.294,0.31565945472412865
0.228,0.29363509632174056
0.228,0.22487988261872194
0.222,0.2250880516102468
0.22000000000000003,0.23143715709002904
0.228,0.22267976768277345
0.228,0.22253550723714555
0.226,0.2265630815961663
0.226,0.2271058042256228
0.224,0.22655707070959755
0.226,0.23015508184465647
0.228,0.2314447245420481
0.228,0.22688166179703045
0.228,0.2343527048511619
0.226,0.2332520054372144
0.306,0.23240066801866022
0.3,0.30737188746013316
0.308,0.3071768432051449
0.306,0.30809297088033727
0.306,0.30933921980910534
0.298,0.30790045106288777
0.294,0.3052071779781593
0.296,0.30490370516916315
0.362,0.29395985511058037
0.338,0.38721149419101214
0.332,0.3681122454858666
0.326,0.31815543916551725
0.326,0.34577727259802665
0.33,0.3259476908963336
0.332,0.32693186541655195
0.328,0.32415595822150667
0.326,0.32345480565263807
0.322,0.3235038831229059
0.314,0.3242268785928676
0.32000000000000006,0.3117491979949088
0.26,0.30129365496538313
0.232,0.23255692142529916
0.23,0.22099056140484005
0.224,0.224041014488877
0.226,0.22505104816986504
0.232,0.2279097375004862
0.23,0.22952517960215857
0.228,0.2314078901084145
0.228,0.23215910414143112
0.222,0.23578495420986093
0.226,0.2260552953824952
0.232,0.2254003858254041
0.232,0.23167567620088741
0.232,0.23276758050883117
0.23,0.23387542185862586
0.22000000000000003,0.2326001351156435
0.218,0.2321888635175729
0.226,0.23188554706095804
0.228,0.22421664141910838
0.23,0.2317105802460044
0.246,0.23723622951200507
0.3,0.3632987468358461
0.35,0.3143829281086989
0.418,0.37273857200794547
0.414,0.405604102550062
0.41,0.43266638841276017
0.404,0.42971320169529414
0.398,0.40523190354388805
0.406,0.39567168303783995
0.376,0.3893177671613368
0.332,0.372958761600323
0.434,0.3292050997811963
0.69,0.4863007051168863
0.678,1.0219114434454435
0.656,0.7505676852755089
0.594,0.6813218246279127
0.594,0.5083136650964276
0.682,0.5506772813317979
0.67,0.6772870100367688
0.672,0.6798957153230917
0.68,0.6827870975826622
0.678,0.6890581417980418
0.6839999999999999,0.7068263085160696
0.678,0.7018103476181082
0.6739999999999999,0.6729448495714278
0.664,0.6684337779606857
0.678,0.6515912893349204
0.676,0.6722596138659568
0.68,0.6704607882993664
0.672,0.6768218516216652
0.67,0.6701718686757054
0.6739999999999999,0.6693457486519384
0.6739999999999999,0.6714904955126678
0.67,0.6720988925350002
0.664,0.6699787610588863
0.656,0.6643648006871402
0.658,0.6547383281414568
0.76,0.6586406516708686
0.762,0.7958949723788801
0.7719999999999999,0.7751740321361164
0.764,0.7905955672104998
0.754,0.7265152127345559
0.832,0.7208651873593465
0.784,0.9923548446267165
0.762,0.8253818612855283
0.76,0.7181100704613886
0.754,0.728423647195444
0.754,0.71963675746237
0.76,0.7193500907957033
0.7,0.733034742433539
0.662,0.7201530626313961
0.59,0.6490667215632503
0.59,0.6159039620878285
0.58,0.6676793450497784
0.58,0.6046035569761317
0.582,0.5947215815703245
0.432,0.5921256706662442
0.262,0.4273431189153579
0.34199999999999997,0.25208330982468646
0.33,0.3252963131494526
0.806,0.3874850477115329
1.472,1.5021797619047623
1.46,1.654091111736241
1.4460000000000002,1.4664504505663285
1.4259999999999997,1.3974278263461153
1.424,1.3781983953227301
1.454,1.449437308704693
1.678,1.4587838011231335
1.696,1.804744338212915
1.684,1.6630054391681315
1.676,1.6742500227649835
1.7,1.687964623038821
1.92,1.7144767752405656
2.034,2.3343248154834715
4.592,2.332687166974251
4.773999999999999,3.747170105146578
2.292,3.955681150537851
2.17,2.1669574049859777
2.186,2.3371104812131986
2.06,2.3470225444915918
2.8579999999999997,2.2997515282186116
2.6599999999999997,2.7996798405328005
2.384,2.5377927201118524
2.7379999999999995,2.412669240955977
1.804,2.6382729076520093
1.79,1.9893976883582896
1.8,1.9984130488644076
1.8,1.8142143071364323
1.764,1.8355825485888904
1.5740000000000003,1.8752818743026294
1.52,1.6432103505688402
1.506,1.536263889181229
1.492,1.5531362378875355
1.482,1.6050185328376152
1.49,1.4970482199609092
1.49,1.5106800758472847
1.506,1.497897388011424
1.508,1.5088175509159183
1.496,1.556592871677494
1.498,1.6151063269999835
1.502,1.5957260752718123
1.472,1.5377279543876239
1.472,1.466335367382445
1.488,1.4596783665723498
1.488,1.498400861536217
1.496,1.4969446478207575
1.568,1.4904307681849025
1.606,1.5854848152216545
1.608,1.6097920647949389
1.606,1.627490330992552
1.596,1.6184160906930842
1.602,1.5143256878378426
1.572,1.577324746381678
1.518,1.5409576142085473
1.51,1.5372040210669549
1.5640000000000003,1.4959091810913268
1.586,1.5833240218134792
1.592,1.5867951389961392
1.5840000000000003,1.5956380118624658
1.526,1.5826601500528494
1.518,1.5145492696001615
1.598,1.5193871566430333
1.5940000000000003,1.534051795153997
1.592,1.6147435658693243
1.588,1.5869346453375561
1.592,1.5895000925935991
1.598,1.588265285949996
1.586,1.5094289415338165
1.5840000000000003,1.5850601548456673
1.5740000000000003,1.5851679487201922
1.502,1.5720280064509764
1.502,1.5030431365963284
1.502,1.5030431365963284
1.512,1.5181970678880203
1.51,1.505226732402151
1.506,1.4958058383194075
1.514,1.4932492237581814
1.52,1.4986405930634108
1.514,1.5016312540326038
1.51,1.5024127294270468
1.528,1.5035001321465495
1.614,1.5100817818658216
1.614,1.6276757570012967
1.61,1.6219421717011433
1.602,1.607564851529533
1.61,1.5784649226919816
1.606,1.5499064868148167
1.604,1.5453164133734358
1.606,1.5784208313925754
1.602,1.5830357330790685
1.604,1.5884713918001576
1.598,1.5842314661577301
1.602,1.5031796334744998
1.53,1.5842936858103387
1.62,1.5203452764276861
1.622,1.6402505925215098
1.616,1.6460182499088916
1.614,1.6324520267470326
1.614,1.632530176495321
1.606,1.6344234960669632
1.608,1.5799816610530233
1.638,1.5180522836955639
1.682,1.6815722024044095
1.728,1.7162126880721187
1.756,1.7652398027110567
1.628,1.7453348196444396
1.596,1.6484681775443977
1.588,1.5213598589932527
1.59,1.5995665717796639
1.57,1.599114371295573
1.53,1.5742485795167296
1.492,1.5234562589786191
1.486,1.5024473252185808
1.492,1.4978629662907956
1.492,1.4955435412425175
1.568,1.4952325851722452
1.562,1.5687699318569137
1.518,1.5575604615827432
1.518,1.5106867560759007
1.52,1.5091452801693888
1.516,1.5166375431731396
1.522,1.502043801119617
1.61,1.4974383605213226
1.604,1.6161640778460333
1.598,1.6123870317015152
1.592,1.518526190697573
1.588,1.5751687605088784
1.51,1.5793219730274857
1.48,1.5094310239100022
1.484,1.4986441991346966
1.482,1.4988184160194165
1.484,1.4992150624454985
1.486,1.4927902877416612
1.49,1.4925156841049816
1.504,1.493351393964163
1.496,1.498212564112514
1.506,1.4963895027724947
1.516,1.4943696690690986
1.51,1.503066056556146
1.504,1.4990242458773166
1.51,1.4944533198859997
1.578,1.4991890548477944
1.5740000000000003,1.5646666489096097
1.572,1.5730305218555585
1.5740000000000003,1.5644313250544453
1.5640000000000003,1.5592573120759377
1.5640000000000003,1.5564623519156024
1.572,1.5641117526912973
1.514,1.567257742992712
1.4560000000000002,1.5072923025952456
1.562,1.4693901780747434
1.55,1.6040164881454584
1.538,1.528624675829467
1.532,1.4890643663267387
1.518,1.5069167211817909
1.514,1.4963091240513122
1.522,1.4974195687956335
1.522,1.5081845970572072
1.522,1.501958796942053
1.512,1.5057751425117527
1.52,1.5009149913265853
1.506,1.5049290566316753
1.412,1.497385223758181
1.41,1.4470555210743434
1.394,1.4203465556838808
1.388,1.408276032268021
1.39,1.3801233978302079
1.4,1.4479675645643513
1.4,1.4345978357905378
1.39,1.4173536398245763
1.394,1.4480884390393907
1.402,1.4068068094363673
1.4059999999999997,1.4122001410350027
1.4059999999999997,1.4146273791584472
1.69,1.4146629258113774
1.748,1.7679109229553787
1.808,1.729681336897589
1.794,1.842385966680092
1.796,1.8309847538407933
1.788,1.857393278920519
1.792,1.8120147090750711
1.8479999999999999,1.7976651961122447
1.876,1.8580183482895312
1.892,1.8470445237392168
1.88,1.862059567859193
1.998,1.8490624515800667
1.972,1.9933950620791698
1.948,1.9692798651572712
1.944,1.9600588857316816
2.4339999999999997,1.9680273501511574
2.152,2.177090776817507
1.872,2.1660143666593283
1.878,1.9589870891883423
2.246,1.8219882396043012
2.692,2.205833235522074
1.852,2.5713745685347464
1.864,1.6574722144886185
1.928,1.9437496763479019
1.928,1.9946496965107803
1.7800000000000002,1.9671767043653152
1.764,1.8016487697660988
1.752,1.8097061539520058
1.658,1.7589550985538986
1.746,1.6565999694653366
1.774,1.7421394825366112
1.7800000000000002,1.7614484204497234
2.078,1.7555061293901035
2.112,2.011529215418435
2.098,2.0690050748474604
2.094,2.097510857575391
2.124,2.068020330614012
2.074,2.197836032015751
2.106,2.163067227472397
2.064,2.1646286841409803
2.064,2.0756839167400107
2.06,2.0944939852564
2.076,2.085188697979227
2.178,2.095346541965556
2.2840000000000003,2.1391182266150706
2.414,2.169496935024922
3.134,2.3480877132033413
3.6339999999999995,3.4595845328325727
3.6779999999999995,3.6118617611525616
3.6399999999999997,3.641948100836396
3.61,3.588567883876715
3.6019999999999994,3.6071637782926573
3.5979999999999994,3.608663818169232
3.618,3.610755119838094
3.622,3.551336003193096
3.645999999999999,3.551693872330007
2.316,3.564150655882335
2.372,2.0985584693480535
2.378,2.5484255983093047
2.356,2.3630964810602757
2.366,2.3582870853191773
2.402,2.3407042305706596
2.362,2.3711648861473
2.358,2.369249166904326
2.364,2.4711788745923697
2.37,2.4256929716782714
2.372,2.4267941254956598
2.378,2.459800852617902
2.428,2.4077625033503414
3.694,2.445331710760767
3.702,3.577654920116564
3.162,3.6651782189784847
2.044,2.596465388956262
1.71,2.430306067416891
1.724,2.3326847134043267
1.656,2.052318593220238
1.662,1.70396684583088
1.66,1.6995242217415394
1.664,1.6687745857756406
1.4359999999999997,1.678544102568579
1.754,1.5284167838419276
1.676,1.7511034677176134
1.536,1.871992888218292
1.9059999999999997,1.5667750558838913
2.152,1.9166460384523418
2.2539999999999996,2.1472159737676813
2.28,2.1077526135912295
3.024,2.1106426978376933
2.792,2.966477820131775
2.348,2.660227650124512
2.338,2.1851592386492515
2.5699999999999994,2.4283086806057312
2.842,2.7506157787829095
2.976,2.778249714380804
2.988,2.8477084491336515
2.78,2.872028838010113
2.948,2.85661080607002
2.788,2.9051318898424583
2.861999999999999,2.7748518919768337
2.838,2.8074774209791884
2.8319999999999994,2.832551286865907
2.4779999999999998,2.8347935701414224
2.87,2.44431309276103
2.7679999999999993,2.89364376413629
2.6619999999999995,2.850297374418429
2.488,2.6762196058732783
2.5200000000000005,2.4367519531597033
2.156,2.576128076515476
2.108,2.230509022446073
2.062,2.1977407430856015
2.07,2.1192056031483175
1.972,2.099327560652274
2.208,1.9456794591513207
2.218,2.1896771723292243
2.824,2.1672035634221656
2.788,2.868341803027063
2.422,2.6695122213888873
2.444,2.41983363201374
2.328,2.3883538050838022
2.498,2.2988976996542734
2.59,2.522957495107166
2.5839999999999996,2.590618495393071
2.604,2.581814280377836
2.838,2.62757057410638
2.9119999999999995,2.771944418828666
2.927999999999999,2.8588845801291844
2.904,2.8521742251163533
2.842,2.9443395541496162
2.856,2.884716708970422
4.84,2.848205528778798
5.428,4.91658494162863
5.384,5.10129524733649
5.388,5.123542351759629
5.342,5.202250178066294
5.378,5.03687547543987
5.4,5.0833270351312825
5.348,5.00427548429651
5.324,5.21179071294583
5.362,5.098776075034033
5.388,5.12095287226445
3.7499999999999996,5.113726846612155
3.202,3.4664324134911593
2.904,3.3051627330003317
2.834,2.945385793032708
2.8499999999999996,2.9854307796327184
2.851999999999999,2.8642575948316105
2.866,2.846219423285808
2.332,2.887185020677074
1.878,2.3918348983727378
1.862,2.5143843036937255
1.832,2.1871255905654916
1.846,1.7638166043514547
1.838,1.7701432398885562
1.776,1.7767328382593552
1.772,1.8474300095359577
1.768,1.782842117958131
1.758,1.8549777811774537
1.872,1.8994665212845978
1.984,1.6924662608830545
1.934,2.0163431312344984
1.95,1.9797392157630322
1.93,2.0475209777062613
1.728,1.964388130911949
1.708,1.8796082908050238
1.69,1.8189684609066852
1.982,1.7432266072430542
2.004,1.9862200336670868
2.01,1.9715151369153991
2.002,2.0119237170529725
1.98,2.0022021154170138
2.058,1.9954460275102723
2.064,2.0751324325392018
2.078,1.9897365601169292
2.234,2.021199646351009
2.194,2.106292021897268
2.166,2.169435414831908
2.194,2.1960141614909414
2.186,2.2311284348321756
2.156,2.220785185611715
2.102,2.2197700800757993
2.09,2.180859444198139
3.316,2.1898698259948106
3.804,3.2058120704391424
3.97,3.6779531374496064
4.098,3.776688043916075
4.074,3.9217885133250934
3.104,3.919612771234761
3.751999999999999,2.71051479109063
3.964,3.697515018317615
3.62,3.67754800347793
2.988,3.5853334446999043
3.0739999999999994,2.472068581158629
3.166,3.268793243457129
2.665999999999999,3.275023289843689
3.096,2.73207455711665
3.565999999999999,3.2567643265895345
1.624,3.476008043477938
1.732,1.8682893631597057
2.9959999999999996,1.9887026163017223
3.028,2.995927563402811
1.824,2.9804672040342743
1.634,2.008475545476495
1.63,1.9891293531037681
1.64,1.910781009991564
1.688,1.7524302136281054
3.0839999999999996,1.6637371929029108
3.1159999999999997,2.4790819532674675
2.352,2.7906714905205954
2.83,2.115383216235315
2.572,2.8722532549131126
2.8859999999999997,2.5379263658994287
2.988,2.8294476867405076
1.638,2.7380050860867295
1.604,2.273680177137385
1.6,2.5131229720909865
1.598,1.860659978196964
1.6,1.7291770210189237
1.596,1.5972532220073146
1.52,1.527746335126627
1.512,1.5137886545293033
1.516,1.53775053616239
1.494,1.5320849952632476
1.504,1.4949671679546455
1.508,1.4994766200699448
1.438,1.5187418585513983
1.42,1.4632230669754338
1.422,1.4392190410987389
1.42,1.4635031319893725
1.428,1.4408967312284975
1.432,1.4577915679055893
1.4359999999999997,1.4512832129966724
1.4259999999999997,1.446841983241167
1.4259999999999997,1.4468425023661824
1.432,1.4462360872718427
1.43,1.446841983241167
1.442,1.44862372606963
1.452,1.450917983241167
1.444,1.458094308974063
1.442,1.4692942847802364
1.462,1.4509509514469032
1.542,1.4589025564871574
1.5439999999999998,1.5701385478562617
1.712,1.5376043339164363
1.694,1.7350286828321784
1.964,1.735096336426657
2.6499999999999995,2.0419916085525696
2.674,2.635800735145897
2.684,2.6611873817566396
2.984,2.6610418443802706
4.438,2.96250771820909
6.386,4.429269279763676
4.974,5.702236666666668
6.376000000000001,4.8600437705802975
7.062,5.8308288333333325
8.088,7.069799999999999
7.906,7.351719999999999
7.376,7.274079999999998
7.23,6.887199999999998
7.184,6.894023555555554
7.248,7.041415555555553
7.352,7.064419999999998
7.21,7.002999999999998
7.16,7.131746666666664
9.048,7.084622222222221
9.108,7.401959999999996
9.132,7.27584
9.118,7.143559999999999
9.088,7.010599999999998
8.046,7.047399999999999
7.040000000000001,7.12968
7.864000000000001,5.738600000000001
5.714,7.05888
6.773999999999999,5.074127272727272
7.124,5.55708
6.674,5.508970000000001
5.098,5.306213333333334
4.904,5.201612828282828
4.143999999999999,4.878092755229071
3.702,3.3815797560975613
4.547999999999999,4.331260732600734
3.379999999999999,4.342397557592179
4.806,3.774886666666667
4.146,4.42776333296511
3.6339999999999995,3.177375470383276
4.301999999999999,4.202545098560354
4.298,3.991162788048553
3.216,3.8719345354645363
3.3019999999999996,3.3635146666666667
3.6779999999999995,3.955091791044776
3.7260000000000004,3.858062145544833
3.3719999999999994,3.9789704683903198
3.384,3.638023333333334
3.3679999999999994,3.7768951243781106
3.394,3.7609277526506837
3.1459999999999995,3.6397273608826968
3.1,3.0255222336711127
3.0439999999999996,3.301461451994846
2.9999999999999996,3.0686668564229747
3.05,3.005548641361386
2.8899999999999997,3.06652642457824
2.8799999999999994,2.8009606359776438
2.838,2.9053763779118515
2.79,2.8328781862425347
2.7959999999999994,2.699256181419666
2.771999999999999,2.7539316816502013
1.88,2.798858367992497
1.702,2.561405703071497
1.7500000000000002,2.2177392466880743
3.1859999999999995,1.8751503135762118
3.9939999999999998,3.088811127128822
3.987999999999999,3.7657579644951853
3.9899999999999998,3.826597446093403
3.968,3.7947264622976276
3.956,3.8302171319562346
3.924,3.8861870553970372
3.9319999999999995,3.729929327145148
3.926,3.852823035670567
4.062,3.850745453742203
4.022,4.000371964043578
4.034,3.9761016701959813
3.9979999999999993,3.9661594171348793
4.075999999999999,3.863437825857858
2.116,3.895751908873856
1.804,2.383104544235223
1.784,2.063280612966456
1.814,1.9306601105188914
1.838,1.9391610456899273
1.866,1.8584240353397778
1.87,1.8669229838708776
1.8479999999999999,1.8290791178649297
1.834,1.8633093916844417
1.7600000000000002,1.8460490427236593
1.774,1.7721717181948295
1.738,1.7534278901814762
1.704,1.731235161594378
1.7700000000000002,1.7237800633052545
1.712,1.7742131602064561
1.7199999999999998,1.7289974508054466
2.4759999999999995,1.708433180930851
3.704,2.0625970977232293
3.174,3.574660162428138
3.7579999999999996,2.74660561904762
3.586,3.8147822756831062
3.772,3.5986910223338953
3.6779999999999995,3.7848389745024296
3.69,3.6766743424508594
3.7759999999999994,3.6389450458417265
3.7759999999999994,3.6080446282783147
3.7939999999999996,3.5988484452741503
3.801999999999999,3.6569572582370413
3.756,3.733149704877718
3.822,3.6012815504633
3.8339999999999996,3.573828647794691
3.836,3.5725143483739217
3.9079999999999995,3.6841535654278785
3.9120000000000004,3.699146783734331
3.8999999999999995,3.675770885150378
3.81,3.761548805936436
3.9019999999999997,3.648078256207249
3.987999999999999,3.7224102208365752
3.9899999999999998,3.7881940398514358
3.8739999999999997,3.846541720247941
3.8819999999999992,3.729396188127268
3.938,3.7130652803502717
3.9499999999999997,3.7677721836223834
3.916,3.8398935533761915
3.4119999999999995,3.784809323735443
2.492,2.300786847293113
2.82,2.650273113230149
3.398,3.3128728456867997
3.3679999999999994,3.353803281691948
3.308,3.2690385674935185
2.044,3.2254698479916795
3.1,2.4479336449798876
3.2959999999999994,3.2510667479486006
3.2919999999999994,3.4235215857184174
2.092,3.344879168371293
2.918,2.3894945017720928
3.2039999999999993,3.049034747983862
2.268,3.1873372189223783
2.6899999999999995,2.686566523385316
2.914,2.7021423463765046
2.06,2.7980770317623205
3.1639999999999997,2.5302498244953435
1.94,3.0777384739875493
3.242,2.346469410421602
2.536,3.298903403468746
2.3540000000000005,2.383883581018237
3.238,2.50796316421401
3.13,3.018662299696161
3.504,2.9298968000493257
3.212,3.431170184242745
2.3540000000000005,2.7579409323221316
2.479999999999999,2.6286959315546246
2.024,3.063253976324633
3.5599999999999996,2.378245643199064
3.272,3.55177243455566
3.2559999999999993,3.1451707741299564
3.1779999999999995,2.8939780099224977
3.134,3.1018287095347414
2.914,3.1137015476396503
1.068,2.816578070786647
0.842,1.3368084206022786
0.79,1.9701909962580477
0.692,1.185067810809859
0.714,1.014834517037884
2.234,0.7808323212598299
2.864,2.3625406437271934
2.042,2.5330183261808465
0.794,1.99066795610897
0.764,1.6418496745106745
0.788,1.92686312128645
1.986,1.0100729344257222
2.634,2.178773230631164
0.926,2.1508000287761404
1.536,1.2483940991087346
2.6,1.7920187023493364
2.576,2.1488178401897837
1.9460000000000002,2.5091658569345303
0.412,1.3741919993191762
1.378,1.584599797561089
2.5399999999999996,2.357244780135559
0.48399999999999993,2.5129886603987113
1.262,1.3871600000000002
2.408,1.8846847412639116
0.474,1.10633898989899
1.006,1.8368
2.4379999999999997,1.9808438141823892
0.82,1.0086176565656566
0.6199999999999999,1.3470566666666666
2.5379999999999994,2.078021641599103
1.334,1.7374
0.496,1.0434911403508769
2.4779999999999998,2.2100193122411067
1.352,1.7542076190476188
0.7079999999999999,0.9926779585326951
2.524,2.2658623963764137
1.108,1.5329599999999999
0.682,1.156041105749323
2.494,2.452238950744673
1.184,1.5649066666666667
0.586,1.0807825324121112
2.392,2.2778357207171043
1.148,1.4080133333333336
0.266,1.0973313729918213
2.332,2.148804093055036
1.388,1.6431028571428572
0.252,0.8009099562043795
2.424,2.123202542427488
1.314,1.686136285714286
0.546,0.8311607387760738
2.47,2.3491104382362025
1.058,1.5406981333333336
0.908,1.1767536666666665
2.4779999999999998,2.4068530720532726
0.634,1.5813689523809529
1.278,1.6021733879781421
2.4899999999999993,2.3261487671049053
0.30999999999999994,1.2727682857142855
1.55,1.7549451851851858
2.5799999999999996,2.241281982003016
0.476,1.7938091541218637
1.576,1.790200000000001
2.6199999999999997,2.2199313852813853
0.678,1.8990519746346841
1.602,1.6636133333333332
2.71,2.2152393204384264
0.658,2.118386759347048
1.37,1.6229300000000002
2.5339999999999994,2.2166109086783425
0.532,1.5813075384615383
1.376,1.5878633333333336
2.398,2.3069091639974917
0.366,0.968087095455628
1.86,1.7181033333333338
2.14,2.158609786096257
0.348,0.8041613968253968
1.99,2.331457328320802
1.798,1.8618345438351707
0.27,0.6667773333333334
2.018,2.1029535142367237
1.65,1.8313803469398569
0.246,1.0465372820512817
2.224,2.0140790697922792
1.45,2.002231750788437
0.258,1.203858675585284
2.138,2.1940488797717728
1.502,1.447639941450371
0.246,0.8941926666666664
2.302,2.071746152499046
1.568,1.4992661816523534
0.226,0.73609
2.238,2.0905467843494647
1.646,1.7228097843343355
0.32000000000000006,0.6903406666666666
2.002,2.205054897598689
2.104,1.9302701869437349
0.3,0.5668799999999999
1.794,2.0843503310857394
2.412,1.9774956969960358
0.366,0.8735182480008588
0.936,1.7283599999999995
2.4719999999999995,2.115250583781905
0.992,1.2589968612440188
0.814,1.3124875960432478
2.4759999999999995,2.1022843198510843
1.182,1.2510641880341877
0.5,1.0868707971014493
2.4899999999999993,2.3462005184873163
1.172,1.674019649122807
0.584,0.9838307971014493
2.462,2.3699490899158873
1.408,1.5007689824561405
0.324,0.950077
2.8039999999999994,2.1790350868520085
2.6939999999999995,2.991375363636364
1.386,2.1166683454017474
3.3819999999999997,1.5583740877896615
2.554,2.4680743320463314
1.418,2.0693973742036693
3.4879999999999995,1.965595230158731
2.602,2.5090021798941784
1.408,2.2294230955252217
3.516,2.191018407454347
2.3740000000000006,2.636009062426398
1.712,1.6593383511634605
3.4539999999999997,2.3691819695690333
2.342,2.4014300833650988
1.646,1.6529921716353633
3.4439999999999995,2.552060998182271
2.228,2.373989374334998
1.82,2.0900063105807956
3.4619999999999997,2.4187461705544298
2.098,2.4977884882066337
1.896,2.092330870763707
3.478,2.562797132894922
2.19,2.71357505450534
1.928,2.106365908767805
3.525999999999999,2.861509429406851
2.106,2.4169635282198643
2.092,2.1140145854240306
3.658,3.2318089018636242
2.27,2.8565137693859866
1.782,2.09552587551051
2.532,3.0242069187675065
1.356,2.3197843381560403
0.466,1.8699018410830994
2.555999999999999,1.96687703856992
1.532,2.22645015205967
0.49,1.6809556312754683
2.42,2.322404280232702
2.545999999999999,1.671309361152882
0.348,2.0205482070769905
1.582,1.8851388923076922
2.526,2.084523240336135
0.7179999999999999,1.6212630296994355
1.276,1.4742800000000005
2.488,2.1003298374057313
0.944,1.4814704444444446
1.314,1.3377390909090907
2.522,2.1397717029813146
0.812,1.4510201333333328
1.268,1.304364358974359
2.4899999999999993,2.3553159674881186
0.856,1.4219548717948713
1.362,1.3106676923076925
2.5119999999999996,2.2699194393212965
0.732,1.4639306666666665
1.61,1.4845751341681575
2.4499999999999993,2.321545677416535
0.286,0.902365943084693
1.806,1.8048066666666664
2.439999999999999,2.219626064406796
2.424,0.817421299145299
2.444,1.7237815514247297
2.4499999999999993,1.9475645388162657
2.4639999999999995,1.3407521169191052
2.564,1.8925884688848353
2.5399999999999996,2.9971704587830432
2.555999999999999,2.1163632835435098
2.5379999999999994,2.418559218483996
2.6359999999999992,2.3566293591505785
2.5739999999999994,2.6086145597782187
2.6179999999999994,2.5568424417038766
2.6099999999999994,2.606317027473483
2.6279999999999997,2.6153598949892185
2.598,2.593444247205374
2.6279999999999997,2.6196877286422575
2.5779999999999994,2.6230852429582483
2.466,2.76061247651586
2.4359999999999995,2.2799593014033293
2.4459999999999997,2.3486768300267307
2.428,2.381563554225766
2.444,2.286566100722707
2.414,2.396331754904319
2.426,2.421959273693741
2.416,2.3458314009182657
2.4379999999999997,2.4014274444353516
2.42,2.413963794978951
2.43,2.3414555886793176
2.424,2.4078269046503213
2.4319999999999995,2.404332316042991
2.408,2.4095755063004964
2.424,2.3989412756201673
2.4,2.4067326640140525
2.4339999999999997,2.397074527301391
2.448,2.4121127229370645
2.4459999999999997,2.4172997342590126
2.456,2.4172997342590126
2.4359999999999995,2.422279779915359
2.4339999999999997,2.4164988841565758
2.4,2.413166731787217
2.414,2.397074527301391
2.396,2.4012338573172873
2.5119999999999996,2.396536873487533
2.526,2.500083227057844
2.532,2.499930884416653
2.528,2.5180369217371443
2.5479999999999996,2.5180369217371443
2.5119999999999996,2.5524530373260825
2.5200000000000005,2.503061765415466
2.494,2.513379148692557
2.5200000000000005,2.493426854397903
2.5019999999999993,2.513379148692557
2.528,2.4950870723985252
2.51,2.5180369217371443
2.466,2.503061765415466
2.488,2.437779135023522
2.741999999999999,2.491293798136974
2.5919999999999996,2.8599589451259297
2.498,2.623868060149174
2.4639999999999995,2.4950870723985252
2.4599999999999995,2.432639678671315
2.43,2.4176425238291777
2.4459999999999997,2.4086019381732173
2.386,2.4175636417297164
2.398,2.395468488139548
2.4,2.39823168276114
2.384,2.397074527301391
2.392,2.395468488139548
2.452,2.396536873487533
2.4319999999999995,2.417940534682467
2.368,2.432389708083478
2.4,2.3875824686804377
2.392,2.397074527301391
2.398,2.3980574662251
2.364,2.397257655633742
2.384,2.385885171166766
2.364,2.395468488139548
2.388,2.385887659406831
2.372,2.395468488139548
2.418,2.3933527878645005
2.4819999999999998,2.402540817071265
2.4999999999999996,2.4670951976180255
2.4739999999999998,2.4938744485765363
2.479999999999999,2.452969359267179
2.462,2.4821125622276194
2.492,2.424193061483034
2.4639999999999995,2.492491701638138
2.479999999999999,2.4322557881880864
2.466,2.4830322891183747
2.488,2.4365154893068004
2.4679999999999995,2.490369656298726
2.496,2.4389252423034793
2.378,2.4934224394504105
2.392,2.3950500853781724
2.39,2.3996638454563803
2.386,2.396536873487533
2.396,2.395468488139548
2.386,2.396534385247469
2.404,2.395468488139548
2.356,2.398244662240925
2.372,2.3820633400751166
2.4,2.393355276104565
2.466,2.397074527301391
2.4599999999999995,2.4327972481929114
2.4859999999999998,2.419199251228785
2.4419999999999997,2.56802481962099
2.452,2.4175636417297164
2.4359999999999995,2.41844339696321
2.452,2.415947737587166
2.386,2.41844339696321
2.378,2.395468488139548
2.378,2.3950500853781724
2.414,2.393355276104565
2.39,2.4006827107478776
2.39,2.396536873487533
2.392,2.396534385247469
2.414,2.396534385247469
2.524,2.4006827107478776
2.514,2.5050663436884193
2.4899999999999993,2.5009294147027195
2.5079999999999996,2.4924961165856296
2.4999999999999996,2.501416324238995
2.51,2.496006799289282
2.479999999999999,2.503061765415466
2.496,2.4842915198876057
2.479999999999999,2.4943465812886596
2.479999999999999,2.4842871049401136
2.5200000000000005,2.4830322891183747
2.5019999999999993,2.511285730500171
2.4499999999999993,2.4950826574510336
2.4719999999999995,2.4184478119107022
2.4899999999999993,2.438929657250971
2.462,2.493604968703914
2.484,2.42331330624954
2.47,2.490374071246218
2.4779999999999998,2.438045487069985
2.4379999999999997,2.483027874170883
2.456,2.4175636417297164
2.4339999999999997,2.4217286333459493
2.462,2.410041020710706
2.452,2.424193061483034
2.4719999999999995,2.416748587689603
2.458,2.438045487069985
2.4819999999999998,2.4208488781124555
2.452,2.638636441001617
2.47,2.41844339696321
2.4459999999999997,2.438045487069985
2.4739999999999998,2.41899454353262
2.498,2.4517726613010584
2.5519999999999996,2.4961959245168095
2.5200000000000005,2.5582874925911296
2.5479999999999996,2.513379148692557
2.5339999999999994,2.5524530373260825
2.55,2.5180369217371443
2.5839999999999996,2.5524530373260825
2.638,2.690220019007872
2.528,2.636424769961108
2.4739999999999998,2.507470460198683
2.4859999999999998,2.452928591824734
2.4599999999999995,2.49417731462049
2.4719999999999995,2.4185178641151794
2.439999999999999,2.4389252423034793
2.4639999999999995,2.41844339696321
2.448,2.4313760329545926
2.4639999999999995,2.4175636417297164
2.448,2.4320638424784016
2.4379999999999997,2.4175636417297164
2.342,2.4175636417297164
2.352,2.3769164194995116
2.328,2.3820633400751166
2.342,2.349739662419453
2.338,2.37553508094154
2.366,2.3661195211921924
2.316,2.384146945975969
2.344,2.3374825976653013
2.342,2.377344489717243
2.372,2.366510171312971
2.348,2.3916145626737038
2.3540000000000005,2.380322626644255
2.34,2.380322626644255
2.3540000000000005,2.3719121718604708
2.34,2.380322626644255
2.358,2.370173946669674
2.356,2.380322626644255
2.378,2.380322626644255
2.35,2.3916145626737038
2.332,2.3811005770659266
2.324,2.3591571796221507
2.282,2.3463686245286297
2.296,2.2968860292097353
2.288,2.2865294972963888
2.316,2.2830425618653885
2.342,2.312256162525051
2.4319999999999995,2.3590431751624337
2.418,2.4044738884424066
2.4759999999999995,2.3991805717230084
2.492,2.447654235229301
2.5119999999999996,2.4910339663919006
2.4899999999999993,2.504816892452707
2.5200000000000005,2.494255658570363
2.4999999999999996,2.4960723076985665
2.522,2.4968466143832586
2.5079999999999996,2.5151386906772903
2.5039999999999996,2.5031758662237276
2.406,2.4950870723985252
2.35,2.4039276868413504
2.316,2.3741888940647313
2.34,2.339851294181858
2.308,2.3719146601005354
2.328,2.308468170916599
2.352,2.3443082982749215
2.39,2.3686471681496903
2.3540000000000005,2.3930165739901756
2.366,2.380322626644255
2.364,2.384146945975969
2.4,2.385885171166766
2.39,2.3942679167626086
2.386,2.396534385247469
2.394,2.395465999899483
2.3740000000000006,2.396534385247469
2.3740000000000006,2.393355276104565
2.3740000000000006,2.393355276104565
2.404,2.393355276104565
2.396,2.398244662240925
2.424,2.396534385247469
2.4,2.4072433608141983
2.426,2.397072039061326
2.408,2.4057632178458945
2.416,2.3989412756201673
2.394,2.402540817071265
2.4859999999999998,2.396536873487533
2.5119999999999996,2.4875311183395183
2.5399999999999996,2.494700409671302
2.518,2.525039274808195
2.522,2.5112901454476635
2.4779999999999998,2.513379148692557
2.479999999999999,2.48337179299685
2.47,2.4821125622276194
2.498,2.4389252423034793
2.496,2.4950826574510336
2.5159999999999996,2.4934224394504105
2.5200000000000005,2.508585322270126
2.4899999999999993,2.513379148692557
2.4319999999999995,2.4924961165856296
2.4719999999999995,2.412061640765271
2.444,2.4380499020174766
2.462,2.415868832456109
2.462,2.42331330624954
2.4719999999999995,2.42331330624954
2.492,2.438045487069985
2.4739999999999998,2.493411428528894
2.47,2.4516649461080116
2.3740000000000006,2.438929657250971
2.394,2.3950500853781724
2.378,2.39823168276114
2.368,2.393355276104565
2.364,2.385887659406831
2.366,2.385885171166766
2.376,2.385887659406831
2.364,2.3933527878645005
2.356,2.385885171166766
2.386,2.382060851835052
2.378,2.395465999899483
2.382,2.3933527878645005
2.384,2.3937277747086867
2.378,2.395465999899483
2.3740000000000006,2.393355276104565
2.3740000000000006,2.3933527878645005
2.47,2.393355276104565
2.479999999999999,2.4380136117283717
2.47,2.4663539118932816
2.4679999999999995,2.4389704246934163
2.4679999999999995,2.4389704246934163
2.466,2.4389252423034793
2.4719999999999995,2.4365154893068004
2.466,2.4389252423034793
2.479999999999999,2.4365154893068004
2.47,2.4821081472801265
2.462,2.4389252423034793
2.444,2.424193061483034
2.394,2.41844339696321
2.328,2.39823168276114
2.31,2.34903610911996
2.296,2.3197727319651174
2.29,2.301314731768929
2.308,2.290641806895372
2.33,2.2917958425230838
2.35,2.338588320471234
2.332,2.365472021071025
2.316,2.3584459789036396
2.358,2.3374825976653013
2.394,2.3784795439329978
2.388,2.389025446124105
2.4679999999999995,2.3937277747086867
2.528,2.4370985193491843
3.0339999999999994,2.5046300143267786
3.362,3.360223937963583
6.332,3.3589962272627023
6.892,5.987999999999999
7.2059999999999995,6.4437599999999975
7.238,6.792348571428573
4.938,6.707628571428571
5.02,4.483726954793998
5.626,4.922659018500561
6.218,5.1618064927597604
4.266,5.507949140515075
4.012,3.9723140282528444
4.057999999999999,3.9657665299070852
4.042,3.9866833912034685
4.026,3.80990601690555
4.049999999999999,3.8965158056939706
4.034,3.653468668901751
4.026,3.9151931297600018
3.9939999999999998,3.777002290334717
3.987999999999999,3.8611421073396346
3.9719999999999995,4.055718733438855
3.97,4.085760082718184
3.9819999999999998,3.9105860538694115
3.9499999999999997,3.887127329721929
3.8739999999999997,3.9542090349774677
3.8819999999999992,3.93815042254104
3.8659999999999997,4.017058411336559
3.8739999999999997,3.8883730917312387
3.8599999999999994,3.9143668437409582
3.8339999999999996,3.810959600408377
3.9019999999999997,3.707462850769671
3.9059999999999997,3.892434217691754
3.9179999999999997,3.861367148267605
3.928,3.8439037286493476
3.9499999999999997,3.749252120263056
3.9799999999999995,3.812724392593263
3.9319999999999995,3.8240626325568874
3.9620000000000006,3.727220649165165
3.9839999999999995,3.860740545982591
4.016,3.825548385735152
4.016,3.8678108009030696
4.029999999999999,3.9012842963744068
4.034,3.9384873415445525
3.9979999999999993,3.9314897783346208
3.9539999999999997,3.861544671820319
3.93,3.8696838172398222
3.9719999999999995,3.8470731893040537
4.944,3.8928237594266673
4.12,4.860434524239479
4.129999999999999,3.643702950418558
4.232,4.125945329215473
4.234,3.808094786261829
4.215999999999999,3.8167726813991334
4.089999999999999,4.056741451865653
4.155999999999999,3.8058251112065884
4.169999999999999,3.9497898049300333
3.7539999999999996,4.045278173698673
3.596,3.633989277981053
3.66,3.5958706021856637
3.654,3.576546952646599
3.605999999999999,3.637838440938208
3.2959999999999994,3.582927237914534
3.2659999999999996,3.4511683400697573
3.2619999999999996,3.3765475070212165
3.7839999999999994,3.334940071449658
3.9499999999999997,3.7857717533395006
3.778,3.786735732753742
3.7319999999999998,3.6696251675985416
3.7219999999999995,3.647965413782363
3.4299999999999993,3.463900790003245
2.878,2.8529374684086006
2.87,2.679486105696113
2.484,3.0102376965578648
2.396,2.673727392827188
3.446,2.4662364807538073
3.476,3.503037715150485
3.5400000000000005,3.409824237363931
3.516,3.5200761311958777
3.5199999999999996,3.3914221519156325
3.5400000000000005,3.390359568378244
3.5000000000000004,3.560600666165563
3.482,3.4694831794087726
3.4959999999999996,3.4010027211561136
3.459999999999999,3.4200718067394003
3.512,3.3438558481626073
3.5139999999999993,3.4353009221917805
3.5400000000000005,3.443056967635373
3.556,3.5032109527618776
3.574,3.545198792739767
3.7579999999999996,3.5591922106348677
4.693999999999999,3.716884672665586
5.07,4.424777349986243
3.9719999999999995,4.877186499091235
3.924,3.990592481734088
3.9099999999999997,3.9848757322484203
3.846,3.7681352131045274
4.522000000000001,3.7958979637309973
4.212,4.288153693704858
3.7139999999999995,3.991729042297995
3.3759999999999994,3.6575906637836635
3.352,3.0070160550606597
3.3499999999999996,3.214530451346575
3.344,3.321739224112273
3.339999999999999,3.3437090030751304
3.318,3.3704217553658347
3.2999999999999994,3.4059771170373097
3.286,3.4137281704177216
3.2839999999999994,3.3536939953319065
3.2839999999999994,3.3609309870929676
3.2979999999999996,3.3121300863141894
3.276,3.3449961575229312
3.2919999999999994,3.4291129452265388
3.3499999999999996,3.4097279717519045
3.3379999999999996,3.3855428437425243
3.32,3.3066421937023853
3.3019999999999996,3.329157942640914
3.32,3.3651170679496802
3.322,3.389427227895378
3.396,3.2220643168284826
3.4039999999999995,3.3667961071818997
4.842,3.3892720902501057
4.441999999999999,4.582701596502293
3.4399999999999995,4.090465173320922
3.506,3.0218776413317587
3.504,3.3814507097909448
3.49,3.4829224311307576
3.476,3.385873009783214
3.4579999999999997,3.37865663947766
3.4559999999999995,3.402843703769857
3.4479999999999995,3.404085158999692
3.434,3.3903588343222517
3.394,3.3321850706804557
3.4399999999999995,3.373297477431184
3.4259999999999997,3.384337274323923
3.428,3.3275383405358157
3.4039999999999995,3.3686020990170387
3.36,3.368454226805375
3.3499999999999996,3.362375449234225
3.358,3.358482321094674
3.358,3.3452372928460865
3.366,3.362667981044243
3.352,3.3803130422406262
3.3499999999999996,3.406623120277299
3.36,3.3587916663327695
3.3719999999999994,3.3587916663327695
3.3859999999999997,3.358638306641196
3.3739999999999997,3.359233193849274
3.3419999999999996,3.359554265539118
3.358,3.4095806534360595
3.3379999999999996,3.3862693552258816
3.3899999999999992,3.357413107146683
3.398,3.3590772083027516
3.402,3.360971523712344
3.4119999999999995,3.3576622378435506
3.4259999999999997,3.3608610560005845
3.4219999999999997,3.3653725240635586
3.419999999999999,3.3653725240635586
3.4039999999999995,3.3653725240635586
3.394,3.3576622378435506
3.432,3.3576622378435506
3.5179999999999993,3.370754993460356
3.5099999999999993,3.4422460931142305
3.5219999999999994,3.423615408147237
3.516,3.4841081149330284
3.544,3.434672873844769
3.5579999999999994,3.5461457683333215
3.544,3.5636134180755215
3.5359999999999996,3.5409951690067225
3.4699999999999993,3.531399215299434
3.468,3.373931511955059
3.464,3.372901363212134
3.4519999999999995,3.372793393476951
3.442,3.3750334653977534
3.4,3.3750334653977534
3.406,3.3587314517915425
3.4139999999999997,3.3587314517915425
3.3359999999999994,3.3654115892686245
3.3419999999999996,3.358482321094674
3.37,3.358482321094674
3.352,3.358482321094674
3.384,3.358482321094674
3.3679999999999994,3.3601464222507427
3.388,3.358482321094674
3.396,3.3601464222507427
3.4039999999999995,3.36101058891741
3.41,3.36101058891741
3.392,3.328416124631696
3.392,3.3601464222507427
3.4399999999999995,3.3590772083027516
3.3899999999999992,3.3710899910006185
3.3779999999999997,3.361176570993668
3.36,3.355133970020816
1.9359999999999997,3.3541038212778895
1.304,2.7925373829144906
1.31,2.4516079866374096
1.374,1.5551289237758985
1.53,1.4026095102192124
1.614,1.5853142261888435
1.698,1.6514337721673213
1.558,1.917584186754289
1.51,1.5819739298443911
1.5640000000000003,1.5976364436041088
1.604,1.6375839146284763
1.598,1.5913052127609901
1.586,1.5670441611004353
1.5640000000000003,1.6452417313269307
1.5539999999999998,1.6458645998964465
1.556,1.612856919673124
1.55,1.610502653902928
1.6,1.5880753968950527
1.778,1.6103950090475583
1.7299999999999998,1.7713542039527872
1.732,1.767092771865987
1.7500000000000002,1.7432824175414237
1.756,1.7543758308408872
1.672,1.7453379691476194
1.638,1.6450208892261082
1.63,1.5995066429193232
1.63,1.6415806718285288
1.626,1.6485587945914049
1.63,1.650812434489231
1.6320000000000001,1.6536298032464432
1.628,1.6458160531732406
1.628,1.645767539156526
1.626,1.6457434053195048
1.618,1.6451504251435298
1.622,1.6397330909776924
1.62,1.6451504251435298
1.6,1.6435262281124907
1.608,1.5508621463298886
1.332,1.615225993841429
1.308,1.2799601772931914
1.322,1.2967694727861157
1.31,1.2793640661511767
1.382,1.3158822074769976
1.418,1.4005609949288922
1.412,1.4632718223679075
1.404,1.4266018492941306
1.396,1.4260719406168936
1.398,1.4077776161065698
1.4,1.4047008635397422
1.404,1.4181830977838639
1.4560000000000002,1.4183657509650316
1.474,1.4684941592305356
1.468,1.4655154969724784
1.462,1.462162885577385
1.47,1.4601067777270007
1.448,1.4606449105764272
1.372,1.4472593957685238
1.374,1.4295726307817909
1.386,1.36997282104617
1.386,1.378521864057655
1.312,1.378521864057655
1.31,1.312809169320889
1.298,1.3091732518834782
1.294,1.3075024194154727
1.29,1.3096363116986594
1.286,1.2792299123507687
1.29,1.2769642379463737
1.292,1.2793000141408708
1.288,1.3096363116986594
1.296,1.2778869587998154
1.304,1.3062865968022674
1.304,1.3079574292702727
1.292,1.3079574292702727
1.292,1.3089088276434477
1.292,1.3096363116986594
1.324,1.3096363116986594
1.296,1.3220591105334965
1.31,1.3075024194154727
1.314,1.3095849570028515
1.4,1.3100732955608452
1.422,1.4221164369479473
1.4159999999999997,1.5604401664189733
1.4059999999999997,1.4185330101409546
1.41,1.4170801091831686
1.4059999999999997,1.4168657933212825
1.39,1.41586072301025
1.402,1.5068769871416772
1.4059999999999997,1.405082074246317
1.422,1.4139485146072195
1.42,1.4790682128300146
1.42,1.432130176757956
1.432,1.432965463038448
1.464,1.4696166292590498
1.394,1.460170003618639
1.386,1.4028443233377164
1.392,1.3821383214094112
1.388,1.4063445076779824
1.384,1.3844339566609756
1.388,1.3773248894337886
1.386,1.3805978922013513
1.354,1.3805978922013513
1.288,1.3442437102661837
1.284,1.2769347586490578
1.29,1.276894136156272
1.296,1.2792299123507687
1.29,1.307014080857479
1.29,1.2793000141408708
1.296,1.2793000141408708
1.306,1.307014080857479
1.306,1.3086849133254845
1.31,1.3086849133254845
1.3,1.3079574292702727
1.29,1.3091732518834782
1.292,1.2793000141408708
1.298,1.3096363116986594
1.308,1.307014080857479
1.324,1.3086849133254845
1.408,1.3220591105334965
1.402,1.4193137476217697
1.654,1.4159303417267115
1.824,1.813332528357466
1.814,1.7965502400582398
1.8,1.8842245830073563
1.79,1.866792618961844
1.788,1.8893488335149757
1.786,1.799137925062794
1.7800000000000002,1.7784944468905224
1.79,1.8097229588110457
1.796,1.799133815507844
1.796,1.8623843465431709
1.71,1.8281523767203804
1.704,1.7581855027592312
1.69,1.7470677536495467
1.7500000000000002,1.7172054333920614
1.754,1.8003100122724178
1.764,1.7317093874360687
1.778,1.7452949593132958
1.796,1.7672926764583765
1.792,1.8229543632347396
1.784,1.8160060051076767
1.7800000000000002,1.7939944541793604
1.7700000000000002,1.7837663761888611
1.7,1.7791245255745916
1.688,1.7278255719536868
1.692,1.7393972135805367
1.692,1.7102456540607471
1.634,1.7119101378277661
1.636,1.6465999175567472
1.64,1.64524315093354
1.634,1.6553549966570205
1.6320000000000001,1.6463113541708327
1.61,1.6463113541708327
1.4460000000000002,1.618078185854972
1.404,1.4831597022836678
1.438,1.4502155185816592
1.396,1.4641933773972435
1.388,1.408992970760296
1.396,1.3798043786928158
1.398,1.4225844234555407
1.396,1.40906995221126
1.39,1.4087615105505145
1.362,1.4098380239450512
1.4560000000000002,1.3466940118446233
1.668,1.5151974997269102
1.5740000000000003,1.769417731624021
1.382,1.5657962901022513
1.376,1.3631353136189608
1.448,1.38322562125238
4.112,1.6293987214921797
4.234,4.575345741147742
4.388,3.963213449564196
2.096,4.217576273263436
1.626,2.027858495227373
2.032,1.8377541313265855
2.5879999999999996,2.2914589063814153
2.5699999999999994,2.719006240194643
1.914,2.585633157102696
1.764,1.361138003877587
1.756,1.9336492738791682
1.7600000000000002,1.8447158310864211
1.762,1.792049477163575
1.738,1.7592396683229228
1.552,1.7812823185691475
1.482,1.6123508394530237
1.438,1.5131500217979357
1.448,1.5051693639810324
1.45,1.5229838919227185
1.438,1.4533085149031133
1.438,1.4617537719079159
1.4460000000000002,1.4597013176642581
1.4560000000000002,1.4485308932398338
1.454,1.4657427434286097
1.454,1.4619456649515312
1.4560000000000002,1.4591218240849144
1.448,1.4843003627161988
1.448,1.4591091743944582
1.4359999999999997,1.4487083929030309
1.394,1.446841983241167
1.638,1.3905066695467245
1.482,1.732949930616205
1.392,1.5433983089293744
1.39,1.4049151322325124
1.388,1.3858125141359612
1.484,1.3725476094857318
1.6320000000000001,1.6301376724606185
1.696,1.7078839309581033
1.704,1.757608001758949
1.684,1.7578220424547524
1.69,1.688008432594842
1.698,1.7644654928829546
1.686,1.7205125404533759
1.502,1.6289320139826164
1.444,1.5105317335969375
1.424,1.5578685651175679
1.434,1.5534310869242602
1.448,1.5617292595692365
1.438,1.4544080404690576
1.4560000000000002,1.4556495410456225
1.46,1.46237783776
1.46,1.461434410612411
1.458,1.4618865003739818
1.4059999999999997,1.4740205099031911
1.386,1.4119633552769109
1.39,1.3819370645324043
1.38,1.37020798179311
1.38,1.373259438524995
1.392,1.3745767898487469
1.39,1.4008461606384714
1.388,1.3899530226253687
1.39,1.3555786986706628
1.372,1.3915732059904076
1.3679999999999999,1.4716321374147772
1.374,1.4406311001858758
1.362,1.37031216897348
1.39,1.3461784563313128
1.4,1.4005365686380338
1.402,1.4141391188549797
1.404,1.4138368161378538
1.388,1.4143304112385184
1.41,1.3939931196527409
1.412,1.4144846293194984
1.4059999999999997,1.4151843756271134
1.412,1.4148907712220056
1.4059999999999997,1.414811192274637
1.396,1.414811192274637
1.404,1.4076936984915434
1.414,1.412544966407876
1.41,1.4179593709143792
1.422,1.4148907712220056
1.4159999999999997,1.4784800249515102
1.434,1.4154825331184329
1.49,1.4479751864224237
1.488,1.4880976677520041
1.486,1.4886698016126971
1.486,1.4849374275573988
1.494,1.4849374275573988
1.494,1.486372379138962
1.494,1.4864514707855625
1.478,1.4874770975421185
1.46,1.4725821361143172
1.428,1.461049349074027
1.394,1.444640993280342
1.396,1.4059148065917662
1.4,1.4053696350028055
1.402,1.4182371363215895
1.4,1.4207087581666178
1.402,1.4154124774965342
1.412,1.4146055295630888
1.414,1.4138333185523866
1.404,1.4169840756393226
1.408,1.4143684588976304
1.402,1.415267016203558
1.396,1.4147145031386679
1.386,1.405599618920937
1.392,1.3786737525832826
1.402,1.4028333400352566
1.404,1.4124609546513673
1.402,1.4146266940668015
1.4059999999999997,1.4156192048811447
1.412,1.4138662867581229
1.41,1.4148907712220056
1.45,1.4148907712220056
1.486,1.457039571858636
1.504,1.48927108701421
1.504,1.4898403387347618
1.502,1.4894314497258312
1.488,1.4897952713633302
1.326,1.4864482237598247
0.388,1.2920440590389832
0.39,0.40398079807692316
0.436,0.4071531261057988
0.468,0.5321572619282514
0.472,0.45691010466945103
0.476,0.4612036771960727
0.476,0.4627296717428442
0.472,0.4671720829937144
0.466,0.462314454884427
0.46199999999999997,0.46239014760005587
0.454,0.45944445301522036
0.454,0.45165003303879797
0.382,0.45702502792766325
0.384,0.4050514287203236
0.384,0.39836084804385713
0.38,0.40153533771276434
0.38,0.4117261179937002
0.378,0.41167214480830955
0.374,0.3660691961450697
0.36400000000000005,0.36371681675289164
0.30999999999999994,0.3822606356608561
0.30999999999999994,0.32278043853971317
0.308,0.30563773172121506
0.302,0.3130857971190842
0.302,0.29638838809943907
0.302,0.29537461852268265
0.3,0.29802139416783663
0.296,0.2943292533515312
0.298,0.2954151519831415
0.298,0.29494139056962954
0.298,0.2981138543396173
0.298,0.29867971471794175
0.298,0.29490125308700604
0.298,0.2975603049621373
0.302,0.2997243049621373
0.306,0.29872879642569605
0.304,0.31589722726686054
0.296,0.32286529139628894
0.294,0.2947760992737657
0.296,0.2913630717953358
0.296,0.29268830667018375
0.334,0.29360022165214267
0.376,0.33548796444954676
0.376,0.38286137739945103
0.374,0.37963535682284094
0.374,0.3724776711931565
0.372,0.3744492181831612
0.37,0.3687333644016577
0.37,0.36367932237936273
0.374,0.36427930022477556
0.378,0.364770770505859
0.314,0.3718276303607028
0.298,0.3037087778745293
0.296,0.2776888072251257
0.296,0.2795618155993141
0.296,0.2833083529483333
0.296,0.28291948904960285
0.296,0.2921945562602738
0.296,0.2931469532909732
0.296,0.2931469532909732
0.296,0.29267000307806784
0.292,0.2918603061083708
0.294,0.2918944950059951
0.296,0.2889572455530889
0.3,0.2925822243794652
0.306,0.2948000852548917
0.304,0.30563462454438495
0.304,0.3089002102905776
0.302,0.31039502823047144
0.302,0.29340222815192646
0.302,0.2928751991265121
0.296,0.29116025659777656
0.294,0.28839180894692407
0.294,0.28666206343618045
0.294,0.29068773675107346
0.294,0.287797527432077
0.294,0.28859585357849443
0.298,0.2930479345400678
0.296,0.28980371422097373
0.302,0.2939332340727154
0.304,0.29454960953924075
0.394,0.30765291699995895
0.378,0.39603404110688356
0.38,0.37914639624817514
0.38,0.3775015458799647
0.378,0.37912386097135264
0.378,0.37501203145068696
0.374,0.37663233709025584
0.374,0.36836865949833847
0.372,0.3669631660781676
0.306,0.3645723877605782
0.294,0.33818590577754903
0.294,0.2746705358496551
0.294,0.2811748552160009
0.298,0.2840577863499509
0.3,0.28818689617924026
0.3,0.28943818800137866
0.302,0.2922979180016177
0.3,0.2983815274117956
0.3,0.2928558440861612
0.298,0.2917655598418403
0.298,0.29721672273949346
0.298,0.29325965090632
0.298,0.29413534726493373
0.298,0.2961338571207068
0.298,0.29637612602826974
0.286,0.2929013749240255
0.286,0.2905156687929253
0.286,0.2878960343981733
0.29,0.2839917023380765
0.292,0.28692569231510484
0.292,0.28573197843926823
0.29,0.2886409888850752
0.294,0.28971397808092125
0.294,0.2870372413133353
0.292,0.2891802573324911
0.292,0.2885389612473331
0.292,0.28913616850487667
0.29,0.28649422883670167
0.29,0.28600035763066506
0.358,0.28434458101083654
0.358,0.37444904182023897
0.358,0.3608164124169827
0.358,0.35554086043947725
0.362,0.35480425251866243
0.362,0.36504125158129896
0.358,0.36477472037665454
0.358,0.3478712885601067
0.358,0.34709528856010663
0.324,0.34873579583523895
0.28800000000000003,0.32429277479121704
0.298,0.26484712742141725
0.944,0.26425806730896445
0.938,1.4205960000000004
0.936,1.3775278941798943
0.9339999999999999,1.2400251038071464
0.96,1.0920495170940168
1.108,1.1533996002799518
1.122,1.0413776130484313
1.546,1.1131240434330223
1.18,1.5532268892416192
1.244,0.892774818709806
1.162,1.368724526065427
1.168,1.106676509896935
1.184,1.131276008850943
1.166,1.1237400656810737
1.154,1.1639472639353468
1.342,1.1513466206062135
1.532,1.61338382039039
1.476,1.44116722592839
1.458,1.4713759288359893
1.454,1.4868293075372292
1.452,1.4606540199611777
1.458,1.4619077676703234
1.462,1.5802712976286497
1.462,1.4619647345396505
1.57,1.462753361990631
1.712,1.5721129744354796
1.722,1.7341793126714724
1.732,1.751446081854682
1.752,1.7426226880470603
1.722,1.7599181470887078
1.674,1.7408460589880328
1.622,1.6843999127874802
1.692,1.6688492027334025
1.448,1.7737436874021064
1.764,1.5928060717414714
1.536,1.8742129222781487
1.424,1.5325862673255939
1.516,1.5874803254832472
1.636,1.5248147966817942
1.7500000000000002,1.6956853509172853
1.4159999999999997,1.7140339238344664
1.3579999999999999,1.4784892023647878
1.36,1.3106331648666156
1.51,1.3296628764338423
1.48,1.5215739918975568
1.37,1.5016514485714858
1.424,1.3257119471169874
1.698,1.8386058431973715
1.682,1.7494940614839516
1.608,1.7123462003522905
1.386,1.5969717489826143
1.412,1.3890964359832276
1.4,1.4939506833536276
1.398,1.4861547238313155
1.398,1.4018063129533473
1.402,1.4093813185641122
1.4259999999999997,1.424101071300016
1.576,1.4570232147089393
1.458,1.5841471509868137
1.338,1.4615495597439094
1.352,1.331170753070962
1.342,1.34173267158443
1.61,1.3228922828892555
1.4,1.634616729921674
1.504,1.473518552608877
1.432,1.5304931215123176
2.564,1.461677109015588
3.5199999999999996,2.2956841202529024
3.5319999999999996,3.409032315964353
3.556,3.410932161160844
3.7459999999999996,3.499280698812408
3.756,3.7121644029006493
3.8259999999999996,3.785060002189696
3.88,3.8229716025692277
3.468,4.0433297299686375
3.3899999999999992,2.7900844006833774
3.3819999999999997,3.2820387714389168
3.3759999999999994,3.357639582194274
3.358,3.351794057920278
2.32,3.3549245129093648
1.298,1.807891443511869
1.296,1.5266861938119232
1.236,1.6222591213197035
1.18,1.3347333800202625
1.18,1.2332004679096977
1.204,1.44900693369094
1.2299999999999998,1.330937943394224
1.228,1.3434535454060494
1.216,1.2613374148926757
1.518,1.2678128796164565
1.512,1.452738046930681
1.476,1.5490670258666464
1.496,1.570160557161863
1.512,1.64479998837757
1.516,1.6615557977826387
1.4359999999999997,1.5995244397966086
1.576,1.4946563319712205
2.002,1.6916362565343814
1.706,1.9689306213119093
1.5,1.705718548065179
1.482,1.5901463990310576
1.338,1.5326387693946033
1.246,1.3488370123236528
1.218,1.273957547194663
1.216,1.2239404271206829
1.2199999999999998,1.1641130757764904
1.218,1.2227254353654282
1.218,1.262105542841682
1.222,1.260589419748873
1.528,1.2582275389161375
1.37,1.5607752231859007
1.256,1.310868112100176
1.256,1.317730261465717
1.258,1.1339973649818016
1.262,1.058596910506243
1.254,1.2719317824737106
1.252,1.2714009912974515
1.252,1.269802494813626
1.244,1.272035240845372
1.242,1.265131284228411
1.2399999999999998,1.2637792842284112
1.2399999999999998,1.2626961454724301
1.252,1.2637792842284112
1.254,1.2726863039682956
1.2499999999999998,1.2726863039682956
1.262,1.2528061991426143
1.334,1.273078035313685
1.482,1.3304253932117702
1.654,1.594080053298925
1.722,1.8805262464576158
1.704,1.8876704708157699
1.716,1.7347269386517277
1.728,1.7591033809821426
1.726,1.749950108786237
2.236,1.7414733017686934
2.9199999999999995,2.323974357575867
2.798,2.944987731766104
2.7639999999999993,2.847384555000281
2.7460000000000004,2.799713121231525
2.7339999999999995,2.7539879182305924
2.7999999999999994,2.7690926204627555
2.7779999999999996,2.8225652415739377
2.7679999999999993,2.729464227423706
2.771999999999999,2.779670173480967
2.638,2.848445271528574
2.416,2.7938925617869916
2.5339999999999994,2.2677206064487287
2.524,2.5508346359941045
2.518,2.4325269617965732
2.492,2.472277607342383
2.4819999999999998,2.420869611073645
2.4999999999999996,2.3697450958088266
2.6959999999999997,2.4610531200668846
2.828,2.7669600564617984
2.8539999999999996,2.823314955232567
2.8479999999999994,2.827735811692251
2.8359999999999994,2.868676996855489
2.828,2.9911763619069505
2.83,2.9003446496354215
3.7319999999999998,2.9364870084617802
4.986,3.6924747457185223
4.614,4.708628050105708
4.602,4.478022475193818
4.63,4.509602308031828
4.602,4.6104186669315785
4.634,4.457706409567321
4.682,4.527801713068319
4.658,4.596965453486561
4.56,4.583979107049408
4.572,4.489930455574055
4.228,4.497650882053316
2.4719999999999995,3.71332382592615
2.402,2.7531218583213084
4.106,2.7380864457071694
5.27,4.219441446770513
4.714,4.603923392043733
2.692,4.487174205830236
4.448,2.611496805363531
6.618,4.242077377924779
7.166,6.40311054054054
6.422000000000001,6.5741009307359315
4.446,6.1282132399267395
4.476,4.094874913775802
4.472,4.06261799489106
4.556,3.996614136464523
4.592,4.099749934727248
3.836,4.277092462665517
3.506,3.127889634043689
3.4879999999999995,3.467245152275857
3.49,3.80253979596789
3.3059999999999996,3.7898640493593367
1.378,3.5685352246850215
1.38,2.399579665898575
1.452,2.7651463652283197
3.542,1.5343972063637727
3.5539999999999994,3.734861660562021
1.562,3.462700449702113
1.374,1.9723227272727264
1.598,1.8182905611859406
3.45,2.1361503953932317
3.4039999999999995,3.4850211471359356
3.396,3.0084611844333535
3.4139999999999997,3.0184948285436297
3.4139999999999997,2.9863920787559572
3.402,3.0709678723979468
3.3779999999999997,3.626618546039017
3.4039999999999995,3.8765134224362363
1.3579999999999999,3.679588945334076
1.19,2.1072224407453954
1.174,2.27639508994709
1.196,1.366552417947781
1.144,1.3269824674139057
1.144,1.4969562909846197
1.522,1.499922642278629
1.596,1.4208509603859283
1.668,1.4961831379408477
1.672,1.8768455772894446
1.676,1.7633090663244582
1.67,1.7918609405484116
1.678,1.7302936491808858
1.672,1.6949743464770428
1.664,1.673968686622322
1.494,1.667924501516311
1.918,1.6599085867601433
2.958,2.028469490442983
4.484,2.8362782296685625
4.026,4.371248126849305
5.522,4.160662075777387
5.79,4.869448414565828
6.146,5.119600000000001
6.18,5.512773878787881
6.150000000000001,5.586400212121214
6.184,5.723059616883117
6.424,5.76296663649096
6.412,5.883830636490961
6.214,5.70954563649096
6.148,5.72881255712588
6.150000000000001,5.66713040931291
6.086,5.61823808608059
5.928,5.695053279645194
6.664,5.485029279645192
6.692,6.564055555555554
6.66,6.351255555555555
5.328,6.313044126984127
4.764,4.575162155844155
4.718,4.437196619819966
4.676,4.421426371357429
4.66,4.3158328904693315
4.693999999999999,4.439173125063169
4.702,4.578600156198721
4.748000000000001,4.639765292809118
4.75,4.638210747260465
4.524,4.544417729892501
4.043999999999999,4.383301406235907
3.894,3.056306422764228
4.54,4.092285351624688
4.66,4.354301959128249
3.5499999999999994,4.28976896622142
4.622,3.538637323965652
4.864,4.499766061236339
4.246,4.674271955754738
4.842,3.612369986559411
5.454,4.599269228249444
4.1499999999999995,4.9273933994738845
5.334,3.361942305665348
4.926,5.071764493556324
4.098,4.608574723364142
4.562000000000001,3.438845251810803
4.404,4.031702138776419
2.9320000000000004,3.9116681030422633
2.388,3.585760000000001
2.3340000000000005,2.732336721123204
2.368,2.614694458535479
2.278,2.6459711841210973
2.292,2.454643790559575
2.266,2.4394010891433315
2.31,2.2748013601935377
2.106,2.3767258113540377
2.13,2.29617754015505
2.102,2.289018421543744
2.128,2.2335204712758587
2.106,2.3114634593767387
2.138,2.201208536341856
2.126,2.235647630105813
2.15,2.248164326663489
2.086,2.2498816349280766
2.1,2.231918922958591
2.074,2.322763242248652
2.102,2.054819390755472
2.39,2.0936489558355023
2.448,2.233263843057893
2.492,2.3030294707327896
2.638,2.326035885530587
2.914,2.616945518182942
2.918,2.922518212009189
2.8079999999999994,2.869229888211341
2.378,2.8059551182102815
4.524,2.296439419082544
4.63,4.794537035218443
6.004,4.541335128774082
6.976,5.761500262762763
6.3,6.634040000000001
6.742,5.289227278665779
6.638,6.513177777777777
6.426,6.538208702147527
6.382000000000001,5.808194826967149
6.3,5.847409493633818
6.238,5.64473382696715
4.364,5.622541622782447
4.584,4.213063213202618
4.888,4.245929173291375
4.194,4.486317282125896
4.198,3.713028797685003
4.148,3.8367002159725985
4.1499999999999995,3.9325857799465678
4.226,4.018489118891773
4.254,4.199600842566579
4.16,3.927947578415145
3.876,3.7660775664272963
3.862,3.9194082071324736
3.89,4.006097156908874
3.884,4.008502487078414
3.8159999999999994,4.3119817705230155
3.7199999999999998,4.054330232879781
3.7359999999999993,3.5533084221302462
3.548,3.6040414208227802
2.986,3.6205324994476675
3.9539999999999997,2.8051767695425482
3.134,3.9993901618425705
3.248,2.863000901960784
3.712,3.5968901315193667
3.7579999999999996,3.8416348710810273
3.0319999999999996,3.82809576440856
2.954,2.5508072525784193
3.772,3.0999713209714312
3.77,3.801773886648152
3.092,3.624824155882309
3.0579999999999994,2.5691478489738677
3.8119999999999994,3.087408852652237
3.5979999999999994,3.8045503492335397
2.6219999999999994,3.5397607800653614
3.761999999999999,2.625152181980041
3.348,3.9133713758293283
2.625999999999999,2.984036307822771
2.5799999999999996,2.621747009944993
2.036,2.6834084848901907
1.856,2.5937989904257988
2.138,2.343184789385105
1.612,2.3056670542866518
2.5919999999999996,1.7170372098963347
1.16,2.4625482476075944
2.4339999999999997,1.6279837843799603
2.05,2.3584427351107053
1.478,1.7448843500678841
0.7820000000000001,2.085956844729345
0.572,1.7912406855903837
0.48399999999999993,1.4829225238095234
0.5,0.4995183349983349
0.474,0.49098611273673926
0.496,0.4225124607209063
0.476,0.45126354531983404
0.448,0.39966069978786345
0.284,0.41713836715611885
0.22000000000000003,0.3710620705882353
0.24,0.6741243290592754
0.22000000000000003,0.2652948410297967
0.24,0.44444937572053755
0.222,0.303140635996315
0.24,0.29667746109692045
0.228,0.31819967817460654
0.304,0.5019083152097966
0.316,0.3691216751946607
0.334,0.3650346169353247
0.426,0.3302310229494635
0.404,0.4184519192735698
0.42,0.4144051153601037
0.4,0.4445102834131236
0.416,0.4115715708748304
0.394,0.42221054143159537
0.34199999999999997,0.4137942676459686
0.318,0.3598491641454419
0.336,0.32674079704198933
0.316,0.35771999802187865
0.332,0.37066306626056245
0.30999999999999994,0.3153420960886914
0.33,0.31711076011573786
0.30999999999999994,0.3141707332916797
0.276,0.3284999948835609
0.216,0.2673252144277124
0.236,0.22754646118135344
0.216,0.2244684946990573
0.236,0.23109845130554427
0.216,0.22145069195303674
0.236,0.23015095844700928
0.216,0.22086001557355336
0.236,0.2312012799774979
0.218,0.22241854807783903
0.238,0.23361642040579716
0.218,0.4260029818707586
0.236,0.2388326776856428
0.23,0.22688102554688
0.224,0.23675944918683173
0.236,0.23179453538037553
0.216,0.24408216826509824
0.236,0.23507206193220323
0.216,0.22376716726740675
0.234,0.23708084902609428
0.216,0.22191653435558448
0.234,0.2372642730356584
0.26,0.2449450216232911
0.306,0.2958745172020961
0.398,0.32071464489831936
0.416,0.41506750587993896
0.392,0.40677889717414933
0.41,0.4054356445024725
0.39,0.3877489174404124
0.40800000000000003,0.4195694400865509
0.38599999999999995,0.3807195298430904
0.348,0.3913524486561823
0.30999999999999994,0.33540896646700585
0.328,0.313594686893569
0.352,0.33556496322076296
0.52,0.3653853002103413
0.51,1.0639052616393672
0.516,0.5194088510609189
0.458,0.5509211148393623
0.424,0.44663024404378593
0.416,0.5037293784907585
0.418,0.40300841611151456
0.382,0.3775622452909763
0.21,0.40272358503116384
0.23,0.22743463234565153
0.21,0.21428480301496614
0.228,0.22893054452683215
0.212,0.21576323503883033
0.23,0.23189416098044316
0.212,0.2182476756564908
0.23,0.23095179502707924
0.214,0.21529226893423928
0.232,0.23195275775925314
0.214,0.21586010722424873
0.234,0.23627147410830407
0.214,0.25489301121043406
0.232,0.25451155279999965
0.214,0.22090107837605344
0.232,0.23351503997382908
0.212,0.2198275124201959
0.232,0.23383351818670425
0.214,0.21752120992658164
0.29,0.23408677068079722
0.394,0.30276730807772484
0.412,0.473407599271718
0.392,0.45320315630215446
0.40800000000000003,0.4137465256709306
0.3960000000000001,0.42060371999927776
0.39,0.4053389401197709
0.398,0.40390536581750536
0.378,0.38877209527936185
0.33,0.36789637367266276
0.304,0.318780620381201
0.324,0.5812675153122939
0.304,0.3675651586466822
0.322,0.49969979764122013
0.3,0.30534945098246413
0.228,0.28635028396766665
0.21,0.2322145518806712
0.228,0.2167800147836108
0.212,0.21551491185611055
0.232,0.22290207932765438
0.214,0.21490678202281616
0.232,0.22694659936075628
0.234,0.2151946330807929
0.32000000000000006,0.23265344902402754
0.296,0.3975083897120147
0.314,0.31624880929746035
0.298,0.3064689310406005
0.316,0.3200926817035276
0.298,0.3021162470593484
0.318,0.31019464975002303
0.3,0.30907460398601805
0.316,0.30766405499951194
0.294,0.3126563465775061
0.312,0.30688074036960106
0.292,0.30318614107919917
0.30999999999999994,0.319705072107992
0.304,0.297502233101054
0.296,0.31198669078628266
0.308,0.27751836195175483
0.32000000000000006,0.3005721821542543
0.416,0.3258272171368886
0.466,0.41964462821413834
0.482,0.5414501287500975
0.46199999999999997,0.5219441768087658
0.478,0.5125610024025887
0.458,0.5111458248894067
0.474,0.47325554286185884
0.452,0.5255946306684669
0.466,0.46119836092385025
0.42,0.4517680826526234
0.34199999999999997,0.42821403230277133
0.306,0.3312122539506998
0.326,0.3498034596504253
0.278,0.31551266694977176
0.234,0.2654363099219028
0.214,0.2329523442113257
0.234,0.23410687270088412
0.214,0.21995426354391046
0.232,0.23557118719010128
0.214,0.2151184186687267
0.234,0.23376249115902245
0.216,0.22076979796333573
0.232,0.23282384504740214
0.212,0.21617134938560342
0.23,0.2338930647361657
0.22000000000000003,0.21498093504436416
0.232,0.23215509180594093
0.234,0.23350221540390484
0.222,0.24395452715343394
0.24199999999999997,0.23584035339589093
0.222,0.31087880084604985
0.24,0.24038069661962022
0.22000000000000003,0.3518366960841451
0.24,0.2389600436675685
0.22000000000000003,0.3615099327870133
0.24199999999999997,0.2364308583008578
0.224,0.3258467477517323
0.24199999999999997,0.2637075822590284
0.284,0.3217847787114846
0.356,0.35748250407711346
0.332,0.38641040961478307
0.35,0.330659753919058
0.394,0.3453100733176579
0.424,0.3936970938152356
0.402,0.41251967552770596
0.42,0.4019312142014751
0.398,0.40142206945460246
0.414,0.3927515279072763
0.394,0.392699642276278
0.41,0.3832184219948368
0.344,0.3891349765425793
0.336,0.3199778826732673
0.24,0.3288841063297245
0.24199999999999997,0.2530815140464692
0.224,0.24827139030210146
0.24199999999999997,0.23085702249064083
0.23,0.24603194918856308
0.236,0.23239397172304696
0.244,0.22858470715285523
0.224,0.25433358124123084
0.244,0.23339551174962597
0.226,0.24885754000920723
0.244,0.2358129503424563
0.224,0.3383251639176237
0.244,0.2381746875902087
0.226,0.41142794297229124
0.244,0.2371147055001121
0.224,0.28676942534088035
0.246,0.23774703372775027
0.228,0.2548911523157316
0.248,0.23710819592128374
0.228,0.2830337581441526
0.246,0.24127420995388063
0.226,0.2894409213757595
0.246,0.24154668307216018
0.226,0.30016507702637407
0.244,0.2739398990664252
0.286,0.30993464067266496
0.356,0.35133611577942087
0.334,0.3651300446854838
0.352,0.39546774695850007
0.332,0.3385597086878094
0.348,0.3689304661925366
0.374,0.3682626323403775
0.42,0.3763693028781526
0.4,0.40109207935111807
0.416,0.40045499414985
0.406,0.39944608370221757
0.402,0.39368200968451006
0.412,0.3923091265992262
0.392,0.3929676037179434
0.286,0.3818283384205262
0.226,0.2710464023676998
0.244,0.22692735917854237
0.226,0.24303976103328112
0.244,0.23292913857314115
0.226,0.24112703674680433
0.246,0.23271678173604923
0.224,0.24236862671357004
0.246,0.23519719559373575
0.224,0.2601774634928968
0.246,0.23679660466413452
0.224,0.29041464151313634
0.244,0.2398990630406289
0.224,0.27936599619259606
0.246,0.24308126580611517
0.224,0.28646538108129554
0.244,0.24010652276283798
0.224,0.2878326018627088
0.24199999999999997,0.2428053431768967
0.222,0.27424522896893594
0.24,0.2408359762995251
0.222,0.28475346989247247
0.244,0.24350883582632804
0.224,0.2951914820136846
0.244,0.2687860343638864
0.298,0.31080595428337227
0.358,0.35820363958894463
0.346,0.37956535152664506
0.336,0.37799727294809804
0.348,0.35271348249617107
0.324,0.37819632420892674
0.34199999999999997,0.35916379536349957
0.324,0.3397974612054798
0.34199999999999997,0.3829301385770376
0.392,0.3384765190358621
0.414,0.3931522352463508
0.392,0.399873480771272
0.41,0.38915343918009804
0.37,0.3910197432195483
0.366,0.34015625562128476
0.374,0.34493774178331055
0.394,0.3653931544335094
0.322,0.38617946950457666
0.322,0.3252552299106766
0.308,0.3176944221065471
0.326,0.30693621868968385
0.306,0.3104920337838674
0.322,0.35166193402047935
0.302,0.3041927159328172
0.32000000000000006,0.3003441477384817
0.306,0.29864278570281244
0.324,0.3099966871127573
0.304,0.303905177369455
0.324,0.3873270228226754
0.304,0.30146678762466034
0.322,0.39688655587280663
0.306,0.30975748495809513
0.312,0.30955677374939017
0.314,0.30244542336982844
0.298,0.3188425327217154
0.314,0.2985959538017949
0.294,0.30626672398702404
0.312,0.3022483532518972
0.294,0.3071570636680852
0.392,0.303652855530981
0.404,0.3897863000577095
0.382,0.40631835519855725
0.326,0.39965970933217076
0.344,0.3128289549272595
0.324,0.3637131081923477
0.34,0.33490337485759686
0.322,0.32946522976385295
0.34199999999999997,0.3345147656363988
0.322,0.32454967299563997
0.34199999999999997,0.3328309901666295
0.322,0.3404762620246805
0.36,0.33383585546091316
0.356,0.35765518889320763
0.32000000000000006,0.35723017404285934
0.3,0.30340281809735997
0.34199999999999997,0.2840491625464809
0.32000000000000006,0.3547836374273487
0.322,0.33631121270355213
0.298,0.3055190472653542
0.292,0.2910693659470756
0.224,0.2857468971026651
0.24199999999999997,0.22104516790563292
0.232,0.23854644547943876
0.234,0.23183306809030815
0.246,0.23296963293491418
0.224,0.24266351588531787
0.244,0.2345678878497034
0.224,0.24007545299592922
0.244,0.2378832701470728
0.226,0.260080097937065
0.248,0.23893609957480735
0.234,0.32346629237414204
0.254,0.2410284492326617
0.232,0.2633326575349478
0.248,0.23824216587144864
0.226,0.2664291289009023
0.244,0.2437929605834297
0.224,0.2597073642606299
0.34199999999999997,0.24097397411406807
0.334,0.34507883661338823
0.348,0.3682011769342943
0.328,0.34506199163212614
0.344,0.341582930983475
0.324,0.35272239464417204
0.34,0.3487382396925312
0.318,0.3531383019125147
0.34,0.3590924911254724
0.322,0.3217804096242217
0.338,0.34260011773934285
0.318,0.39671318306967723
0.338,0.3231614680007086
0.256,0.324775043687204
0.238,0.24585090785514624
0.23,0.24610485321243494
0.25,0.22694736927749004
0.312,0.24556319240856217
0.292,0.33586963218325716
0.314,0.30459966927672794
0.294,0.3068261121125603
0.314,0.3021814563803763
0.294,0.3031861022582036
0.316,0.3040887528903679
0.272,0.30685817145366573
0.244,0.23761905894787358
0.224,0.2402428755481871
0.244,0.22842597873898252
0.224,0.24347840249185373
0.244,0.2438669370228942
0.22000000000000003,0.24650673151944325
0.236,0.23876500374668402
0.216,0.22899662043338675
0.236,0.23878859193864704
0.218,0.2216273324906938
0.238,0.23546141358627767
0.218,0.3406067188974506
0.238,0.25882813431229246
0.226,0.40057194895981924
0.3539999999999999,0.2638945074761249
0.332,0.36682838483564056
0.348,0.33182729110976095
0.328,0.3515607512411803
0.346,0.3506179842686634
0.326,0.41304278386434723
0.338,0.34955755033908004
0.33,0.3625671863104167
0.316,0.33779309541084973
0.33,0.3507527202436762
0.308,0.317992871903721
0.328,0.3338522524430009
0.30999999999999994,0.32503191787690044
0.262,0.316468767916764
0.224,0.23538322087295036
0.24199999999999997,0.21790140073730377
0.226,0.2521567613514593
0.246,0.2297788561473654
0.226,0.2519303320881354
0.238,0.23307871081153994
0.218,0.24559341235712484
0.306,0.23052323063615604
0.296,0.29875460672398096
0.318,0.2985490582496456
0.298,0.31597999156464396
0.314,0.309854705563002
0.292,0.30929484952569036
0.308,0.31376588987076004
0.28800000000000003,0.29770216169631714
0.25,0.30500656854800745
0.222,0.23462519387367006
0.24199999999999997,0.22660175467707258
0.224,0.2579918481925176
0.24199999999999997,0.2439260206084599
0.224,0.2634914541384071
0.244,0.24048729139575478
0.23,0.2801136697541798
0.236,0.25847027525211225
0.256,0.24847421981522913
0.346,0.28080188215698804
0.358,0.3693896634488017
0.338,0.3763686212204364
0.358,0.338617961405335
0.338,0.37599031919839687
0.356,0.36082466468326296
0.332,0.3580377949660649
0.352,0.33297053185022946
0.328,0.34386397814768493
0.414,0.33517722755582346
0.41,0.43467862603593754
0.428,0.41929006016778464
0.40800000000000003,0.43558693855527275
0.36400000000000005,0.4086758972506754
0.30999999999999994,0.34282577699841515
0.328,0.31665717895484113
0.856,0.3154810982018974
1.482,1.6088454444444442
1.444,1.608428256525515
1.454,1.6361920370132705
1.434,1.4407418416852735
1.444,1.4244867401641212
1.422,1.4710341626729364
1.44,1.5325195353192718
1.428,1.4474595502455259
1.506,1.4474595502455259
1.484,1.5007779425388306
1.484,1.5013752867430739
1.484,1.4911908730390164
1.484,1.4904444641117924
1.478,1.4904444641117924
1.474,1.4753103605388156
1.474,1.466177738971417
1.4259999999999997,1.4655455919322056
1.4159999999999997,1.4614584046714207
1.414,1.4246052064407657
1.3579999999999999,1.4210645359323788
1.336,1.3363079155791313
1.372,1.3345460997185448
1.454,1.5178436324321471
1.45,1.5412707580692497
1.4460000000000002,1.4572001652687756
1.442,1.4668586447162966
1.438,1.4662153113829635
1.4460000000000002,1.4510925337953597
1.452,1.4517358671286933
1.4460000000000002,1.4589287137359677
1.302,1.4475182847802366
0.322,1.3159825732295305
0.314,0.3271890466570466
0.314,0.2988456094338703
0.32000000000000006,0.37824572028103487
0.28,0.3768185106337218
0.222,0.3127427186740534
0.22000000000000003,0.2285273159087322
0.216,0.2311454309243143
0.218,0.22798327599889226
0.222,0.22281224567818012
0.222,0.2236697527042566
0.22000000000000003,0.22910295793130023
0.216,0.23329689761132333
0.212,0.23086212209758028
0.218,0.22118891831355147
0.22000000000000003,0.21735466641276774
0.22000000000000003,0.2291664388665278
0.222,0.2344924628691425
0.218,0.231877707412235
0.244,0.23603193875054623
0.296,0.32012107789987787
0.298,0.3071655801843239
0.296,0.30008447275659117
0.296,0.3023580754674563
0.29,0.3016348504263946
0.28800000000000003,0.2969398372120813
0.29,0.28954729647977134
0.292,0.2901248527899016
0.232,0.2920482227925657
0.3,0.23989285560487283
0.322,0.4429078104451515
0.318,0.32533010458154266
0.324,0.32695018703987555
0.322,0.32006813844866977
0.32000000000000006,0.327064563456542
0.314,0.31619047318153143
0.30999999999999994,0.31441856268041796
0.30999999999999994,0.31024564438331054
0.314,0.30958934419142037
0.312,0.316604448560253
0.30999999999999994,0.31371911340799574
0.306,0.30740569230935133
0.306,0.2946858795396093
0.268,0.29136438115935015
0.222,0.22371595239639624
0.22000000000000003,0.21823108149209788
0.22000000000000003,0.22142437398648657
0.212,0.22187692259709668
0.212,0.2201165768203293
0.218,0.21541292933247375
0.216,0.21446818749825736
0.216,0.2190867343983331
0.214,0.21543276987676782
0.208,0.21553278001568418
0.21,0.21175803121747372
0.216,0.20952337321779277
0.216,0.21546478252491724
0.216,0.21742094488453595
0.21,0.2191345924944232
0.21,0.21371371033442293
0.218,0.21439794065484347
0.27,0.21798095636130208
0.312,0.3092477032967033
0.334,0.31894585911415824
0.38599999999999995,0.3492443766929489
0.48399999999999993,0.4315636517720242
0.71,0.597643060461798
1.026,1.5201962790697676
4.014,2.274480000000001
4.978,3.3319199999999998
4.518,4.137282666666668
4.468,3.0620542857142863
2.326,3.1825000000000006
2.192,2.6242420317460327
2.784,2.424876384791531
1.302,3.112493233082706
0.9339999999999999,1.6708635294117649
1.086,1.3957751770550533
1.118,1.7685763690454912
1.12,1.2844929348786995
1.108,1.3177444699532956
0.994,1.2451815331373333
0.868,1.0440521246319374
0.806,0.8740127819670256
0.904,0.8038530802346743
1.016,1.0928764600483707
1.5539999999999998,1.4347635571956625
1.768,1.505238432288155
2.0,2.1198268087626424
2.07,2.185313899239873
2.068,2.3913871471928068
2.058,2.5096126275351853
1.924,2.315425197270556
1.812,2.08630163991281
1.816,2.0582467767033705
1.804,2.1411894001992384
1.484,2.1215057178836645
1.478,1.584835176344472
1.504,1.5058421729755531
1.57,1.5254249199260983
1.58,1.6103858594135307
1.586,1.6302803986176142
1.7,1.6149906883390455
1.254,1.7146836932627563
0.888,0.9372369769243013
0.9,0.9187377150042939
0.8900000000000001,0.8762965533943206
0.998,1.0186920684106109
0.952,1.285896769557598
0.93,1.0202966824752657
0.9239999999999999,0.9053725313399718
0.95,0.9180158341007484
1.002,1.0682091297744594
0.992,1.0980541813563667
0.988,1.0311162700154033
0.988,1.0248295931335871
0.996,1.0132943782363115
1.0,1.0099305216498864
1.054,1.000488390775423
1.49,1.0245054146344852
1.192,1.3836828739011593
1.198,0.9945401201369849
1.144,1.3219936281715416
1.356,1.1249456983783954
1.248,1.476300705368964
1.052,1.2813440540750511
1.096,0.7443709149037802
1.104,1.0901697909924253
1.272,1.1091523066124591
1.712,1.360564215709111
1.844,2.0651886679672504
1.908,1.8781646463854675
1.896,1.9610079507497618
2.142,1.9356093909280108
3.0259999999999994,2.1182137868357143
3.01,3.064659786807017
2.94,3.0370025070557953
2.988,3.0823551468828794
3.092,3.054053926213289
3.166,3.118471393680911
3.176,3.2144729720400917
3.2619999999999996,3.1850068925177855
3.1280000000000006,3.5379361254630872
3.272,3.1535859574536467
3.3419999999999996,3.374623446853991
3.3540000000000005,3.376214684448133
3.446,3.375927727655607
3.4479999999999995,3.390340699147095
3.242,3.384727177898424
3.1879999999999997,3.045156986248588
3.1779999999999995,3.170361273482069
3.1599999999999997,3.1503321017049366
3.1680000000000006,3.145791084402264
2.9299999999999997,3.1432477056202806
2.324,2.9436115007034136
2.362,2.1876115722869978
2.412,2.4930903783357086
2.5479999999999996,2.548917167103303
2.5399999999999996,2.826791699920973
2.524,2.534454164482441
2.524,2.4815986104658894
2.4339999999999997,2.501564141330087
2.422,2.484249464950391
2.414,2.4262741078423686
2.408,2.4462727449289874
2.4739999999999998,2.4436990288843523
2.238,2.465737716433846
2.082,2.3646313262889502
2.32,2.2909335088613645
2.296,2.346051227444376
2.564,2.2278822707574326
4.032,2.5441865452760175
4.722,3.790986044182362
4.035999999999999,4.431649441641957
4.596,3.90284594639823
4.109999999999999,4.490463950964255
4.744,3.991100089523874
6.808,4.382657925294198
6.826,7.147433333333333
6.9,6.764581904761906
6.898,6.785517460317461
6.919999999999999,6.592524126984126
6.94,6.605441904761903
6.938,6.511061904761906
7.016,6.689558998778999
7.07,6.85043746031746
8.024,6.926356126984126
9.078,7.752319999999998
8.176,7.614120000000001
7.068,7.57664
6.698,6.222262222222221
6.218,5.787960555555553
6.816,5.201012449197862
7.026,5.710865
6.074,5.846345000000001
6.962,5.2876387727272744
4.936,5.743045555555555
3.92,4.9940249167575095
5.188,4.15256
7.132,4.8618029898589
7.076,5.790004666666667
4.84,5.443478476190477
3.9019999999999997,4.39825955988599
5.028,3.829220000000001
6.916,4.465963420642685
7.932,6.292079999999998
6.776,7.5785599999999995
6.426,4.764840000000002
7.938,4.0753200000000005
6.814000000000001,7.5391200000000005
6.272,5.295880000000001
5.638000000000001,4.038480000000001
4.072,4.700796091997107
3.53,3.7789064227642277
3.742,4.261467366141104
4.5280000000000005,3.763455055299113
3.5099999999999993,4.1044370294442745
4.082,3.570959523809525
3.886,3.779538391100859
3.858,3.7627972710984423
3.096,4.084839822752841
2.594,2.6984316190476196
2.566,2.9541360152112466
2.514,2.7506491844807335
2.602,2.6233255748730935
2.6599999999999997,2.846314472801911
2.644,2.561393580316693
2.674,2.4132357461042124
2.554,2.342869650028038
2.4719999999999995,2.42899358781265
2.496,2.227772726516033
2.47,2.3623346538184125
2.488,2.351846790952076
2.4639999999999995,2.474458207546418
2.4719999999999995,2.174203058669868
2.444,2.200839741046375
2.4419999999999997,2.2152253362740626
2.422,2.2462324296396017
2.42,2.229932306061167
2.4359999999999995,2.2581633595731856
2.71,2.357486646968928
2.75,2.719376424521301
2.59,2.7453818906544094
3.6039999999999996,2.6007060040965877
4.434,3.6198732540568788
3.9139999999999997,4.39704258006688
4.389999999999999,3.848459314501354
3.8959999999999995,4.3058803529270495
5.718,3.632021409498706
6.656,5.488172926554734
6.668000000000001,6.909513333333332
6.714,6.762061904761904
6.7540000000000004,6.793095238095237
6.788,6.796335238095237
6.86,6.796055238095236
6.702,6.685455238095236
6.656,6.399165665445665
6.32,6.516405665445664
4.444,5.522845684407097
6.175999999999999,4.1448718330679
4.464,5.869579714932128
4.466,4.145258788759012
4.035999999999999,4.129485874084734
3.5499999999999994,3.439125089430896
4.494,3.441957021342939
4.57,4.0116101483229665
3.9099999999999997,4.031127092320648
3.9579999999999997,3.431022493506493
4.175999999999999,4.183134040014654
3.512,4.094862986723813
3.584,3.1033927996637307
4.28,3.840736869795344
3.3859999999999997,4.228868876844493
3.742,3.450487565155922
3.822,3.914907237253161
3.18,3.742550612998268
4.42,3.084258685185185
3.25,4.497001265396452
3.848,3.5098178333333325
3.542,3.971999504937033
3.286,4.118352804718837
3.356,3.872398659513776
2.7359999999999998,3.75182540525552
3.3279999999999994,2.84121949734091
3.162,3.85132720715151
2.7359999999999998,2.9473026052867155
3.476,2.8486310576154574
2.656,3.593850733173977
3.5000000000000004,2.6374707231559795
2.564,3.483118619834388
3.504,2.409229596309644
2.256,3.5323876196152098
1.96,2.60205194228709
1.932,2.8152686891361904
2.016,2.0227112895020687
2.012,2.4387407657952695
1.96,2.0341137416107524
1.96,1.9613822603586906
1.95,1.992589856735776
1.876,1.952118922502343
1.7500000000000002,1.9393150809754471
1.702,1.8046886659913348
1.664,1.769773017001186
1.686,1.6754594830865415
1.658,1.688150375368989
1.776,1.6512172156165479
1.7800000000000002,1.793652942320412
1.798,1.7542454458178567
1.768,1.9137060685790799
1.784,1.759532162299945
1.754,1.7814756073991116
1.7700000000000002,1.744412307011766
1.756,1.7653539261767146
1.7800000000000002,1.7461559760132324
1.772,1.7630809226819
1.7700000000000002,1.763526675978801
1.786,1.7660383109540319
1.774,1.7879740112642442
1.792,1.7629598883714557
1.776,1.8067585572175502
1.784,1.7628018831297096
1.686,1.7564532265267805
1.732,1.6701723417779417
1.786,1.7819404978233804
1.802,1.8027865065335
1.7700000000000002,1.8290609095086117
1.7800000000000002,1.775147887481918
1.774,1.7729540266944244
1.788,1.747257240343215
1.768,1.8189143760105444
1.802,1.7716879142475714
1.806,1.8426268098047207
1.81,1.8512479274075346
2.022,1.839991947171293
2.028,1.9992121886198975
1.976,2.0128850080014966
1.986,1.96955779523213
2.5079999999999996,1.994224849828044
3.846,2.3658204614037155
3.1879999999999997,3.570542154723988
3.77,2.87324130625605
3.268,3.629281096344457
3.791999999999999,3.0828245662453426
4.032,3.734532209590862
3.9419999999999997,3.842324236521438
3.974,3.7718521897661295
5.634,3.6509365001311957
6.126,5.021071356153128
6.135999999999999,5.827245120617944
6.284,5.832369784476308
6.206,5.803228032095355
6.192,5.776004730508055
6.13,5.833964365428688
6.12,5.724173935636259
6.086,5.553573460666785
6.086,5.59868882574615
6.082,5.540596100158013
6.115999999999999,5.48197667647059
6.114,5.467481548265462
6.198,5.378207702111614
4.106,5.4675635384615395
4.026,3.6648329445033596
4.002,4.169700543976348
3.966,4.121526247462644
3.62,3.9011081845803592
3.7539999999999996,3.7421648243115855
5.148,3.6593194222194403
3.9079999999999995,4.820327127466253
3.6779999999999995,3.4143878953734323
3.8259999999999996,3.6282825350692613
5.38,3.955955064422425
3.916,4.736493393968275
3.5499999999999994,3.374240508370179
3.174,3.506990418676624
2.878,3.0789309515960226
3.366,3.5948549532519487
2.35,3.589846912718395
3.4439999999999995,2.5452611785631882
2.64,3.798061789137397
3.512,2.5726696360913826
2.665999999999999,3.696500085219658
3.45,2.4833233668438255
2.7559999999999993,3.745926929723989
2.9959999999999996,2.452255218371662
2.8399999999999994,2.9405169275501506
2.378,2.8166651373369835
2.182,2.5723560908414065
2.012,2.317382941755276
1.692,2.3809632388163804
1.658,1.9284005165356286
1.622,1.761732294624487
1.578,1.6972553805196948
1.578,1.6045186508847644
1.38,1.6824867300758184
1.41,1.5857513546024313
1.392,1.5026482188091141
1.5,1.4179449901823205
1.42,1.5544750201810074
2.138,1.4851528139971428
2.384,2.1937731617096348
1.438,2.0266658420696473
2.064,1.269428647323576
1.37,2.079227927310259
1.382,1.7644417805391273
1.4059999999999997,1.6780247388016223
1.386,1.466320551604148
1.394,1.5681947307590451
1.3679999999999999,1.4180759015646198
1.39,1.3638684914902235
1.376,1.5108073066915637
1.39,1.3994481673026362
1.366,1.4066671310879082
1.354,1.3517756702181936
1.294,1.375401153503268
1.308,1.3598957764436614
1.292,1.3083401645444774
1.31,1.3090461099819213
1.296,1.3079574292702727
1.322,1.3061847336435228
1.312,1.3165211804336445
1.302,1.3084457678282666
1.314,1.3085830501667401
1.292,1.3086849133254845
1.324,1.3101246502566533
1.316,1.3220591105334965
1.334,1.314412883983833
1.412,1.3304532997140146
1.444,1.4178103474011114
1.42,1.5272996607418192
1.43,1.4341811202069172
1.414,1.443073950172174
1.56,1.4194819915049266
1.55,1.6117911019895526
1.526,1.5601181175148813
1.51,1.508637770848475
1.54,1.5031439099064574
1.524,1.517066425892914
1.536,1.4983307535435584
1.518,1.5121009528158869
1.538,1.4981386350021737
1.514,1.4993818095750269
1.582,1.5000241913580665
1.508,1.5756420888815146
1.516,1.4986001194710667
1.494,1.504132489909579
1.516,1.490002882965488
1.498,1.5275868150861063
1.512,1.4904319576916811
1.412,1.50281574784319
1.592,1.4618294317458596
1.87,1.599932827000898
1.8,1.7535104900651646
1.932,1.8221965391431914
2.014,1.9832882552859892
2.016,2.080710444245346
2.016,2.046206769281837
2.104,2.035048344390403
2.088,2.1289191325415873
2.086,2.1156807867612843
2.072,2.054024844727995
1.9660000000000002,2.0204804223029704
1.88,2.0045548939253286
1.902,1.9180973242538435
1.886,1.9525305825498813
1.888,1.8756941064009147
1.876,1.8696892622688528
2.014,1.854742675279731
2.17,2.0392355079554494
2.194,2.200710303529127
2.172,2.2353476480799834
