Actual,Predicted
1.194,1.2561928
0.988,1.2589413
0.858,1.152367
0.816,1.0514553
0.818,0.99041945
0.814,0.9605364
0.816,0.9375714
0.816,0.922117
0.82,0.9099204
0.82,0.9025999
0.818,0.89606035
0.8220000000000001,0.8897713
0.826,0.88750845
0.826,0.8870081
0.816,0.8855363
0.82,0.8789645
0.83,0.878204
0.826,0.88231015
0.756,0.88095134
0.96,0.84378827
1.078,0.9382726
2.898,1.0297718
2.968,2.3017626
3.17,2.635265
3.2100000000000004,2.903486
2.986,3.0280836
3.44,2.9211862
3.416,3.2820945
3.424,3.3032916
3.406,3.330753
3.422,3.3404
3.396,3.365529
3.354,3.3581865
3.336,3.3356676
3.35,3.3260367
3.33,3.337336
3.34,3.3262923
3.34,3.335558
3.358,3.3387456
3.352,3.3547711
3.362,3.3550968
3.28,3.366017
3.2880000000000003,3.3131456
3.286,3.317799
3.2920000000000003,3.3158212
3.2839999999999994,3.31997
3.318,3.3151236
3.3,3.3390708
2.126,3.3288949
3.072,2.6727061
3.2920000000000003,3.0909703
2.472,3.254188
2.72,2.7882411
2.696,2.8671155
2.322,2.83731
2.974,2.6052623
2.976,2.956397
2.904,2.987537
1.754,2.9551754
2.738,2.2975264
1.76,2.7380419
2.936,2.2048366
1.632,2.8214474
2.892,2.107512
1.768,2.7574935
2.758,2.1517549
1.676,2.6617882
2.814,2.0792856
1.636,2.6773334
2.756,2.0464206
1.446,2.6236923
1.076,1.9259015
1.058,1.598216
1.068,1.4608206
1.33,1.3802898
1.26,1.4586675
2.498,1.4175463
2.968,2.1643937
3.0399999999999996,2.661654
1.466,2.8364081
1.29,1.9320272
1.154,1.7053654
0.976,1.5371544
0.956,1.3589114
0.938,1.2621963
0.884,1.1912849
0.9,1.11599
0.88,1.0811316
0.852,1.0428048
0.62,1.0020531
0.638,0.8569376
0.62,0.8098862
0.642,0.7701074
0.634,0.7563951
0.634,0.7376802
0.646,0.72459716
0.626,0.7207651
0.596,0.70513296
0.6559999999999999,0.6812249
0.682,0.7011514
0.6580000000000001,0.71801615
0.68,0.7106847
0.6559999999999999,0.7199647
0.676,0.7105253
0.6580000000000001,0.71784645
0.6980000000000001,0.7105245
0.6580000000000001,0.72864556
0.674,0.71347356
0.716,0.71697783
0.852,0.73924565
0.8220000000000001,0.81771487
1.766,0.8301854
1.492,1.4301293
1.346,1.4059525
1.696,1.3315898
1.93,1.5650859
2.436,1.784444
1.546,2.2008011
1.46,1.7233205
1.4779999999999998,1.6236324
1.448,1.6018748
1.968,1.5700058
3.662,1.8462893
3.714,3.144948
3.7,3.3974512
3.692,3.474766
3.72,3.5230508
3.7,3.577497
3.738,3.5913367
3.698,3.6396353
3.69,3.6270406
1.466,3.6308973
4.024,2.3835738
1.638,3.7306046
1.482,2.3622444
1.446,2.0946662
1.414,1.9248466
1.492,1.7973206
1.7300000000000002,1.7565951
1.734,1.8387364
1.738,1.839525
1.712,1.836719
1.7,1.8196399
1.804,1.8077567
1.882,1.8598328
1.82,1.9156075
1.584,1.8977362
1.572,1.7702081
1.57,1.730949
1.748,1.7094814
1.92,1.7911681
1.03,1.9051056
0.47400000000000003,1.4532694
0.49000000000000005,1.0505551
0.466,0.9046076
0.436,0.7982686
0.382,0.71030587
0.4,0.6236137
0.378,0.5822649
0.386,0.53937745
0.366,0.51346874
0.388,0.48360664
0.368,0.47409812
0.396,0.45385557
0.344,0.45382658
0.4,0.42602298
2.4600000000000004,0.43876532
3.234,1.7678006
2.822,2.676943
2.754,2.6015096
2.75,2.6168344
2.76,2.6585212
2.7100000000000004,2.695971
2.684,2.678351
2.634,2.6761348
2.742,2.6541088
2.832,2.7280674
3.486,2.8053296
2.916,3.2818274
1.64,2.9514277
1.638,2.224527
1.614,2.069286
1.624,1.9560444
1.5640000000000003,1.8868988
1.636,1.8019837
1.572,1.7951921
1.824,1.7392961
1.8160000000000003,1.851475
1.832,1.867312
1.908,1.8843807
2.074,1.9347749
2.052,2.058631
2.102,2.0738592
1.994,2.1198943
1.982,2.0718546
1.916,2.0636048
1.8119999999999998,2.0259378
1.792,1.9580594
1.8140000000000003,1.9255633
1.792,1.9211984
1.8119999999999998,1.9005777
1.796,1.9015394
1.818,1.8886762
1.79,1.8950559
1.802,1.8790544
1.782,1.8807154
1.91,1.8685224
1.986,1.934926
2.254,1.9927852
2.244,2.187955
2.242,2.2251728
2.27,2.245933
1.93,2.2799823
1.916,2.1004045
1.952,2.0598085
1.964,2.060022
1.802,2.0577435
1.658,1.9622841
1.64,1.8559965
1.648,1.8090662
1.9,1.7872343
1.942,1.908125
1.8580000000000003,1.955092
1.866,1.9262179
1.8580000000000003,1.9302646
1.878,1.928764
1.848,1.9408193
1.8559999999999999,1.9280972
1.7699999999999998,1.9304914
1.794,1.8834853
1.7699999999999998,1.8842349
1.704,1.8673414
1.7,1.8245467
1.7279999999999998,1.808305
1.716,1.8142884
1.726,1.8052093
1.718,1.8063507
1.756,1.8004992
1.7279999999999998,1.8187472
1.742,1.8073293
1.74,1.8127772
1.718,1.8127412
1.7300000000000002,1.8009046
1.716,1.8044062
1.736,1.7968237
1.7,1.8054155
1.724,1.7873119
1.698,1.7957412
1.71,1.7825567
1.69,1.7854367
1.706,1.7742162
1.786,1.7794193
1.826,1.8233304
1.794,1.8567916
1.53,1.8514986
1.512,1.7111937
1.5220000000000002,1.6656046
1.5,1.6486844
1.524,1.6230379
1.534,1.6222308
1.596,1.621706
1.576,1.6517051
1.59,1.6474962
2.21,1.6551723
2.258,2.042716
2.224,2.1615448
2.672,2.1852126
2.684,2.5159106
2.728,2.5967474
3.084,2.6689968
2.7920000000000003,2.9530091
2.7880000000000003,2.8052428
2.768,2.810496
2.8,2.8044097
2.738,2.8306625
2.72,2.7991557
2.702,2.7877061
2.726,2.7748625
2.72,2.7855048
2.732,2.7827182
2.7100000000000004,2.7898798
2.726,2.778957
2.702,2.787596
2.608,2.775393
2.226,2.7193348
2.426,2.4876118
2.434,2.5484247
2.436,2.5422559
2.512,2.5345986
2.524,2.5723681
2.488,2.5845041
2.496,2.5683804
2.502,2.5719848
2.77,2.5761392
2.7920000000000003,2.7598991
2.816,2.803327
2.778,2.8385346
3.174,2.826462
3.306,3.105287
3.318,3.228795
3.332,3.2671869
3.316,3.2986257
3.434,3.3032846
3.494,3.3945463
3.516,3.4492152
3.266,3.4775622
2.944,3.3193023
3.162,3.129899
3.244,3.2164302
3.182,3.2604558
3.188,3.219793
3.184,3.222899
3.236,3.220005
3.03,3.2559907
2.814,3.132346
2.682,2.9978507
3.162,2.894256
2.9600000000000004,3.1512938
2.926,3.0319433
2.978,3.009259
2.864,3.0369134
2.476,2.9698608
2.548,2.7459433
2.8739999999999997,2.7351668
3.13,2.9074473
2.984,3.0938632
3.02,3.0211382
2.988,3.052869
3.01,3.0389583
2.994,3.0564752
3.006,3.0487018
3.012,3.0574632
2.318,3.0625408
1.988,2.6709225
1.904,2.4046903
2.126,2.2624698
2.148,2.3110952
2.16,2.2979064
2.142,2.2857504
2.182,2.2632468
2.232,2.2746906
2.306,2.3007333
2.486,2.350008
2.504,2.4841764
2.5,2.522918
2.586,2.5367453
2.522,2.606581
2.502,2.5783322
2.422,2.5676827
2.322,2.5241125
2.266,2.4584584
2.22,2.40839
2.116,2.3629255
2.196,2.2846167
2.182,2.3026032
1.9779999999999998,2.2868707
1.788,2.163544
1.862,2.0246239
1.8140000000000003,2.0187235
1.794,1.9721903
1.846,1.938584
1.784,1.9488628
1.862,1.9092584
1.876,1.9384278
1.8940000000000001,1.948656
1.88,1.9607682
1.8960000000000001,1.9566829
1.826,1.965679
1.8160000000000003,1.9296719
1.808,1.9155732
1.83,1.9048252
1.87,1.9112656
1.822,1.9323153
1.93,1.9102277
1.974,1.9649686
1.97,2.002197
1.982,2.0131414
1.992,2.0276809
1.768,2.0406795
1.62,1.923561
1.622,1.8154554
1.628,1.7800514
1.626,1.7606761
1.63,1.7440724
1.632,1.734364
1.634,1.7273957
1.626,1.722888
1.614,1.7148154
1.61,1.7043936
1.6039999999999999,1.6978263
1.592,1.6911113
1.67,1.6812941
1.39,1.7194177
1.8,1.5776789
1.584,1.7612998
1.502,1.685297
1.63,1.6286755
1.9380000000000002,1.6808174
2.078,1.8709692
1.8119999999999998,2.0097892
1.798,1.8862273
2.1,1.8714249
2.09,2.0498135
2.198,2.0823748
2.334,2.171832
2.314,2.2890584
2.308,2.3072634
2.306,2.319658
2.302,2.329547
2.3,2.3384545
2.32,2.345441
2.352,2.3625133
2.432,2.3875537
2.518,2.4454083
2.578,2.5184982
2.482,2.5781045
3.474,2.5314906
3.4660000000000006,3.231326
3.488,3.307267
3.6179999999999994,3.3710096
3.664,3.497285
3.604,3.5613692
3.558,3.54425
3.556,3.5264618
3.776,3.531479
3.66,3.6905098
3.652,3.620021
3.666,3.6225219
3.65,3.6355438
3.53,3.6271894
3.248,3.5450952
3.596,3.3765
3.604,3.5710914
3.42,3.5766518
3.408,3.457499
3.432,3.4439595
3.398,3.4556043
3.428,3.429682
3.432,3.448321
3.442,3.4507663
3.468,3.4584212
3.452,3.4777896
3.434,3.468887
3.388,3.4575205
3.338,3.4250388
3.482,3.3872852
3.508,3.4824994
3.386,3.5032945
3.344,3.423154
3.452,3.391853
2.8739999999999997,3.4616277
2.86,3.1192327
2.8820000000000006,3.0660684
2.846,3.0396523
2.822,2.9935706
2.802,2.9583359
2.8,2.929453
2.808,2.9138577
2.818,2.9078944
2.798,2.906927
2.798,2.8924098
2.946,2.888075
3.052,2.9838662
3.092,3.064971
3.068,3.105603
3.084,3.1010683
3.1,3.1181107
3.15,3.1339226
3.166,3.1720927
3.228,3.1887987
3.14,3.236189
3.136,3.1829834
3.156,3.1797936
3.264,3.1923523
3.298,3.2669349
3.274,3.2973645
3.096,3.2884095
2.948,3.1785123
2.972,3.0846295
5.07,3.0757775
5.406,4.5865846
5.485999999999999,4.9059157
5.778,5.0559783
5.728,5.368958
5.68,5.3600607
5.68,5.3768234
5.724,5.40438
5.65,5.4513836
5.485999999999999,5.3969326
5.39,5.2779226
5.411999999999999,5.209966
5.606,5.222561
5.752000000000001,5.3661957
5.78,5.47071
5.658,5.4990253
5.562,5.4184823
5.592,5.363012
5.5760000000000005,5.3933687
5.6,5.3758736
5.602,5.3986225
4.920000000000001,5.3995767
3.4600000000000004,4.9050555
3.444,4.008337
4.894,3.8985057
5.556,4.744851
5.536,5.189732
4.196,5.203762
3.654,4.318364
3.586,4.003175
3.6,3.872739
3.604,3.7979975
3.59,3.7413797
3.596,3.6925159
3.556,3.6668053
3.546,3.623456
3.5399999999999996,3.6054366
3.516,3.5933545
3.486,3.5702915
3.484,3.5433693
4.588000000000001,3.535581
5.62,4.3273396
5.628,5.145469
5.52,5.1882157
5.46,5.196227
5.51,5.2052093
5.49,5.271373
5.485999999999999,5.264122
5.524,5.2702794
5.524,5.302391
5.462,5.3011003
5.488,5.255056
5.208,5.280758
3.88,5.057355
4.424,4.221664
6.332,4.4976134
6.446,5.886465
6.32,5.8816376
6.092,5.896851
3.93,5.7791166
4.394,4.3577294
5.642,4.6250663
5.788,5.4090834
5.698,5.442482
4.204,5.420333
4.242,4.4288316
5.829999999999999,4.4435587
6.434,5.5403314
6.23,5.930963
5.948,5.8102736
3.746,5.6733484
3.732,4.241188
3.748,4.197349
3.748,4.0461287
3.75,3.9475746
3.99,3.8799722
4.204,3.9871511
4.44,4.131186
4.194,4.3116117
4.098,4.146605
4.172,4.0956054
4.138,4.148486
4.098,4.119372
4.086,4.0893703
4.082,4.077036
4.196,4.0689163
5.928,4.1473336
6.116,5.4766
6.116,5.589188
6.116,5.6881576
6.094,5.753048
5.8260000000000005,5.7733545
5.816,5.580208
5.796,5.599885
3.984,5.569289
3.98,4.3664446
3.992,4.330434
4.454,4.1943994
5.864,4.401795
5.884,5.4545712
4.508,5.433947
4.136,4.519775
4.418,4.3307395
5.964,4.4403043
5.964,5.5929236
4.876,5.530908
4.108,4.7878895
4.082,4.3591547
5.792,4.2778063
5.764000000000001,5.4785843
4.964,5.369958
5.18,4.833255
5.694,5.064702
6.632,5.433409
7.434,6.171775
7.464,6.8115306
6.13,6.8277903
5.692,5.835744
5.892,5.658823
7.518,5.756095
6.5840000000000005,7.04635
4.374,6.067189
3.574,4.777438
3.584,4.2623224
6.828,4.0726256
7.45,6.3424253
6.124,6.6219378
3.592,5.6835475
3.59,4.2103252
5.308,4.1509333
5.993999999999999,5.1611485
6.52,5.586657
5.652,6.036322
3.916,5.37126
5.25,4.3337464
5.484,5.213809
4.414,5.247545
5.238,4.5147276
5.792,5.1257467
6.754,5.479621
5.606,6.2602663
4.386,5.310016
3.67,4.643047
4.06,4.1560516
7.502000000000001,4.2645392
7.68,6.912347
4.817999999999999,6.77764
3.7,4.8463597
3.74,4.310332
7.488,4.171769
7.52,6.9611435
6.364,6.6372957
5.602,5.93612
7.202,5.501764
9.25,6.840006
9.254000000000001,8.455081
7.262,8.213423
5.456,6.745495
5.57,5.754467
8.536,5.7708516
9.272,8.068104
7.904,8.213547
4.928,7.1748605
3.732,5.3351326
5.314,4.6343937
5.234,5.394192
3.546,5.105458
5.05,4.058252
6.4,5.0019636
6.082,5.932151
4.582,5.65022
3.4559999999999995,4.686924
5.186,4.030534
6.632,5.1042037
7.366,6.128624
6.962,6.686845
5.608,6.41488
5.594,5.4905777
6.374,5.576368
6.661999999999999,6.1249385
4.993999999999999,6.2686224
3.454,5.0657825
3.4579999999999997,4.1647415
4.264,4.014734
5.362,4.3239512
4.918,5.070361
3.476,4.7047954
3.474,3.8468785
4.854,3.7933886
5.406,4.667267
4.01,5.055373
3.34,4.0982647
3.548,3.7264588
5.238,3.7606964
5.214,4.923675
3.42,4.8831573
3.422,3.7547305
6.022,3.7273295
7.332,5.5678296
6.506000000000001,6.5901723
5.186,5.9101725
5.252000000000001,5.097354
7.082,5.2153845
5.47,6.655506
3.436,5.2129555
3.156,4.1052494
3.894,3.819484
5.116,4.066497
4.436,4.846518
3.134,4.303349
3.2100000000000004,3.5718162
6.886,3.5362427
7.256000000000001,6.2587357
4.064,6.4120703
3.192,4.2491517
3.686,3.8433387
6.864,3.9683607
7.1,6.329893
5.38,6.334665
5.222,5.1185794
6.312,5.1859083
7.088000000000001,6.0032773
6.146,6.5461297
3.3820000000000006,5.763184
3.604,4.1062593
5.362,4.167213
5.698,5.175953
4.646,5.3210454
4.466,4.5929017
7.274,4.5170426
7.64,6.743237
7.384,6.8137503
6.302,6.756746
3.0399999999999996,5.98613
4.17,3.9984877
4.888,4.589076
3.674,4.8230257
2.884,4.002483
2.978,3.4911666
4.9,3.4038556
4.874,4.6082764
2.57,4.5736284
1.8960000000000001,3.1919203
2.62,2.7335322
3.93,2.9493136
2.896,3.7465053
1.912,3.1060677
2.42,2.5469677
4.034,2.6938477
3.446,3.731864
2.01,3.4026706
2.058,2.5952303
4.024,2.4894085
3.546,3.6922104
2.006,3.4519148
2.008,2.5779066
3.86,2.446353
3.7059999999999995,3.5575168
1.982,3.5403059
1.962,2.5526538
3.904,2.4066107
3.74,3.573599
1.94,3.5548992
1.9339999999999997,2.5235038
3.5339999999999994,2.3814542
3.8739999999999997,3.304675
1.966,3.6228344
1.756,2.5185297
2.94,2.269519
3.828,2.8648732
2.512,3.536969
1.746,2.7671752
2.13,2.2819939
3.764,2.3680186
3.214,3.426445
1.762,3.1556787
2.216,2.3236823
4.064,2.440268
4.186,3.6642387
2.066,3.8625963
1.962,2.6249433
3.342,2.4391594
4.158,3.1934726
2.512,3.8256128
2.084,2.8447392
3.2,2.54221
4.094,3.119703
2.928,3.7847025
2.088,3.0712397
2.406,2.5901814
4.084,2.6550508
3.774,3.7339284
2.1,3.6002083
2.098,2.6499524
3.68,2.5228002
4.054,3.4431922
2.036,3.77867
1.81,2.6093187
2.644,2.35056
3.674,2.702612
2.746,3.4235015
1.704,2.8806255
1.712,2.2732913
3.7119999999999997,2.1367598
3.578,3.3502789
1.692,3.3845592
1.6880000000000002,2.2996306
3.3780000000000006,2.144278
3.672,3.1268787
1.746,3.434227
1.696,2.3206725
3.032,2.148082
3.722,2.8751833
2.046,3.4417198
1.714,2.4660077
2.264,2.1791375
3.986,2.3802073
3.604,3.5751262
1.888,3.4233532
1.992,2.4357285
4.018,2.3601427
3.906,3.6295693
2.052,3.6591742
2.038,2.589482
3.158,2.456025
4.046,3.0591733
2.946,3.7264047
2.304,3.0557272
2.3760000000000003,2.6923232
4.072,2.6466696
4.388,3.7261026
2.3780000000000006,4.040356
2.32,2.8432155
2.454,2.730115
4.336,2.7171283
3.976,3.9363406
2.3739999999999997,3.7621276
2.388,2.8389714
2.3820000000000006,2.7593956
4.394,2.6776416
4.232,3.9754608
2.362,3.945264
2.37,2.85238
3.572,2.7679358
4.412,3.4351447
3.2899999999999996,4.072932
3.468,3.3537443
4.432,3.4808679
5.824,4.168997
5.462,5.3045774
5.266,5.019335
4.622,4.983768
5.782,4.53884
6.247999999999999,5.4667616
4.472,5.778475
4.372,4.5276237
5.508,4.515341
4.288,5.2663875
2.56,4.3455443
2.26,3.3479078
2.25,3.0199883
3.674,2.8326135
2.9579999999999997,3.5556836
2.582,3.120436
3.866,2.8898566
4.942,3.673961
3.35,4.505525
1.932,3.4594584
3.0,2.6909735
5.09,3.1220846
5.94,4.6143074
4.456,5.3552136
3.836,4.283854
4.646,3.9732955
5.758,4.5225215
2.886,5.352162
1.4,3.4519248
1.3539999999999999,2.588969
3.436,2.2826486
3.036,3.2798364
1.374,3.0615857
1.376,2.1397734
2.7,1.9454901
3.408,2.5935493
1.8160000000000003,3.177679
1.366,2.2608023
1.88,1.9043239
3.404,2.0594752
1.634,3.074207
0.298,2.0880613
0.368,1.2625538
2.4,1.0312657
2.286,2.0266154
0.4,2.1678658
0.398,1.1745703
1.198,0.93769354
2.488,1.2228425
1.064,2.0785856
0.39,1.4028132
0.386,0.9461531
2.386,0.7844732
2.268,1.862829
0.378,2.055042
0.418,1.0575029
0.5919999999999999,0.8519493
2.5,0.8363223
2.102,1.9562427
0.356,1.9517251
0.358,1.0211456
0.926,0.80108255
2.354,0.9872462
1.798,1.8980063
0.284,1.7391135
0.282,0.9357687
1.108,0.72073215
2.358,1.0429946
1.4339999999999997,1.9131699
0.28,1.5058994
0.28,0.873013
0.28,0.68358314
2.15,0.5843834
2.282,1.6104794
0.876,1.9839889
0.21,1.2368147
0.21,0.7660426
2.116,0.6000721
2.256,1.6015626
0.42200000000000004,1.9732467
0.29599999999999993,1.0099543
0.812,0.74130106
2.3780000000000006,0.89047074
2.0,1.8816866
0.316,1.8620577
0.316,0.964426
0.988,0.74707776
2.3760000000000003,0.9893228
1.818,1.9110632
0.308,1.746672
0.308,0.9445511
1.116,0.7349387
2.352,1.0514065
1.75,1.9119555
0.306,1.706065
0.304,0.9365699
0.5080000000000001,0.72944087
2.2880000000000003,0.7281839
2.156,1.7604473
0.288,1.9366049
0.288,0.94759655
0.288,0.72164977
2.224,0.6115594
2.324,1.6757306
1.102,2.0321205
0.284,1.3778443
0.284,0.855978
1.136,0.682946
2.352,1.0319628
2.246,1.9026512
0.28,2.0408168
0.28,0.98916304
0.244,0.7491316
2.242,0.6112208
2.2839999999999994,1.6895963
0.49400000000000005,2.0087996
0.214,1.060899
0.758,0.7213706
2.3760000000000003,0.8611496
1.898,1.8705736
0.32,1.7883784
0.31800000000000006,0.9495872
0.396,0.73871326
2.3780000000000006,0.67298424
2.3760000000000003,1.806201
0.816,2.098716
0.312,1.2553108
0.338,0.84329844
2.394,0.7041033
2.3739999999999997,1.8368597
0.31800000000000006,2.1130426
0.31,1.0167943
0.31,0.77411515
1.448,0.65544045
2.316,1.179076
1.674,1.9159931
0.214,1.6561731
0.214,0.8743565
0.78,0.6578255
2.358,0.8378383
2.35,1.8452011
0.482,2.0936666
0.29,1.0883375
0.28600000000000003,0.7824568
1.74,0.6479705
2.338,1.3644212
1.794,1.9792644
0.304,1.7557435
0.288,0.95840734
0.282,0.7368737
1.958,0.6210222
2.322,1.4929343
1.428,1.9929286
0.214,1.5309348
0.214,0.8595404
0.496,0.6539514
2.3820000000000006,0.68874073
2.3820000000000006,1.8108234
0.702,2.1010597
0.31800000000000006,1.1915895
0.316,0.82377326
1.424,0.6809964
2.36,1.1809263
2.314,1.9522724
0.308,2.104844
0.306,1.0270032
0.306,0.7838051
1.638,0.66290104
2.3719999999999994,1.3047491
1.802,1.9889051
0.306,1.7602113
0.228,0.95900875
0.49200000000000005,0.70634675
2.286,0.7183831
2.268,1.7561849
0.788,2.0144029
0.3,1.2231654
0.29599999999999993,0.82205254
1.512,0.67080116
2.432,1.2302407
1.794,2.015985
0.37000000000000005,1.7585884
0.37000000000000005,0.99113995
0.78,0.789524
2.396,0.89951724
2.402,1.8983043
1.036,2.1497915
0.364,1.405613
0.364,0.9332313
1.3559999999999999,0.7679285
2.428,1.195568
1.966,2.0092888
0.29,1.8767313
0.368,0.98602444
0.396,0.7977125
2.162,0.70871985
2.412,1.6675369
1.384,2.1009748
0.388,1.5523027
0.386,0.97400427
1.01,0.7936446
2.452,1.0229204
2.44,1.9765388
0.444,2.1977785
0.376,1.1217936
0.374,0.85933965
2.142,0.73476475
2.36,1.6674083
1.382,2.0703914
0.21599999999999997,1.5540241
0.214,0.8895554
0.302,0.67878085
2.264,0.60871226
2.262,1.6987288
0.646,1.9904993
0.212,1.1311882
0.214,0.74004394
1.658,0.59014845
2.2880000000000003,1.290044
1.466,1.9220734
0.288,1.5288107
0.288,0.8821308
0.676,0.69185925
2.346,0.79254603
2.344,1.8228148
0.756,2.0833988
0.28600000000000003,1.2240963
0.284,0.8207436
1.294,0.6672169
2.34,1.1073978
2.184,1.9152781
0.3479999999999999,2.0017126
0.346,1.0185807
0.344,0.7918966
1.944,0.67887235
2.404,1.5065337
1.9339999999999997,2.0601127
0.336,1.8716669
0.338,1.01499
0.342,0.7954023
1.372,0.6841202
2.384,1.1514508
2.398,1.9571493
0.664,2.1615555
0.746,1.2204721
1.412,1.0784616
2.666,1.3566303
3.486,2.248824
2.638,3.0517416
1.416,2.5855677
1.418,1.8711181
1.758,1.7433242
3.422,1.8581394
3.426,2.995234
2.066,3.178202
1.406,2.3564334
1.406,1.9160796
1.552,1.7840997
3.482,1.7800689
3.51,3.020795
2.366,3.2386053
1.304,2.5418658
1.17,1.9133561
1.166,1.6791447
3.168,1.5572444
3.192,2.723783
1.806,2.94575
1.334,2.1490703
1.45,1.7999984
1.824,1.7477751
3.34,1.8964009
2.97,2.936293
0.944,2.8405073
0.31800000000000006,1.701024
0.316,1.159106
0.442,0.93537015
2.388,0.85632485
2.35,1.894153
0.854,2.1213064
0.312,1.3331738
0.308,0.90328765
0.392,0.7366367
2.3739999999999997,0.6801945
2.306,1.802917
0.644,2.0502424
0.218,1.1624779
0.218,0.76821315
0.758,0.6138851
2.304,0.7992803
2.2920000000000003,1.791197
0.42,2.0377228
0.21599999999999997,1.033428
0.214,0.7180135
1.432,0.58094704
2.264,1.1393819
1.598,1.8664755
0.206,1.5913
0.208,0.8429719
0.21,0.6343184
1.674,0.5279017
2.256,1.2647175
1.502,1.8832725
0.28,1.531024
0.28,0.863579
0.308,0.6739047
1.628,0.59066534
2.424,1.2586889
2.176,2.0049272
0.37999999999999995,2.0132425
0.384,1.036475
0.37999999999999995,0.81820065
0.952,0.70796376
2.386,0.93314594
2.3739999999999997,1.8933012
0.996,2.1218762
0.306,1.368152
0.3,0.8836245
0.32,0.7110124
2.346,0.62267226
2.32,1.7618634
1.162,2.044139
0.202,1.4163936
0.244,0.82958716
0.28600000000000003,0.6579979
1.302,0.57992333
2.308,1.0493686
2.076,1.8666643
0.294,1.9064091
0.294,0.9498113
0.288,0.7271857
1.036,0.6145189
2.3,0.9296019
2.304,1.8282894
0.648,2.0562458
0.28600000000000003,1.1589133
0.28600000000000003,0.7974683
0.288,0.65438676
1.704,0.56902224
2.362,1.2967709
1.474,1.9661503
0.292,1.5325477
0.292,0.87860966
0.4020000000000001,0.68956536
2.45,0.647364
2.4600000000000004,1.8467354
1.06,2.1624033
0.45400000000000007,1.391786
0.45400000000000007,0.95969945
0.866,0.8131904
2.49,0.94472855
2.494,1.9785074
0.468,2.2312617
0.42200000000000004,1.1330913
0.374,0.8847218
1.308,0.74263465
2.42,1.1500188
2.006,1.985908
0.37000000000000005,1.8945639
0.266,1.0208626
0.208,0.7533675
1.862,0.5974554
2.272,1.4238591
0.996,1.9418206
0.206,1.2902633
0.206,0.7771212
0.208,0.6033407
1.548,0.51016515
2.27,1.1723777
1.618,1.8669473
0.21,1.5953722
0.212,0.8356312
0.212,0.6293179
1.068,0.524485
2.2839999999999994,0.8976107
2.262,1.8029743
0.212,2.0152907
0.212,0.91255474
0.21,0.6685207
0.926,0.54944366
2.334,0.84128976
2.3760000000000003,1.821263
0.648,2.0979943
0.314,1.1555918
0.31,0.8066935
0.31,0.6672923
2.158,0.58386415
2.386,1.6137742
1.514,2.0549402
0.314,1.5901961
0.398,0.926033
0.37999999999999995,0.7746182
2.028,0.6773452
5.208,1.562024
5.686,4.228614
1.3580000000000003,4.944932
0.576,2.1781669
0.558,1.5488553
0.588,1.2771219
2.554,1.118569
2.6179999999999994,2.1239176
1.874,2.3833263
1.342,1.9873878
1.594,1.6683302
0.588,1.7201641
2.3,1.1811945
3.2119999999999997,1.9781361
2.276,2.8089266
0.35,2.307945
0.228,1.2540079
0.228,0.92236376
0.23,0.74631214
2.202,0.6321648
2.2880000000000003,1.6640563
1.202,2.0029733
0.228,1.4375644
0.234,0.8551739
0.35,0.6673613
1.71,0.6220246
2.656,1.3317466
2.444,2.19114
0.684,2.2442176
0.684,1.2678292
0.684,1.0768054
0.752,0.983825
2.694,0.9569446
2.686,2.1367524
1.488,2.4062111
0.67,1.7225187
0.676,1.2192127
1.3140000000000003,1.0655253
2.714,1.3110054
2.774,2.2665253
0.664,2.5177667
0.672,1.356269
0.664,1.1402696
0.66,1.0253004
2.648,0.94482225
2.668,2.0974488
1.734,2.3856285
1.458,1.8554078
1.832,1.6699117
1.838,1.8260814
3.164,1.8596483
3.7899999999999996,2.791719
3.45,3.4324906
1.768,3.2877798
1.762,2.2865446
2.692,2.1458883
4.198,2.6059136
3.766,3.767869
3.18,3.5464363
1.792,3.1994822
2.078,2.4181643
1.908,2.4211962
3.506,2.2525058
3.892,3.2153616
2.83,3.584654
1.828,2.9511468
1.78,2.371274
1.8559999999999999,2.2102203
3.786,2.156333
3.764,3.3825023
2.366,3.5013542
2.012,2.6853623
1.998,2.4160707
2.346,2.3172863
3.702,2.4506688
3.688,3.3815804
1.922,3.4737043
1.6419999999999997,2.4528182
1.708,2.1672318
2.01,2.0799417
3.674,2.1713648
3.652,3.288745
2.3820000000000006,3.4063528
1.746,2.6592321
1.788,2.2411854
1.788,2.1450267
3.246,2.0710454
3.75,2.962811
3.564,3.4429817
1.794,3.4001265
1.79,2.380603
1.79,2.2315292
2.094,2.1334205
3.812,2.2322924
3.742,3.4051025
2.95,3.4831352
1.7300000000000002,3.0152743
1.8119999999999998,2.3182755
1.74,2.2162395
2.7059999999999995,2.0887554
3.4579999999999997,2.5956614
3.244,3.2022705
1.506,3.1420624
1.508,2.1443532
1.512,1.9774264
1.51,1.8741797
3.228,1.7978776
3.45,2.8476443
2.828,3.1801198
1.432,2.840973
1.442,2.0375667
1.458,1.8823136
2.224,1.7940677
3.33,2.155137
2.332,2.9891257
0.52,2.4342508
0.65,1.433792
0.6559999999999999,1.2378569
0.652,1.1073657
0.652,1.0094273
0.652,0.9377472
0.652,0.88237077
0.646,0.83879304
0.646,0.80298674
0.684,0.7771614
0.712,0.7778224
0.648,0.78500926
0.654,0.7500018
0.586,0.73882097
0.404,0.69627583
0.434,0.58518857
0.522,0.5562667
1.11,0.58095235
1.588,0.8960418
1.602,1.3196856
1.582,1.4515907
1.576,1.4949225
1.5640000000000003,1.5211871
1.558,1.5360343
1.558,1.5538568
1.546,1.5716817
1.54,1.5783343
1.584,1.582699
1.696,1.6110821
1.448,1.6817459
2.53,1.5716456
3.594,2.2314484
3.602,3.1636376
3.598,3.335078
3.512,3.4066653
3.506,3.3885932
1.8140000000000003,3.4118419
1.3119999999999998,2.4428272
1.32,2.0029263
1.318,1.8297174
1.33,1.7088567
1.324,1.6280556
1.33,1.5632194
1.332,1.5209495
1.34,1.4907715
1.322,1.4733481
1.324,1.4499279
1.33,1.4384505
2.348,1.4335517
2.064,2.0641193
2.15,2.0172138
1.338,2.0994906
1.3559999999999999,1.6658882
0.924,1.5886711
0.5300000000000001,1.3194499
0.564,1.0203605
0.472,0.91197765
0.382,0.7892899
0.378,0.67126566
0.424,0.6025829
0.452,0.57995313
0.45400000000000007,0.56707156
0.45400000000000007,0.55130166
0.46399999999999997,0.5375659
0.478,0.53200066
0.684,0.5328941
0.514,0.6356584
0.446,0.58365655
0.44,0.5357966
0.438,0.515716
0.354,0.504523
0.344,0.4547923
0.294,0.42877942
0.28600000000000003,0.39059675
0.512,0.36996722
0.526,0.4663535
0.516,0.5055503
0.512,0.5173121
0.462,0.52360344
0.276,0.50360304
0.264,0.4050842
0.264,0.36501983
0.262,0.3471876
0.264,0.33456698
0.416,0.328284
0.466,0.38777527
0.46399999999999997,0.43573302
0.466,0.45437923
0.46399999999999997,0.46638
0.618,0.47354126
1.3119999999999998,0.55756885
2.804,1.0108219
2.178,2.1942947
2.668,2.030923
2.182,2.4099867
2.704,2.1626253
2.94,2.5303783
1.822,2.77458
0.796,2.1185243
0.756,1.4834675
0.862,1.267794
1.226,1.1996441
1.516,1.3211484
2.488,1.4794827
0.71,2.1430008
0.736,1.2544383
0.66,1.0922472
0.644,0.9713521
0.642,0.8947949
0.6580000000000001,0.84334743
0.6360000000000001,0.8145185
0.654,0.7781726
0.446,0.76432097
0.468,0.64391714
0.448,0.60739756
0.466,0.5734421
0.442,0.56153744
0.4020000000000001,0.5374392
0.394,0.50300235
0.36,0.4816429
0.344,0.4515803
0.364,0.42794806
0.338,0.4242289
0.352,0.4061231
0.336,0.40253106
0.36,0.39097306
0.344,0.39535323
0.47400000000000003,0.3870722
0.444,0.44858077
0.458,0.45508033
0.434,0.46729884
0.45400000000000007,0.4617677
0.434,0.47179148
0.45,0.4661444
0.524,0.4730061
0.48800000000000004,0.513569
0.42,0.5105608
0.37999999999999995,0.4777256
0.36,0.4471764
0.558,0.42503148
0.366,0.5148008
0.356,0.44735196
0.278,0.4211471
0.248,0.37184444
0.27,0.34037006
0.25,0.33458123
0.268,0.32268262
0.254,0.3228644
0.27,0.31644934
0.28,0.3183077
0.362,0.32118726
0.32799999999999996,0.3501351
0.3479999999999999,0.3478209
0.326,0.35743085
0.3479999999999999,0.35230026
0.326,0.36191773
0.34,0.3554101
0.322,0.36080784
0.416,0.3541902
0.344,0.39897686
0.31800000000000006,0.37929547
0.406,0.3613253
0.57,0.39927143
0.68,0.49559194
0.684,0.5898081
0.672,0.6307564
0.758,0.64896375
0.66,0.70857334
0.6580000000000001,0.68542665
0.732,0.6840227
1.464,0.72503513
1.588,1.1813172
1.61,1.4007757
2.724,1.490277
1.7699999999999998,2.3135736
1.758,1.8214496
1.754,1.7762542
1.746,1.7826629
1.666,1.786484
1.678,1.7478493
1.628,1.7461613
1.5619999999999998,1.7168556
1.578,1.6721718
1.5660000000000003,1.6659209
1.5619999999999998,1.6531316
1.552,1.6446756
1.552,1.6347657
1.548,1.6304878
1.552,1.6258677
1.56,1.6259551
1.55,1.6297619
1.552,1.6253569
1.544,1.6255625
1.538,1.6212684
1.526,1.6168633
1.53,1.6088947
1.528,1.6083062
1.534,1.6061543
1.538,1.6081972
1.6460000000000001,1.6104062
1.6460000000000001,1.669075
1.638,1.6854335
1.65,1.6900463
1.65,1.7015967
1.636,1.7070904
1.6460000000000001,1.7033932
1.7,1.709505
1.718,1.7411495
1.716,1.7604392
1.718,1.7675308
1.696,1.7737235
1.696,1.7658215
1.706,1.7655393
1.732,1.7713457
1.662,1.7873155
1.64,1.7541414
1.6440000000000001,1.7348126
1.616,1.7300656
1.58,1.7111723
1.574,1.684783
1.572,1.6718389
1.59,1.6637986
1.662,1.6683943
1.654,1.7064073
2.974,1.7117181
3.164,2.6008968
2.652,2.9095852
3.286,2.6326342
1.96,3.1018662
2.88,2.3268855
2.578,2.797048
2.698,2.6448448
2.952,2.715702
2.952,2.9057834
2.932,2.9370024
1.7720000000000002,2.942975
1.626,2.2777183
1.624,2.0670955
1.618,1.9631921
1.612,1.8879992
1.6059999999999999,1.8317568
1.598,1.7894421
1.592,1.7563668
1.636,1.7316642
1.6059999999999999,1.7396795
1.612,1.7188764
1.6059999999999999,1.7135087
1.6039999999999999,1.7056211
1.588,1.7001301
1.576,1.6879665
2.108,1.6763552
2.116,1.9942327
1.504,2.0695288
1.502,1.7473048
1.882,1.6864979
1.55,1.8633696
1.504,1.7176116
1.488,1.6596767
1.486,1.6270405
1.492,1.6080099
1.484,1.5980657
1.476,1.5851048
1.4779999999999998,1.5730375
1.482,1.5673605
1.484,1.5651416
1.494,1.5636331
1.502,1.5675318
1.508,1.5722558
1.51,1.5767226
1.508,1.5793519
1.544,1.5794961
1.61,1.5992795
1.596,1.6406392
1.6,1.6463187
1.6,1.6540467
1.592,1.658905
1.602,1.658034
1.6839999999999997,1.6646973
1.6839999999999997,1.7116799
1.682,1.7256013
1.676,1.7324568
1.682,1.7344171
1.682,1.7406604
1.6859999999999997,1.7440319
1.6839999999999997,1.7485436
1.596,1.7496876
1.588,1.7032998
1.636,1.686916
1.61,1.705185
1.628,1.6930898
1.612,1.6991656
1.6080000000000003,1.6911283
1.6080000000000003,1.6866637
1.618,1.6848166
1.622,1.6890597
1.612,1.6919141
1.592,1.6873666
1.624,1.6755774
3.344,1.6894187
3.858,2.8737888
3.846,3.47725
3.82,3.5789142
3.7899999999999996,3.625746
3.7160000000000006,3.644114
3.7100000000000004,3.6222444
3.7899999999999996,3.6365912
3.83,3.7035701
3.816,3.7417307
3.808,3.7414525
3.808,3.7432132
1.6059999999999999,3.7483768
1.6,2.5141287
1.602,2.2920718
1.602,2.1226714
1.6059999999999999,2.0006552
1.498,1.9148929
1.504,1.7935109
1.6059999999999999,1.737245
1.588,1.7534789
1.53,1.7310069
1.486,1.685905
1.502,1.644163
1.484,1.6345369
1.476,1.615071
1.472,1.6001673
1.472,1.588975
1.47,1.5814284
1.472,1.5743698
1.54,1.5701579
1.852,1.6022205
3.222,1.7912778
4.094,2.7999482
3.7940000000000005,3.6523721
4.336,3.554639
4.332,4.025772
2.9660000000000006,4.081952
4.084,3.2164862
4.638,3.9103184
6.22,4.339117
6.31,5.6680984
5.298,5.727384
6.234,4.990501
6.296,5.8808966
5.718,5.8336177
6.656,5.4227395
5.564,6.267087
6.422,5.3031464
5.747999999999999,6.120682
6.234,5.444412
5.764000000000001,5.9501
5.596,5.489718
3.498,5.4290905
3.826,4.0766554
3.548,4.2081327
3.424,3.8832085
3.64,3.7169924
3.196,3.760389
3.392,3.4573097
2.202,3.51676
2.6219999999999994,2.8210397
2.402,2.9319475
1.4380000000000002,2.7572067
1.302,2.1556518
1.294,1.909481
1.318,1.7706875
1.286,1.6869298
1.37,1.6025739
1.408,1.5920409
1.694,1.5844804
1.406,1.7208251
1.402,1.5940285
1.384,1.5606157
1.252,1.5336449
1.126,1.4481769
1.182,1.3497673
1.22,1.338453
2.482,1.3410997
3.432,2.1202185
3.442,2.9989014
3.388,3.180262
3.366,3.230564
3.348,3.258459
3.354,3.275309
3.318,3.3018372
3.338,3.2916868
3.308,3.3125508
3.332,3.2973094
3.312,3.3162277
3.238,3.3055496
3.2100000000000004,3.2606552
3.262,3.240721
2.3760000000000003,3.268551
1.006,2.774982
0.9900000000000001,1.9224638
1.004,1.6711663
1.086,1.5162911
1.118,1.4457723
0.9900000000000001,1.3917646
0.894,1.2758844
0.91,1.1697375
1.324,1.1255975
1.574,1.3094835
1.626,1.5043417
2.364,1.592701
3.4,2.1103125
2.746,2.9905288
3.258,2.6734061
2.75,3.0765772
3.282,2.7865627
4.136,3.1608975
5.04,3.8326643
5.134,4.6001453
5.09,4.7345963
5.064,4.763813
4.993999999999999,4.78488
5.034,4.7589183
5.062,4.8108974
5.118,4.84049
5.064,4.891732
5.072,4.856385
5.05,4.8737764
5.064,4.860688
5.079999999999999,4.878006
4.982,4.894514
4.996,4.8245525
4.956,4.845076
4.956,4.813786
4.972,4.8183575
4.984,4.8316317
4.988,4.8427534
5.54,4.8490233
6.208,5.2824907
5.876,5.7970066
5.57,5.5317035
5.485999999999999,5.374206
5.488,5.331062
5.626,5.325933
4.898,5.4255495
5.128,4.8836007
5.396,5.059751
5.392,5.213494
4.73,5.19441
4.81,4.728505
5.514000000000001,4.783745
5.154,5.291356
4.844,4.9717054
5.742,4.784914
5.538,5.4902654
5.322,5.2712603
5.13,5.163264
5.53,5.0287986
4.588000000000001,5.343902
4.878,4.640475
5.812,4.853709
4.84,5.5240273
5.32,4.7449417
5.3,5.185502
4.747999999999999,5.112195
5.418,4.7218795
5.262,5.246908
4.382,5.068263
3.896,4.4935503
3.922,4.1788898
3.884,4.112652
3.892,4.0164785
3.836,3.9709172
3.832,3.9020417
3.776,3.8727555
3.766,3.8198695
2.684,3.8042
2.764,3.165322
2.6280000000000006,3.1189172
2.672,2.9688852
2.806,2.9279017
3.252,2.9584446
3.092,3.2326999
3.018,3.1460137
3.014,3.1021988
3.056,3.0980415
3.048,3.1241376
3.082,3.1188657
3.07,3.1406639
3.062,3.1330674
3.15,3.1264307
3.6239999999999997,3.184251
3.27,3.516304
3.252,3.2999163
3.222,3.292019
3.204,3.2695024
3.254,3.2531378
3.186,3.2832456
3.188,3.2361429
3.142,3.233779
2.948,3.2012846
2.988,3.0857537
3.002,3.0857937
3.176,3.0803356
3.53,3.1876402
3.512,3.4406872
3.508,3.455172
3.504,3.4736931
3.634,3.4852476
3.69,3.5858288
3.74,3.6374576
3.752,3.6854525
3.516,3.7053607
3.496,3.547479
3.426,3.5298157
3.434,3.4774997
3.464,3.4687421
3.512,3.4822936
3.558,3.513052
3.5420000000000003,3.5465796
3.556,3.5394783
3.576,3.5526822
3.518,3.5695522
3.526,3.5319688
3.528,3.5377495
3.56,3.5385427
3.638,3.560932
5.161999999999999,3.617396
5.138,4.7498107
5.104,4.7534723
5.11,4.8122787
4.014,4.8674707
3.5339999999999994,4.136264
3.5339999999999994,3.8398764
3.562,3.7569957
3.5420000000000003,3.7017803
3.5440000000000005,3.641737
3.754,3.6085627
4.26,3.7263458
3.178,4.092365
2.818,3.41001
2.83,3.1728191
2.824,3.1041403
2.864,3.044473
3.548,3.0260675
2.762,3.4537628
2.778,2.9864867
3.14,2.961167
4.306,3.161003
4.274,3.9934776
3.796,4.033647
4.19,3.7525287
3.1,4.060354
2.832,3.3724284
2.83,3.1758883
2.848,3.0999124
2.848,3.0528514
2.828,3.012913
2.804,2.9729724
2.816,2.9375029
2.802,2.9264143
2.888,2.9076378
3.324,2.9509838
2.692,3.2514908
2.684,2.8836093
2.694,2.8515835
2.698,2.8361661
2.7100000000000004,2.823549
2.7059999999999995,2.818278
2.678,2.808066
2.66,2.7855167
2.67,2.7672591
2.672,2.7654243
2.646,2.7621617
2.6,2.7437952
2.6239999999999997,2.711348
2.63,2.7159984
2.638,2.715758
2.6320000000000006,2.7180479
2.64,2.7134054
2.662,2.7163823
2.652,2.7289975
2.65,2.7254012
2.698,2.7246668
2.742,2.7559838
2.732,2.7915542
3.338,2.7915294
3.394,3.2123504
3.486,3.297504
3.8780000000000006,3.395211
3.8739999999999997,3.6998312
3.718,3.7374413
3.682,3.6593664
3.748,3.6489775
4.036,3.7007897
3.9619999999999997,3.912007
3.896,3.8728514
3.738,3.8408456
3.6239999999999997,3.7338867
3.486,3.6575527
3.418,3.562164
3.488,3.5001714
3.522,3.5170798
3.566,3.530433
3.49,3.559956
3.408,3.5088694
3.346,3.452373
3.2899999999999996,3.4076266
3.264,3.3634458
3.09,3.3349419
3.092,3.2241468
3.158,3.201899
3.188,3.2210908
3.184,3.236852
3.178,3.2335012
3.136,3.2290387
3.146,3.1995478
3.2059999999999995,3.2030864
3.164,3.2421184
3.31,3.2152572
3.3,3.3147688
3.302,3.3153107
3.2899999999999996,3.322177
3.272,3.3175077
3.282,3.3065934
3.296,3.3131027
3.2880000000000003,3.3226871
3.3,3.3178139
3.342,3.3261917
3.278,3.355905
3.092,3.3144295
2.77,3.2008252
2.694,3.0036745
2.34,2.9188347
2.234,2.6828473
2.24,2.5482285
2.222,2.487067
2.12,2.4316099
2.118,2.338776
2.182,2.2997832
2.312,2.3098354
2.346,2.373282
2.398,2.4032526
2.384,2.4468026
2.45,2.4475303
2.4559999999999995,2.4969957
2.4559999999999995,2.511071
2.334,2.5169106
2.052,2.4500804
2.054,2.2787635
2.058,2.2358563
2.06,2.210075
2.1,2.191079
2.152,2.1988065
2.14,2.2225466
2.224,2.2180264
2.158,2.2645168
2.132,2.238094
2.1,2.2211266
2.102,2.1990063
2.094,2.193262
2.09,2.1845655
2.092,2.1781218
2.088,2.175705
2.092,2.1712277
2.094,2.1712272
2.012,2.171278
1.988,2.1247847
1.9779999999999998,2.099688
1.982,2.0837731
1.992,2.0775557
1.988,2.077658
2.068,2.0727139
2.1,2.1145747
2.094,2.1415796
2.08,2.1476588
2.018,2.1451964
2.01,2.1126482
1.998,2.1014724
1.996,2.089992
2.008,2.08387
2.016,2.086796
2.024,2.0901716
2.002,2.0946743
2.006,2.0833583
1.9359999999999997,2.0830746
1.9339999999999997,2.0432942
2.114,2.0317798
2.14,2.125676
2.138,2.1605866
2.144,2.1742156
2.138,2.1874335
2.124,2.1921282
2.054,2.1892316
2.01,2.151795
2.018,2.119197
2.02,2.1130412
2.01,2.10837
2.002,2.0986931
1.998,2.0898123
1.874,2.0834758
1.84,2.011302
1.828,1.9729298
1.818,1.9497855
1.836,1.9314048
1.8559999999999999,1.9308039
1.86,1.9369634
1.876,1.9381194
1.612,1.9463038
1.626,1.8035148
1.614,1.773863
1.492,1.7482586
1.446,1.6666698
1.448,1.6124904
1.408,1.5881442
1.408,1.5498827
1.39,1.5314391
1.3559999999999999,1.5093766
1.3580000000000003,1.479404
1.3559999999999999,1.4669522
1.362,1.4572744
1.32,1.4537996
1.398,1.427563
1.3960000000000001,1.4591594
1.402,1.4642875
1.3919999999999997,1.4693853
1.3919999999999997,1.4661032
1.386,1.46574
1.38,1.4624642
1.37,1.4581999
1.374,1.4512352
1.47,1.4506954
1.454,1.5006881
1.458,1.5061373
1.452,1.5131042
1.38,1.5141957
1.35,1.4779863
1.342,1.4525921
1.344,1.4388363
1.346,1.4328086
1.344,1.4292921
1.346,1.4251313
1.35,1.4235493
1.29,1.4241174
1.29,1.3918535
1.29,1.3819156
1.294,1.3764555
1.298,1.3747768
1.31,1.3747469
1.3160000000000003,1.3800021
1.308,1.384129
1.308,1.3811626
1.306,1.3805903
1.306,1.3793138
1.302,1.3788462
1.3,1.3764311
1.334,1.3745002
1.402,1.3915883
1.404,1.4323951
1.3919999999999997,1.446609
1.3940000000000001,1.4479799
1.3940000000000001,1.4525425
1.3940000000000001,1.455761
1.39,1.4581066
1.3919999999999997,1.4576854
1.398,1.4593557
1.388,1.4634225
1.386,1.4596444
1.378,1.457965
1.37,1.4532418
1.296,1.4475056
1.298,1.4062556
1.288,1.3944641
1.294,1.3823552
1.35,1.3791493
1.37,1.4053346
1.376,1.4221126
1.382,1.4312487
1.378,1.4389645
1.372,1.440885
1.372,1.4398655
1.376,1.440625
1.366,1.443491
1.366,1.4393622
1.372,1.4385121
1.348,1.4413356
1.298,1.4293057
1.29,1.3994062
1.296,1.385466
1.294,1.3818346
1.286,1.3771551
1.34,1.3697984
1.414,1.394779
1.406,1.4401993
1.482,1.4505035
1.484,1.4979503
1.4800000000000002,1.5160084
1.474,1.5244159
1.472,1.5280486
1.47,1.5311751
1.474,1.5330516
1.472,1.5371037
1.474,1.5380896
1.472,1.5402267
1.4380000000000002,1.5402852
1.372,1.5225898
1.368,1.4826092
1.372,1.4677305
1.374,1.4619389
1.3580000000000003,1.4581717
1.3539999999999999,1.4463713
1.352,1.4392802
1.352,1.4344581
1.336,1.4316009
1.292,1.4211404
1.28,1.3939437
1.28,1.3782998
1.282,1.3709773
1.382,1.3671713
1.3580000000000003,1.4168063
1.352,1.4174142
1.3559999999999999,1.4171202
1.36,1.4207762
1.362,1.4248863
1.3539999999999999,1.4279287
1.352,1.4252794
1.386,1.424014
1.462,1.4417702
1.4380000000000002,1.4873835
1.3940000000000001,1.4892101
1.398,1.470379
1.39,1.4694707
1.382,1.4650046
1.386,1.4593772
1.388,1.4594594
1.3919999999999997,1.4599054
1.386,1.4618074
1.384,1.4590175
1.388,1.4572
1.342,1.4586469
1.296,1.434482
1.304,1.4030378
1.31,1.3962042
1.306,1.3940784
1.3,1.3889482
1.296,1.382731
1.306,1.3775364
1.308,1.3801246
1.292,1.3809426
1.282,1.3723341
1.29,1.3643129
1.3,1.365407
1.298,1.370011
1.29,1.3698186
1.284,1.3655518
1.292,1.3610879
1.292,1.3636302
1.292,1.3638597
1.284,1.3637632
1.278,1.3594292
1.282,1.3548987
1.3160000000000003,1.3552793
1.492,1.3727766
1.47,1.4711158
1.46,1.4896036
1.46,1.4974767
1.462,1.5057039
1.462,1.5131915
1.45,1.5182695
1.44,1.5155212
1.45,1.5109888
1.442,1.5157022
1.416,1.5128452
1.378,1.4985255
1.33,1.4741663
1.282,1.4405732
1.28,1.4029747
1.274,1.3870178
1.276,1.3742449
1.276,1.3675613
1.274,1.3624237
1.278,1.3575891
1.28,1.3566335
1.284,1.3561707
1.286,1.3573906
1.282,1.358363
1.284,1.3563756
1.288,1.3567874
1.3,1.3588312
1.334,1.3656617
1.388,1.38571
1.384,1.4207826
1.388,1.430796
1.386,1.4393384
1.372,1.4435318
1.3539999999999999,1.4395216
1.39,1.4303252
1.452,1.4472487
1.444,1.4848442
1.45,1.4925933
1.456,1.5013716
1.45,1.5096416
1.446,1.5109631
1.446,1.511059
1.446,1.5122622
1.442,1.513309
1.496,1.511984
1.516,1.540828
1.508,1.5600092
1.372,1.563479
1.348,1.494674
1.348,1.4639132
1.342,1.4509571
1.34,1.4394201
1.334,1.4313773
1.34,1.4229343
1.3140000000000003,1.4214005
1.266,1.4053477
1.2699999999999998,1.3741133
1.274,1.3651136
1.28,1.3612734
1.28,1.3607424
1.2720000000000002,1.3588359
1.274,1.3529977
1.2699999999999998,1.351546
1.268,1.348151
1.256,1.3454604
1.258,1.3377075
1.256,1.3358179
1.252,1.3332714
1.252,1.3296907
1.274,1.3279817
1.3580000000000003,1.3383898
1.36,1.3853347
1.3539999999999999,1.4009346
1.346,1.4060084
1.344,1.4065084
1.346,1.4078189
1.344,1.4105626
1.368,1.4111317
1.37,1.424666
1.364,1.4301444
1.37,1.4297801
1.378,1.4339412
1.298,1.4400271
1.286,1.4001527
1.282,1.3828084
1.288,1.3731496
0.9080000000000001,1.3708096
0.21,1.1698172
0.212,0.7419094
0.29599999999999993,0.58652693
0.288,0.5422968
0.29,0.49588972
0.29,0.45954242
0.288,0.43053174
0.288,0.4068494
0.28600000000000003,0.38869923
0.284,0.37370142
0.284,0.36144304
0.274,0.35224292
0.212,0.34215242
0.214,0.31449357
0.21599999999999997,0.303777
0.21599999999999997,0.29840282
0.21599999999999997,0.2942173
0.244,0.2908504
0.326,0.2973608
0.322,0.32558402
0.31800000000000006,0.33360067
0.31800000000000006,0.3359571
0.31800000000000006,0.3377568
0.316,0.33912733
0.314,0.33949184
0.312,0.33936185
0.312,0.33893225
0.312,0.33895138
0.312,0.33904624
0.304,0.3391395
0.214,0.33660355
0.214,0.30604258
0.214,0.29526585
0.214,0.29000574
0.214,0.28663218
0.21599999999999997,0.28417575
0.21599999999999997,0.28297096
0.218,0.28188673
0.21599999999999997,0.28164065
0.26,0.28064722
0.302,0.29404312
0.302,0.31259042
0.302,0.31959733
0.304,0.3232542
0.304,0.3263481
0.304,0.32836792
0.304,0.3298346
0.378,0.33093935
0.376,0.36150795
0.374,0.37542257
0.374,0.382014
0.372,0.38681087
0.406,0.38943973
0.48,0.40893784
0.47400000000000003,0.45452324
0.47,0.46992195
0.448,0.47719228
0.396,0.47196132
0.354,0.44627276
0.312,0.41699633
0.312,0.3844785
0.312,0.3703773
0.312,0.36330128
0.31,0.3582347
0.29,0.35348105
0.21599999999999997,0.3413376
0.21599999999999997,0.31117895
0.21599999999999997,0.3003403
0.21599999999999997,0.29458857
0.21599999999999997,0.29072136
0.218,0.28784192
0.218,0.28628305
0.218,0.28479102
0.218,0.28355223
0.218,0.28255776
0.218,0.28176156
0.218,0.2811191
0.21599999999999997,0.2805948
0.214,0.27964854
0.214,0.27863103
0.214,0.27811757
0.212,0.27777848
0.212,0.2770006
0.212,0.27662337
0.214,0.27638036
0.214,0.27672192
0.21599999999999997,0.27675483
0.258,0.27724326
0.324,0.29031548
0.32,0.31717145
0.31800000000000006,0.32597974
0.316,0.33012068
0.382,0.3325127
0.392,0.36165664
0.392,0.38203335
0.39,0.39259887
0.386,0.39857444
0.384,0.40129697
0.384,0.40320548
0.344,0.40524226
0.284,0.38682327
0.27,0.35129997
0.214,0.3334016
0.21599999999999997,0.30875704
0.21599999999999997,0.29934606
0.21599999999999997,0.29389226
0.21599999999999997,0.29008603
0.21599999999999997,0.28724194
0.214,0.28507355
0.214,0.28284734
0.214,0.2816213
0.212,0.28067926
0.214,0.27939886
0.214,0.27912694
0.214,0.2787125
0.212,0.27832174
0.212,0.27746662
0.212,0.27701607
0.214,0.27670857
0.214,0.27699134
0.214,0.27697363
0.214,0.27689683
0.254,0.27682027
0.326,0.28893387
0.324,0.31738868
0.32,0.32734078
0.31800000000000006,0.33123296
0.316,0.33360365
0.314,0.33508027
0.312,0.3359175
0.312,0.3362733
0.312,0.3369259
0.312,0.3375238
0.31,0.33801973
0.262,0.33775428
0.21599999999999997,0.32191867
0.236,0.30128223
0.26,0.29997176
0.294,0.30604425
0.29,0.31843063
0.292,0.32107118
0.292,0.32300436
0.386,0.32406968
0.376,0.35965058
0.372,0.37322035
0.37000000000000005,0.37922844
0.37000000000000005,0.38316408
0.3,0.38667297
0.298,0.3543895
0.298,0.34386492
0.298,0.33929968
0.298,0.33693105
0.298,0.33556175
0.298,0.33454207
0.298,0.3337601
0.298,0.3331684
0.29599999999999993,0.332723
0.298,0.3317246
0.416,0.33190542
0.4,0.3831611
0.384,0.39695048
0.31800000000000006,0.39718518
0.316,0.36705008
0.314,0.3567225
0.312,0.3520893
0.312,0.34877658
0.31,0.34677562
0.308,0.34444174
0.308,0.34211275
0.28,0.34077254
0.212,0.3304763
0.212,0.3042809
0.212,0.29445636
0.212,0.28933758
0.21,0.28593203
0.208,0.28275347
0.21,0.2804075
0.21,0.27956018
0.21,0.27869588
0.21,0.2779425
0.21,0.27731395
0.21,0.27679557
0.208,0.27636963
0.244,0.2754989
0.28600000000000003,0.28523976
0.284,0.30297825
0.284,0.30898798
0.284,0.31219935
0.284,0.31436276
0.282,0.31595093
0.28,0.3164988
0.278,0.31653315
0.262,0.31624684
0.288,0.31108838
0.316,0.31803238
0.31,0.329631
0.308,0.3319332
0.308,0.33279112
0.31,0.33370712
0.306,0.33515406
0.304,0.33469167
0.304,0.33418658
0.306,0.33420694
0.308,0.33498937
0.31,0.33600596
0.22,0.33712018
0.214,0.30780676
0.21599999999999997,0.2956681
0.214,0.29077405
0.214,0.28692698
0.212,0.28434974
0.212,0.28178877
0.212,0.28052324
0.212,0.279595
0.214,0.2788494
0.214,0.27876207
0.21599999999999997,0.2784365
0.21599999999999997,0.2786263
0.21599999999999997,0.27851117
0.218,0.2783481
0.21599999999999997,0.27871922
0.214,0.27824333
0.214,0.2775211
0.214,0.27723336
0.21599999999999997,0.27707365
0.214,0.2774825
0.21599999999999997,0.27704793
0.21599999999999997,0.2774054
0.24,0.27749473
0.336,0.28457913
0.404,0.31918818
0.406,0.3565478
0.406,0.38016656
0.404,0.3944383
0.4020000000000001,0.40340757
0.4,0.40947795
0.396,0.41357288
0.394,0.4151654
0.392,0.41625094
0.35,0.4166463
0.276,0.39634225
0.224,0.35297874
0.22,0.31927446
0.22,0.30665323
0.22,0.29981166
0.22,0.2951895
0.22,0.29177335
0.22,0.28917867
0.308,0.28719327
0.306,0.31479105
0.304,0.32323864
0.306,0.3263963
0.306,0.3291799
0.306,0.33098048
0.306,0.3322766
0.306,0.3332401
0.304,0.33395877
0.302,0.33382818
0.302,0.3333269
0.3,0.33327278
0.298,0.33263117
0.298,0.33176035
0.29599999999999993,0.33144027
0.29599999999999993,0.33061564
0.368,0.3302835
0.4020000000000001,0.35773057
0.36,0.38800603
0.32,0.38001832
0.316,0.35995057
0.314,0.35221568
0.314,0.348751
0.312,0.34702578
0.31,0.34500873
0.31,0.34295183
0.31,0.3417988
0.308,0.34104887
0.228,0.3399485
0.258,0.31265593
0.292,0.31296885
0.29,0.32299235
0.292,0.32491174
0.292,0.3260952
0.288,0.3265209
0.28600000000000003,0.32541156
0.284,0.3244258
0.284,0.32340568
0.284,0.32298645
0.246,0.32274276
0.278,0.30998027
0.276,0.316006
0.274,0.3168146
0.274,0.3162548
0.276,0.3159839
0.298,0.31647694
0.444,0.32388124
3.244,0.38828495
4.28,2.3097525
4.04,3.5614522
1.044,3.6471164
1.586,1.7856581
2.506,1.8426727
1.224,2.3426988
0.6779999999999999,1.6928886
0.726,1.267176
0.756,1.1311498
0.8220000000000001,1.0548527
0.832,1.0273672
1.386,0.9975901
1.9359999999999997,1.2600824
1.914,1.6816883
1.906,1.7822479
1.874,1.8307246
1.7720000000000002,1.8456134
1.7699999999999998,1.8021457
1.74,1.8098447
1.748,1.8022512
1.8160000000000003,1.8086404
1.852,1.8489558
1.876,1.8805485
1.866,1.9057307
1.866,1.9113607
1.866,1.917421
1.872,1.9220906
1.872,1.9288968
2.118,1.9323944
2.122,2.0794423
2.204,2.115429
2.398,2.1873143
2.3760000000000003,2.3405218
2.39,2.3630316
2.388,2.3917027
2.3760000000000003,2.4056716
2.37,2.4081404
2.666,2.4143674
2.604,2.6188023
2.546,2.6114855
2.554,2.584936
2.5440000000000005,2.5951781
2.546,2.596512
2.5339999999999994,2.6014767
2.55,2.597715
2.55,2.6079037
2.7160000000000006,2.610797
2.812,2.7231832
2.658,2.8094287
2.558,2.72324
2.586,2.6653285
2.502,2.6710281
2.514,2.6188161
2.512,2.6128511
2.862,2.6045668
2.9559999999999995,2.833414
2.908,2.9328678
2.9579999999999997,2.9271333
3.0339999999999994,2.9732614
3.058,3.0370402
3.0380000000000003,3.0672128
3.06,3.0646775
3.052,3.0856307
3.114,3.0857787
3.826,3.1311815
3.61,3.6324623
3.028,3.5248754
3.024,3.1781173
3.028,3.1513524
3.022,3.1304376
3.0399999999999996,3.1102638
3.074,3.1076453
3.142,3.119567
2.9600000000000004,3.1657772
2.994,3.058779
2.972,3.0657692
2.972,3.0476959
2.932,3.0416887
2.9559999999999995,3.0152857
3.03,3.0222478
2.888,3.0712461
2.26,2.9873083
2.198,2.6265664
2.808,2.5105758
3.522,2.8147829
3.582,3.332781
2.214,3.435636
2.192,2.648979
2.02,2.5388637
1.922,2.368936
1.878,2.2394106
1.44,2.149552
1.4339999999999997,1.8562981
1.518,1.7548815
1.514,1.7364948
1.51,1.7006717
1.456,1.6713827
1.41,1.6219994
1.418,1.5745379
1.32,1.5565504
1.322,1.4905552
1.398,1.466068
1.3960000000000001,1.4905035
1.386,1.4894538
1.368,1.4812613
1.398,1.4674871
3.05,1.4774812
3.546,2.582122
3.588,3.1734974
3.652,3.3432274
3.646,3.4594538
3.668,3.5015137
3.66,3.5458117
3.672,3.567893
3.6239999999999997,3.5938325
3.578,3.571583
3.552,3.5447807
3.568,3.5277872
3.566,3.5385687
1.668,3.5380073
1.404,2.480757
1.378,2.1319594
1.3160000000000003,1.9359282
1.326,1.771023
1.322,1.6735302
1.322,1.5999236
1.324,1.548037
1.322,1.5122449
1.324,1.4853426
1.318,1.4676796
1.31,1.4514396
1.298,1.4366585
1.302,1.4212704
1.31,1.4147317
1.324,1.4131198
1.3140000000000003,1.4168341
1.32,1.4101812
1.322,1.409396
1.328,1.4080943
1.322,1.4091727
1.324,1.4048629
1.32,1.403548
1.326,1.3998355
1.346,1.4008856
1.486,1.4107448
1.494,1.4874203
1.496,1.5145223
1.494,1.5291669
1.5,1.5376247
1.492,1.5474035
1.492,1.5492722
1.486,1.5524269
1.494,1.5517339
1.492,1.556959
1.486,1.5579745
1.482,1.5557791
1.468,1.5535167
1.382,1.5455338
1.326,1.4973282
1.304,1.4530572
1.302,1.424611
1.31,1.4097466
1.31,1.4044057
1.32,1.3987938
1.3140000000000003,1.3997493
1.322,1.394981
1.32,1.396826
1.322,1.395464
1.328,1.3957738
1.332,1.3987471
1.36,1.4015936
1.374,1.4173571
1.362,1.4296991
1.4,1.4282374
1.418,1.4495326
1.426,1.4661407
1.412,1.4772239
1.412,1.475332
1.408,1.4768939
1.518,1.4762796
1.506,1.5354844
1.482,1.5465847
1.4779999999999998,1.5414996
1.488,1.5413685
2.082,1.5483153
3.702,1.9121543
3.684,3.1839914
3.662,3.3835418
3.6260000000000003,3.4525733
3.68,3.4774718
3.634,3.5474548
3.644,3.5422506
3.562,3.5678563
3.55,3.522234
3.558,3.5180035
3.532,3.5248425
3.532,3.5081491
3.522,3.509178
2.3820000000000006,3.503528
1.31,2.858848
1.3119999999999998,2.1583993
1.3160000000000003,1.9407125
1.284,1.7935847
1.262,1.6695225
1.25,1.5757947
1.248,1.5078387
1.248,1.461421
1.242,1.4290226
1.254,1.402719
1.268,1.3914181
1.2699999999999998,1.3879178
1.2699999999999998,1.3826499
1.2720000000000002,1.377484
1.258,1.374131
1.376,1.3632559
1.36,1.4199405
1.3580000000000003,1.4255747
1.34,1.4281191
1.336,1.4204723
1.336,1.4165349
1.332,1.414716
1.326,1.411101
1.326,1.405906
1.332,1.4033631
1.334,1.4046774
1.33,1.4051965
1.3160000000000003,1.4027245
1.252,1.3942891
1.254,1.3576638
1.26,1.3471175
1.264,1.3443156
1.26,1.3431817
1.26,1.339152
1.362,1.3369623
1.33,1.3892883
1.328,1.3874985
1.348,1.3893112
1.352,1.4023172
1.35,1.4095579
1.35,1.4122928
1.338,1.4145542
1.35,1.40989
1.352,1.4155743
1.348,1.4183815
1.346,1.4175204
1.3,1.4166197
1.276,1.3922172
1.28,1.3723242
1.28,1.366755
1.384,1.3626621
1.37,1.4145992
1.366,1.4213641
1.362,1.424246
1.364,1.4252673
1.368,1.4281979
1.37,1.4321765
1.368,1.4351922
1.366,1.4357508
1.37,1.4354924
1.366,1.4379324
1.374,1.4367326
1.362,1.4409049
1.268,1.435852
1.26,1.3850204
1.258,1.3654953
1.256,1.3548529
1.26,1.347024
1.258,1.3439273
1.262,1.3397506
1.26,1.3391303
1.262,1.3367782
1.274,1.3364574
1.278,1.3421403
1.322,1.3456417
1.336,1.3701055
1.342,1.3852389
1.368,1.3949047
1.404,1.4137694
1.4,1.4404477
1.416,1.4487144
1.424,1.4629798
1.416,1.4739475
1.412,1.4753777
1.45,1.4758686
1.556,1.4975978
1.6,1.5614302
1.602,1.6055515
1.594,1.6251632
1.57,1.633215
1.524,1.6280103
1.53,1.6055675
1.524,1.6041889
1.5199999999999998,1.5998691
1.51,1.5959873
1.51,1.58891
1.508,1.5862924
1.504,1.5836455
1.456,1.580131
1.416,1.5529394
1.422,1.5233215
1.426,1.515746
1.426,1.5122375
1.366,1.508697
1.338,1.4740609
1.334,1.4479129
1.338,1.4349254
1.336,1.4294791
1.338,1.4237034
1.332,1.4208586
1.33,1.4151635
1.342,1.4112417
1.338,1.4153327
1.342,1.4135059
1.346,1.4148175
1.338,1.4170105
1.398,1.4132918
1.552,1.4440253
1.336,1.5349889
1.334,1.4485302
1.3940000000000001,1.4300315
1.4800000000000002,1.4546235
1.516,1.5052531
1.512,1.5395975
1.506,1.5512724
1.504,1.5562325
1.51,1.5602514
1.512,1.5670967
1.51,1.5718374
1.5,1.5736018
1.496,1.5699458
1.5,1.5675734
1.5,1.5692378
1.426,1.5696629
1.33,1.5303451
1.334,1.468116
1.038,1.449334
0.266,1.28214
0.314,0.82656455
0.5280000000000001,0.6869638
0.396,0.7106454
0.408,0.6188759
0.392,0.5748736
0.406,0.536774
0.418,0.5172588
0.418,0.5054068
0.426,0.4938771
0.444,0.48914668
0.442,0.49292737
0.434,0.49079224
0.442,0.48455924
0.442,0.48523918
0.452,0.48429793
0.45,0.48815683
0.444,0.4878119
0.48800000000000004,0.4842699
0.538,0.504901
0.5300000000000001,0.5372397
0.5480000000000002,0.54554987
0.566,0.55998343
0.5500000000000002,0.5762288
0.5500000000000002,0.5758386
0.538,0.577847
0.534,0.57372624
0.54,0.57110566
0.5300000000000001,0.57352537
0.56,0.56928074
0.618,0.5832615
0.556,0.61793697
0.502,0.59926444
0.5100000000000001,0.567653
0.5,0.5610523
0.512,0.5520837
0.5080000000000001,0.55361784
0.504,0.550745
0.504,0.5469106
0.516,0.5449174
0.5060000000000001,0.5497241
1.652,0.5458857
2.13,1.2395521
2.078,1.7770501
2.08,1.8893309
1.002,1.9536457
0.58,1.3573225
0.5940000000000001,1.0226164
0.5520000000000002,0.9079787
0.522,0.8162018
0.518,0.742687
0.534,0.69315624
0.462,0.6662315
0.5,0.60618114
0.5720000000000001,0.5949215
0.57,0.6186976
0.562,0.62004477
0.562,0.6144428
0.562,0.61160797
0.57,0.6099064
0.562,0.6128549
0.562,0.6093557
0.65,0.60798275
0.646,0.6522776
0.638,0.6654263
0.646,0.6682287
0.602,0.67550737
0.556,0.65688473
0.56,0.62802774
0.576,0.6194843
0.566,0.62256116
0.57,0.61661047
0.5520000000000002,0.6152751
0.546,0.604382
0.542,0.5966541
0.542,0.5907339
0.556,0.5876848
0.54,0.5928672
0.542,0.5857929
0.568,0.58417207
0.616,0.5964127
0.546,0.62495947
0.542,0.59969556
0.7,0.5907506
0.892,0.66847205
0.888,0.7947968
0.7400000000000001,0.8404584
0.57,0.789504
0.5940000000000001,0.69404864
0.6779999999999999,0.67611045
0.676,0.7088461
0.632,0.7152414
0.692,0.6942197
0.944,0.7179659
1.828,0.8563342
1.796,1.4782112
1.79,1.6234885
1.732,1.6804761
1.7,1.6768733
1.716,1.6744123
1.638,1.7018954
1.804,1.6804227
1.872,1.7735336
1.8559999999999999,1.839711
1.86,1.8578364
1.876,1.8753552
1.884,1.8963829
1.884,1.9122274
1.876,1.92163
1.87,1.9241623
1.868,1.9250585
1.872,1.9266366
1.878,1.9309621
1.882,1.9367186
1.874,1.9417067
1.874,1.9399548
1.876,1.9408776
1.874,1.9430543
1.872,1.9432371
1.878,1.9428818
1.8559999999999999,1.9465954
1.84,1.9357616
1.83,1.9247109
1.618,1.9158183
1.818,1.796388
1.85,1.8724716
1.6839999999999997,1.899916
1.6880000000000002,1.816396
1.69,1.7988074
1.706,1.7899573
1.784,1.7919421
2.01,1.8319199
1.8960000000000001,1.9738771
1.7,1.9396203
1.6880000000000002,1.8376263
1.68,1.8090116
1.62,1.7915437
1.536,1.7487502
1.558,1.687105
1.5619999999999998,1.6760492
1.5619999999999998,1.6669549
1.556,1.6588945
1.56,1.6495843
1.558,1.6463856
1.5640000000000003,1.6421765
1.5640000000000003,1.6427418
1.558,1.641745
1.53,1.6376123
1.5199999999999998,1.620938
1.5199999999999998,1.6102632
1.524,1.6055892
1.526,1.6046016
1.528,1.6039462
1.53,1.6038796
1.518,1.6043369
1.518,1.5975972
1.5220000000000002,1.5954415
1.53,1.5963306
1.544,1.600309
1.654,1.6086701
1.654,1.6704636
1.6460000000000001,1.6884671
1.6440000000000001,1.6941949
1.626,1.6990235
1.636,1.6935685
1.634,1.6994915
1.6440000000000001,1.7007455
1.64,1.7073286
1.632,1.7075329
1.72,1.7040621
1.702,1.7513472
1.692,1.7545347
1.618,1.753672
1.712,1.7157048
1.868,1.7576604
1.912,1.8522413
1.912,1.9045392
1.906,1.926187
1.87,1.9379349
1.74,1.9282523
1.676,1.8593643
1.6,1.808293
1.612,1.7489271
1.624,1.7327925
1.588,1.7264948
1.578,1.6992562
1.586,1.6825321
1.586,1.6780599
1.594,1.6732621
1.588,1.6739728
1.582,1.6693258
1.602,1.6639997
1.584,1.6725451
1.578,1.664374
1.6880000000000002,1.6590298
1.69,1.7165011
1.6880000000000002,1.7327483
1.618,1.7400773
1.61,1.7076514
1.596,1.6969329
1.6059999999999999,1.6852648
1.6,1.6858809
1.6080000000000003,1.680951
1.614,1.6828557
1.616,1.6856076
1.614,1.6869818
1.62,1.6862253
1.53,1.6893476
1.53,1.6416707
1.528,1.6286267
1.516,1.6204308
1.514,1.6086972
1.518,1.6019893
1.526,1.6000268
1.546,1.6020049
1.59,1.612179
1.6,1.6382632
1.6059999999999999,1.651508
1.6039999999999999,1.6607445
1.598,1.6645784
1.582,1.6644459
1.586,1.6572107
1.744,1.6581131
1.91,1.7438371
1.874,1.8666463
1.878,1.8763125
1.81,1.8956248
1.8140000000000003,1.8723403
1.8140000000000003,1.8749768
1.886,1.8774903
1.914,1.9188997
1.916,1.9459847
1.92,1.9578909
1.716,1.9675447
1.418,1.8614119
1.412,1.6749958
1.416,1.6143152
1.416,1.5812998
1.416,1.5570359
1.408,1.539171
1.408,1.5218431
1.41,1.5111583
1.322,1.504751
1.3160000000000003,1.4529527
1.3140000000000003,1.4324305
1.31,1.4203068
1.3140000000000003,1.4101866
1.308,1.4058173
1.298,1.3985456
1.302,1.3890971
1.302,1.3866345
1.296,1.3841292
1.292,1.3789233
1.3,1.3742104
1.3,1.3759277
1.298,1.3754054
1.292,1.373636
1.29,1.3695271
1.288,1.3668108
1.3539999999999999,1.3643464
1.35,1.397855
1.3539999999999999,1.4052092
1.3539999999999999,1.4115564
1.348,1.4151521
1.406,1.4145201
1.444,1.4462259
1.4359999999999997,1.4764113
1.43,1.4836442
1.432,1.4862882
1.4339999999999997,1.4908141
1.418,1.4949418
1.3580000000000003,1.488945
1.3539999999999999,1.4563609
1.35,1.4448599
1.35,1.4370725
1.344,1.4326124
1.3539999999999999,1.426309
1.326,1.428401
1.366,1.4130054
1.884,1.4291285
2.198,1.7371869
1.55,2.021918
2.048,1.7006491
2.482,1.9547325
2.52,2.3025792
2.366,2.4092002
1.748,2.3521554
1.748,2.0089636
1.884,1.9446415
2.584,1.9844564
2.568,2.4200623
2.552,2.4901772
2.35,2.516908
2.214,2.4081435
1.804,2.3299935
1.828,2.0849524
1.864,2.033995
1.862,2.017637
1.878,1.9950444
1.92,1.9872749
1.992,2.000876
1.946,2.0396845
1.908,2.0227907
1.906,2.000372
1.912,1.9940361
1.9779999999999998,1.9942616
1.968,2.0295773
1.974,2.032232
1.958,2.0386925
2.052,2.0329974
2.046,2.0850956
2.004,2.0948813
1.956,2.078332
1.7720000000000002,2.0506532
1.782,1.9422814
2.152,1.9178334
2.22,2.1137059
2.55,2.198691
2.85,2.4488811
2.838,2.7118578
2.848,2.7673903
2.744,2.8126376
2.446,2.7674978
2.668,2.5925257
3.348,2.69941
3.358,3.1866481
3.38,3.2486036
3.354,3.2992735
3.356,3.308058
2.8719999999999994,3.326359
2.422,3.042593
2.426,2.7658026
2.42,2.6917396
2.42,2.6336331
2.4660000000000006,2.5934298
2.512,2.5913413
2.548,2.603337
2.806,2.619483
2.65,2.797001
2.616,2.7159097
2.654,2.6954284
2.658,2.7201364
2.646,2.72661
2.652,2.7207963
2.65,2.7252798
2.47,2.725454
2.808,2.6213899
2.926,2.8162107
2.94,2.9223971
2.604,2.9535697
2.668,2.7552023
2.726,2.7701268
2.388,2.7967741
2.268,2.6011615
2.338,2.4920132
2.046,2.4903872
1.592,2.3039553
1.494,1.9982824
1.4339999999999997,1.8485311
1.422,1.740074
1.406,1.672223
1.4,1.6186553
1.402,1.5806378
1.342,1.5558734
1.34,1.5055553
1.344,1.4818405
1.342,1.4686806
1.348,1.4571222
1.342,1.4519186
1.37,1.4433247
1.45,1.4527807
1.4339999999999997,1.4955755
1.428,1.4985623
1.424,1.4985137
1.41,1.4976746
1.404,1.4904941
1.402,1.4852402
1.404,1.4818542
1.3960000000000001,1.4808856
1.402,1.4753447
1.41,1.4762058
1.414,1.4797972
1.376,1.4824423
1.3160000000000003,1.4629997
1.3119999999999998,1.4256845
1.3160000000000003,1.4112238
1.318,1.405623
1.322,1.4020507
1.322,1.4009877
1.3140000000000003,1.399216
1.32,1.3935682
1.32,1.3944372
1.318,1.3939542
1.326,1.392392
1.32,1.395921
1.422,1.3935528
2.192,1.4469881
2.428,1.942628
2.2880000000000003,2.2264767
2.204,2.208874
2.192,2.1852384
2.128,2.193012
3.168,2.1674058
4.406,2.8960776
4.284,3.9444768
4.462,3.9611566
4.698,4.1700997
4.984,4.40422
5.032,4.668527
5.272,4.7333713
5.368,4.957285
5.624,5.045518
5.896,5.275217
4.978,5.506046
3.636,4.8273945
3.598,4.0440235
3.47,3.9366543
3.434,3.7426383
3.326,3.635711
3.354,3.5081956
3.362,3.4729128
3.366,3.4432182
3.356,3.424773
3.354,3.4080842
3.404,3.405501
3.448,3.440019
3.33,3.4731715
3.384,3.3952186
3.296,3.4298868
3.3,3.3671083
3.59,3.3640578
4.114,3.5610044
3.808,3.9443169
3.56,3.755516
3.664,3.6015308
3.498,3.67101
4.4,3.550641
4.298,4.189509
3.414,4.131164
4.8260000000000005,3.582706
4.558,4.5580125
3.1260000000000003,4.351436
3.0420000000000003,3.488844
4.098,3.3809545
3.9619999999999997,3.9802704
2.438,3.8750386
2.414,2.9943037
2.432,2.8747177
2.434,2.7868316
3.546,2.7196324
3.846,3.37752
3.4559999999999995,3.6426682
2.318,3.4260488
3.084,2.780639
3.748,3.1284835
3.3679999999999994,3.595143
2.352,3.3697445
2.398,2.7945888
2.4559999999999995,2.7344294
2.492,2.6999497
2.494,2.676918
2.4,2.649735
2.354,2.5747094
2.296,2.5219998
2.274,2.4650257
2.268,2.4284751
2.266,2.405544
2.27,2.3895242
2.27,2.380751
2.274,2.373329
2.48,2.369731
2.778,2.496666
2.802,2.7247608
3.008,2.7839599
3.236,2.95666
3.234,3.1480079
3.272,3.1837268
3.664,3.2340016
3.656,3.5245519
3.6219999999999994,3.5542295
3.384,3.556726
2.752,3.4064388
2.272,3.0435739
1.942,2.7226388
1.69,2.4289148
1.726,2.1707582
1.652,2.0767205
2.004,1.9616767
2.106,2.0932217
2.108,2.154201
2.07,2.1661115
1.946,2.1516576
1.952,2.0828948
1.942,2.070508
1.9800000000000002,2.056769
2.002,2.0703268
2.002,2.0822039
1.982,2.083839
2.0,2.073014
1.618,2.0800579
0.966,1.870063
0.9679999999999999,1.4668462
0.9080000000000001,1.3377986
1.054,1.228614
2.492,1.2393541
3.276,2.0927467
1.982,2.8618972
1.932,2.1170967
2.058,2.0460548
2.256,2.1033068
2.326,2.2383265
2.334,2.3121693
2.33,2.338974
2.34,2.3501596
2.342,2.3660276
2.216,2.378212
2.56,2.314858
1.844,2.5199616
1.602,2.1344147
1.594,1.9299116
2.518,1.8510528
1.502,2.3563464
1.268,1.8435384
1.1839999999999997,1.6255232
1.1419999999999997,1.4981275
1.1440000000000001,1.4103897
1.132,1.3599243
1.124,1.3176069
1.114,1.2851938
1.342,1.2583833
1.412,1.3611127
1.4,1.4225365
1.398,1.4378626
1.398,1.4478027
1.4,1.4555235
1.338,1.461911
1.32,1.4328942
1.322,1.4163519
1.322,1.4110024
1.41,1.4070631
1.3960000000000001,1.4505169
1.398,1.4543207
1.39,1.4585799
1.3940000000000001,1.4570086
1.412,1.4597578
1.514,1.4706073
1.5660000000000003,1.528665
1.5660000000000003,1.5743971
1.568,1.5925373
1.574,1.6051618
1.494,1.617046
1.472,1.5811661
1.584,1.5623959
1.498,1.6163129
1.472,1.583516
1.474,1.563223
1.468,1.5577633
1.474,1.551084
1.47,1.5509028
1.388,1.547406
1.382,1.5018961
1.384,1.484902
1.348,1.477343
1.626,1.4526756
1.852,1.5916448
1.848,1.7683556
1.846,1.81391
1.846,1.8368262
1.842,1.8545274
1.846,1.8688388
1.8559999999999999,1.8825147
1.866,1.8970104
1.868,1.910349
1.868,1.91829
1.876,1.9232724
1.868,1.931246
1.87,1.9305961
1.868,1.9331692
1.872,1.9336835
1.86,1.9368541
1.86,1.9316707
2.03,1.9310479
2.046,2.0251024
2.042,2.0581253
2.036,2.0721238
2.044,2.079648
2.044,2.0913959
2.03,2.0980291
2.026,2.0949333
2.022,2.094206
2.016,2.092819
2.018,2.0896394
2.02,2.0901453
1.994,2.0912526
1.928,2.0769887
1.842,2.0368345
1.836,1.9780952
1.842,1.9559819
1.8559999999999999,1.9466462
1.852,1.9462584
1.8580000000000003,1.9400281
1.862,1.9395574
1.898,1.9399917
2.062,1.9590653
2.038,2.0570407
1.87,2.06677
1.87,1.9853932
1.876,1.9706722
1.876,1.9668072
1.876,1.9625654
1.882,1.9592174
1.876,1.9599823
1.862,1.9555777
1.8559999999999999,1.9460438
1.85,1.9395381
1.8539999999999999,1.9333639
1.96,1.9327699
2.094,1.9900112
2.07,2.083761
2.09,2.0917997
2.278,2.116132
2.436,2.2504163
2.394,2.3874946
2.392,2.3937035
2.494,2.4081304
2.39,2.489705
2.418,2.4401076
2.432,2.4597967
2.42,2.47534
2.412,2.475279
2.518,2.4739084
2.838,2.5394888
4.408,2.7755601
3.776,3.961334
4.318,3.5886862
3.478,4.045508
3.412,3.4914782
3.204,3.4567618
3.102,3.3258305
3.322,3.2407448
3.306,3.335451
2.94,3.3202991
2.782,3.111148
2.862,2.9906135
2.8719999999999994,2.9952826
2.84,2.9795697
2.7880000000000003,2.9482405
2.746,2.9075317
2.592,2.8715022
2.608,2.7726984
2.61,2.7540286
2.574,2.7375815
2.57,2.7040854
2.642,2.688535
2.6260000000000003,2.7206833
2.62,2.7128155
1.62,2.7079244
2.184,2.1394346
2.598,2.325808
2.214,2.5763748
1.56,2.3746927
2.602,1.983833
2.138,2.4999282
1.65,2.2780752
2.606,1.9839146
1.794,2.4860616
1.852,2.068435
1.798,2.0347733
1.75,1.9780073
2.296,1.9239068
1.244,2.2242796
1.888,1.6821676
1.8140000000000003,1.9126924
1.634,1.9012907
1.714,1.7997924
1.732,1.8154165
1.826,1.8207824
1.62,1.8699194
1.612,1.7687863
0.582,1.74016
0.5080000000000001,1.1845679
0.49000000000000005,0.9768425
0.5100000000000001,0.856464
0.48399999999999993,0.78615344
0.44,0.7168241
0.418,0.6467382
0.44,0.59281117
0.26,0.569879
0.324,0.46833953
0.352,0.45099914
0.338,0.44514
0.338,0.42789778
0.344,0.4152352
0.32,0.40818948
0.336,0.39091733
0.316,0.3883207
0.334,0.37543607
0.312,0.37632027
0.332,0.36458614
0.314,0.3675143
0.332,0.35877913
0.254,0.3625616
0.24,0.33049455
0.218,0.31622416
0.236,0.3024488
0.21599999999999997,0.30177194
0.236,0.29307303
0.218,0.29529083
0.238,0.28888643
0.22,0.29246968
0.24,0.28712088
0.218,0.29149994
0.236,0.28533655
0.21599999999999997,0.28895956
0.236,0.2832867
0.218,0.28777128
0.238,0.2831036
0.218,0.28800443
0.236,0.28293112
0.284,0.287112
0.312,0.3042681
0.308,0.31967047
0.326,0.32459477
0.4,0.33359998
0.504,0.37011126
0.5080000000000001,0.44110054
0.48399999999999993,0.47299993
0.498,0.47887853
0.476,0.4940381
0.49200000000000005,0.49245232
0.416,0.5033563
0.42,0.4708083
0.4,0.4628327
0.42,0.44909942
0.398,0.4532099
0.416,0.44220343
0.392,0.4466236
0.32,0.43515125
0.298,0.3944216
0.314,0.36888978
0.294,0.36498564
0.312,0.35180214
0.226,0.352754
0.236,0.31830552
0.212,0.31053385
0.23199999999999998,0.29795966
0.288,0.29844758
0.43,0.3154418
0.428,0.37477747
0.426,0.40337145
0.43,0.41746268
0.444,0.4292736
0.606,0.4444014
0.45400000000000007,0.535166
0.366,0.49349034
0.214,0.44086134
0.23199999999999998,0.34869793
0.212,0.32581812
0.23,0.3093688
0.252,0.3064675
0.342,0.30980995
0.31800000000000006,0.33960333
0.336,0.3404806
0.314,0.34806103
0.33,0.34296957
0.354,0.34843594
0.404,0.3618717
0.384,0.39334738
0.4020000000000001,0.39624935
0.384,0.40894052
0.4020000000000001,0.40637237
0.37999999999999995,0.41630122
0.374,0.40986666
0.284,0.4056223
0.302,0.35935163
0.294,0.35250723
0.25,0.34424776
0.23199999999999998,0.32364598
0.214,0.3103344
0.23199999999999998,0.2981428
0.214,0.29811305
0.23199999999999998,0.29046974
0.214,0.29256868
0.234,0.2862578
0.21599999999999997,0.2899846
0.234,0.28466806
0.21599999999999997,0.28841776
0.234,0.28336242
0.21599999999999997,0.28735217
0.234,0.2824942
0.21599999999999997,0.28662986
0.234,0.28187883
0.21599999999999997,0.28610268
0.236,0.2814315
0.21599999999999997,0.28638038
0.282,0.28133923
0.324,0.3014145
0.34,0.32227638
0.32,0.3357339
0.342,0.33533928
0.32,0.34449375
0.338,0.34112594
0.31800000000000006,0.34865624
0.336,0.34355092
0.316,0.3513149
0.334,0.3451515
0.32799999999999996,0.35196388
0.31800000000000006,0.3517385
0.268,0.34780294
0.22,0.3282833
0.24,0.30630112
0.22,0.30437636
0.256,0.29550773
0.294,0.3031036
0.31,0.3171974
0.294,0.32703248
0.312,0.325561
0.294,0.33177754
0.314,0.32843143
0.294,0.33448786
0.314,0.33019957
0.294,0.33576635
0.312,0.33115137
0.238,0.33581623
0.238,0.31290048
0.22,0.30505538
0.238,0.29540607
0.22,0.29690668
0.24,0.290348
0.218,0.29392216
0.254,0.2871633
0.378,0.29630542
0.43,0.34018612
0.404,0.38431945
0.426,0.39397788
0.412,0.4139457
0.42,0.4182397
0.42,0.427453
0.404,0.4333284
0.42,0.42945665
0.4020000000000001,0.4376763
0.42,0.4323446
0.4,0.4403515
0.416,0.43344092
0.304,0.43955907
0.32,0.3854863
0.298,0.373934
0.316,0.35773185
0.29599999999999993,0.35781756
0.316,0.34675908
0.226,0.35003284
0.24,0.3164772
0.22,0.31019992
0.238,0.2996741
0.218,0.30044016
0.236,0.29262713
0.218,0.29483756
0.236,0.2886705
0.218,0.29183492
0.238,0.28633457
0.268,0.2906485
0.312,0.30161038
0.292,0.31990814
0.312,0.32011083
0.292,0.3279388
0.312,0.32482532
0.3,0.3312392
0.386,0.3299337
0.42,0.36473316
0.394,0.39857066
0.37999999999999995,0.40069616
0.322,0.39806947
0.342,0.37044105
0.32,0.37159318
0.34,0.36030042
0.31800000000000006,0.36569163
0.336,0.3560928
0.314,0.36079815
0.332,0.35213614
0.288,0.35681087
0.236,0.3386007
0.218,0.31617773
0.238,0.30185896
0.22,0.30195034
0.24,0.29435474
0.22,0.29714105
0.238,0.2904216
0.218,0.2933714
0.238,0.28710476
0.218,0.29113
0.238,0.28543597
0.21599999999999997,0.28982392
0.238,0.28373292
0.218,0.28874448
0.234,0.28359032
0.212,0.28701687
0.23199999999999998,0.28072998
0.226,0.28505722
0.22,0.28430012
0.234,0.28201625
0.21599999999999997,0.28576913
0.234,0.28102455
0.21599999999999997,0.28534433
0.342,0.28077894
0.324,0.32093555
0.342,0.32899237
0.32,0.33956042
0.384,0.3375691
0.396,0.36681587
0.412,0.3871711
0.392,0.4056327
0.408,0.40536222
0.386,0.41621986
0.404,0.41095626
0.382,0.41979355
0.352,0.41274172
0.28600000000000003,0.39602232
0.288,0.35732785
0.218,0.34522134
0.238,0.31402066
0.218,0.30955225
0.234,0.29914987
0.21599999999999997,0.29906034
0.236,0.2914766
0.21599999999999997,0.29432604
0.236,0.28768292
0.218,0.2913556
0.236,0.28603664
0.23,0.289784
0.218,0.28868684
0.234,0.28418615
0.21599999999999997,0.28770584
0.234,0.2826881
0.21599999999999997,0.28675488
0.236,0.28195778
0.21599999999999997,0.28680882
0.234,0.28168842
0.214,0.28584018
0.256,0.28050888
0.324,0.2925015
0.34,0.31906804
0.31800000000000006,0.33415294
0.388,0.33365083
0.4020000000000001,0.36425766
0.438,0.38757715
0.414,0.4176865
0.416,0.42014435
0.392,0.42592314
0.412,0.4185416
1.274,0.42782316
1.504,0.93459404
1.406,1.2506095
1.398,1.2865095
1.372,1.3162205
1.3919999999999997,1.32393
1.41,1.3577859
1.46,1.3947358
1.442,1.4423261
1.452,1.4551355
1.454,1.4724326
1.426,1.4843072
1.402,1.4775383
1.332,1.4665052
1.3559999999999999,1.4279639
1.346,1.4297953
1.33,1.4227185
1.276,1.411163
1.29,1.3783504
1.276,1.3748657
1.296,1.363655
1.274,1.3691391
1.3,1.3575565
1.2699999999999998,1.3673674
1.296,1.3535445
1.3,1.363304
1.398,1.3675536
1.3919999999999997,1.4209267
1.416,1.4341538
1.388,1.4549482
1.404,1.449598
1.39,1.4598085
1.408,1.4568449
1.3940000000000001,1.4670924
1.406,1.4632995
0.7179999999999999,1.4696349
0.332,1.1125308
0.312,0.8000315
0.25,0.6621786
0.228,0.55111194
0.228,0.47999194
0.236,0.43178448
0.21599999999999997,0.39915842
0.238,0.3636526
0.218,0.34901845
0.236,0.32910496
0.21599999999999997,0.32441813
0.236,0.3112787
0.21599999999999997,0.3104354
0.236,0.3004059
0.21599999999999997,0.30206677
0.238,0.2943478
0.218,0.29767668
0.238,0.29099917
0.218,0.2944297
0.302,0.28813174
0.294,0.31312788
0.312,0.31861466
0.294,0.32714543
0.312,0.32485884
0.29,0.3308749
0.334,0.3261341
0.398,0.33965182
0.416,0.37606263
0.368,0.4012202
0.338,0.38937426
0.31800000000000006,0.3734061
0.338,0.3590638
0.31800000000000006,0.36381826
0.3479999999999999,0.35478702
0.336,0.36617655
0.32,0.36373633
0.332,0.3555061
0.312,0.35811013
0.246,0.3498843
0.21599999999999997,0.3225722
0.238,0.30392256
0.218,0.303299
0.238,0.29468042
0.21599999999999997,0.29699245
0.238,0.28932253
0.21599999999999997,0.29315215
0.238,0.2864266
0.21599999999999997,0.29091597
0.234,0.28468856
0.218,0.28822708
0.236,0.28378788
0.22,0.2880088
0.244,0.28392938
0.224,0.2903705
0.244,0.28584948
0.224,0.29098135
0.244,0.286088
0.224,0.29108387
0.244,0.286127
0.224,0.2910972
0.244,0.28613004
0.222,0.29109323
0.362,0.28545886
0.332,0.3299738
0.3479999999999999,0.33551863
0.344,0.34494233
0.32799999999999996,0.34944093
0.42200000000000004,0.34657902
0.398,0.39447102
0.414,0.40133432
0.392,0.41523486
0.49000000000000005,0.4118063
0.47400000000000003,0.4623717
0.48800000000000004,0.47407508
0.396,0.4890719
0.4,0.45102298
0.37999999999999995,0.44192994
0.33,0.42809916
0.31,0.397043
0.33,0.3742485
0.316,0.37328193
0.32799999999999996,0.36436412
0.306,0.3646963
0.326,0.35351878
0.302,0.35724092
0.322,0.3467682
0.3,0.35112944
0.31800000000000006,0.3420742
0.294,0.34628117
0.316,0.33757618
0.22,0.34247848
0.238,0.3111412
0.21599999999999997,0.30622566
0.238,0.29570606
0.228,0.2979546
0.23199999999999998,0.2940765
0.238,0.29318976
0.244,0.29412627
0.472,0.2958915
0.514,0.3811299
0.5280000000000001,0.445533
0.744,0.48197547
1.008,0.61956865
0.994,0.82948834
1.132,0.8911708
1.004,1.0126137
1.024,0.9840745
3.194,1.0064455
5.57,2.5187216
4.384,4.6914124
4.816,4.008728
2.404,4.449453
2.366,2.8908484
3.154,2.7720127
3.494,3.1254451
3.884,3.367288
2.3760000000000003,3.665222
2.096,2.7954237
2.108,2.5413473
2.086,2.438284
2.1,2.3501844
2.092,2.3016598
2.116,2.2595408
2.092,2.2460635
2.1,2.217553
2.086,2.208858
2.06,2.1937933
2.02,2.1726592
2.034,2.1426406
2.078,2.1400535
2.088,2.159726
2.064,2.167347
2.068,2.1556199
2.114,2.1552684
2.152,2.1798422
2.152,2.2061746
2.17,2.2138035
2.186,2.2284658
2.184,2.242508
2.182,2.2461812
2.236,2.2479846
2.414,2.2801204
2.408,2.4040408
2.408,2.4246273
2.394,2.4372878
2.41,2.4368205
2.454,2.4531095
2.502,2.4877176
2.464,2.5293756
2.356,2.5161128
2.366,2.4585707
2.356,2.4543138
2.43,2.4439535
2.532,2.4816206
2.578,2.5525615
2.498,2.598752
2.486,2.5597203
2.474,2.5546205
2.824,2.5485115
3.048,2.7843726
2.936,2.9789762
3.004,2.9414225
3.112,3.0025456
3.2059999999999995,3.0911386
2.934,3.173215
2.688,3.0098598
2.684,2.8688247
2.928,2.8384917
3.26,2.9584641
3.026,3.19208
2.948,3.060501
2.988,3.013528
2.722,3.0364037
2.728,2.8869655
2.1,2.865984
1.584,2.4872813
1.466,2.1088617
1.4380000000000002,1.9166639
1.424,1.7998171
1.446,1.7168925
1.454,1.6725968
1.46,1.6396729
1.366,1.6166168
1.362,1.5479574
1.01,1.5180709
0.37999999999999995,1.3143163
0.37000000000000005,0.9221614
0.37000000000000005,0.7681681
0.376,0.67773217
0.34,0.6185518
0.37000000000000005,0.55758566
0.97,0.5300374
2.646,0.8068759
2.6320000000000006,2.0294578
2.638,2.317466
2.614,2.4363062
2.57,2.4901786
2.602,2.501814
2.596,2.5485096
2.6219999999999994,2.5712323
2.616,2.6066744
2.594,2.6173873
2.548,2.6128755
1.462,2.5947573
0.35,1.9851589
0.388,1.2560623
0.386,1.0222241
0.384,0.8709148
0.378,0.76333576
0.424,0.6840334
0.456,0.6441736
0.45400000000000007,0.6191203
0.45400000000000007,0.5910006
0.448,0.56818
0.46,0.5476332
0.452,0.5383106
0.456,0.5277042
0.438,0.5227781
0.352,0.50915956
0.346,0.45859542
0.352,0.43473604
0.35,0.42433196
0.332,0.4147654
0.282,0.39835104
0.284,0.36721495
0.282,0.353526
0.282,0.34372053
0.28,0.33737853
0.282,0.33271852
0.288,0.33006603
0.29,0.32985127
0.288,0.32944885
0.282,0.32805833
0.282,0.32514665
0.284,0.32387584
0.282,0.3238646
0.28,0.3229321
0.282,0.32174808
0.28,0.3218091
0.282,0.32097453
0.382,0.3212011
0.392,0.3571576
0.386,0.3807295
0.388,0.3891053
0.39,0.39626658
0.396,0.402337
0.39,0.40950656
0.388,0.41064686
0.378,0.41139147
0.37999999999999995,0.40753287
0.374,0.4076981
0.624,0.4048754
0.632,0.5306584
0.346,0.580354
0.29,0.4602288
0.254,0.39632502
0.31,0.35474336
0.34,0.36144906
0.366,0.3721996
0.424,0.3857324
0.416,0.41881505
0.392,0.42697918
0.42200000000000004,0.4198334
0.42200000000000004,0.4341212
0.416,0.44013444
0.378,0.44058686
0.326,0.42276078
0.694,0.39084095
0.452,0.5652871
2.564,0.50294465
2.64,1.8667723
2.636,2.2678084
2.6320000000000006,2.4014204
2.63,2.4764948
2.644,2.5259428
2.66,2.5692542
2.75,2.6035419
2.768,2.6864512
2.752,2.7266724
2.752,2.7358084
2.738,2.7490025
2.7160000000000006,2.7518013
0.742,2.7478926
0.428,1.6573573
0.426,1.2333537
0.434,1.0252073
0.44,0.890145
0.426,0.7952501
0.42,0.7191684
0.39,0.65831137
0.334,0.5994972
0.332,0.53512305
0.332,0.49631754
0.336,0.46898448
0.332,0.44993377
0.334,0.432466
0.332,0.42005357
0.32799999999999996,0.40893793
0.326,0.39839435
0.326,0.3897853
0.398,0.38291475
0.412,0.41098213
0.466,0.42744038
0.48399999999999993,0.46087146
0.49200000000000005,0.48308313
0.496,0.49750704
0.496,0.50736284
0.498,0.51325935
0.48800000000000004,0.51832306
0.48,0.5165173
0.476,0.5129133
0.47400000000000003,0.5101092
0.582,0.50815594
0.578,0.5626652
0.52,0.5801772
0.502,0.5600013
0.516,0.5467368
0.522,0.5499024
0.49200000000000005,0.5537883
0.45,0.53988093
0.426,0.5137935
0.424,0.4916094
0.42200000000000004,0.48067397
0.418,0.4732205
0.416,0.46630973
0.362,0.46101505
0.31800000000000006,0.430383
0.32,0.3958854
0.31800000000000006,0.38266194
0.31800000000000006,0.3740103
0.31800000000000006,0.36799997
0.32,0.36342812
0.31800000000000006,0.36074325
0.336,0.35737145
0.32799999999999996,0.3629413
0.32799999999999996,0.36051214
0.32799999999999996,0.35930374
0.334,0.358521
0.336,0.36057758
0.322,0.36195752
0.31800000000000006,0.35621464
0.31800000000000006,0.352364
0.322,0.35063607
0.31800000000000006,0.35130563
0.32,0.34937805
0.32,0.34931833
0.31800000000000006,0.34903374
0.31800000000000006,0.3478616
0.49000000000000005,0.3472907
0.5060000000000001,0.43174684
0.502,0.47154486
0.5,0.4887892
0.5,0.49943793
0.49400000000000005,0.507729
0.48800000000000004,0.5110656
0.48600000000000004,0.5117849
0.48600000000000004,0.5127899
0.482,0.5142575
0.48399999999999993,0.51346695
0.48,0.5147051
0.434,0.51338726
0.37000000000000005,0.48983672
0.32,0.44909012
0.32,0.40784302
0.332,0.38961166
0.33,0.38495177
0.332,0.3791238
0.332,0.37541574
0.33,0.37214434
0.32799999999999996,0.36862257
0.326,0.36534414
0.326,0.36235064
0.334,0.360477
0.32799999999999996,0.36264095
0.312,0.36022508
0.626,0.35202134
0.26,0.50507694
0.7179999999999999,0.37643924
0.7400000000000001,0.5700066
0.774,0.6515078
0.776,0.70650387
0.774,0.7365038
0.774,0.7569242
0.784,0.7724137
0.882,0.7893593
0.8860000000000001,0.85113275
0.88,0.8781365
0.878,0.8903846
0.862,0.89907086
0.8639999999999999,0.89783704
0.858,0.90165466
0.858,0.9016658
0.856,0.90310156
0.8440000000000001,0.90345085
0.858,0.8979772
0.88,0.9040126
0.94,0.9175966
0.856,0.9541618
0.832,0.9232597
0.814,0.9037073
0.83,0.8878358
0.84,0.889711
0.834,0.89381
0.814,0.8910754
0.82,0.8794027
0.824,0.8783338
0.82,0.8790893
0.768,0.8766763
0.704,0.8483121
0.712,0.80512273
0.71,0.79264814
0.7179999999999999,0.78338546
0.726,0.7811148
0.724,0.78190005
0.724,0.7794027
0.716,0.7775432
0.72,0.7720108
0.812,0.77163607
0.868,0.81868666
0.916,0.86350757
0.942,0.9064764
0.916,0.9390735
0.912,0.941817
0.9279999999999999,0.9462082
0.92,0.9596658
0.926,0.9622914
2.242,0.9686002
3.2940000000000005,1.8141103
3.262,2.7845082
3.28,2.9697282
3.326,3.0817301
3.406,3.1841226
3.3780000000000006,3.2845867
3.326,3.2890646
3.338,3.2717364
3.316,3.292854
3.324,3.2869184
3.324,3.2978415
3.326,3.3025615
3.334,3.3082528
3.276,3.3180695
3.26,3.282952
3.2160000000000006,3.273239
2.136,3.2468033
0.932,2.6473825
0.926,1.8576199
2.222,1.6103061
3.1,2.1610758
3.114,2.8370059
0.89,2.9647574
0.794,1.7155987
0.792,1.4327563
2.806,1.2813412
3.074,2.3861635
3.234,2.7924001
1.9,3.0199413
1.116,2.2405539
3.81,1.7278457
3.492,3.3214366
2.6239999999999997,3.2866988
0.952,2.760507
0.896,1.809551
1.234,1.5436766
2.204,1.5680754
0.924,2.053813
0.89,1.4355385
0.888,1.2696754
0.888,1.1839896
0.8860000000000001,1.1265528
0.792,1.0839908
0.796,1.0038791
0.79,0.96457034
0.764,0.9345886
0.764,0.9002081
0.766,0.8805742
0.7599999999999999,0.8680581
0.758,0.8550723
0.758,0.84500086
0.776,0.8376285
0.8419999999999999,0.84128994
0.8419999999999999,0.8748156
0.838,0.88470745
0.836,0.88703376
0.838,0.88753426
0.824,0.889229
0.814,0.8826136
0.814,0.875488
0.812,0.8728547
0.808,0.8696535
0.828,0.86560345
0.914,0.87405854
0.916,0.9216312
0.924,0.93874544
0.93,0.95178676
0.93,0.9621702
0.93,0.9685357
0.9279999999999999,0.97307694
0.932,0.9754155
0.932,0.97973603
0.926,0.9821655
0.922,0.98070014
0.92,0.9788121
0.918,0.97747046
0.916,0.9760604
0.914,0.97451234
0.914,0.9728501
0.912,0.9721601
0.9059999999999999,0.9706994
0.9,0.96692145
0.91,0.962358
0.918,0.965789
0.916,0.97063905
0.916,0.97110915
0.914,0.9715599
0.912,0.97088015
0.912,0.96978307
0.912,0.9694943
0.9080000000000001,0.9693696
0.91,0.9671799
0.9080000000000001,0.967482
0.912,0.9663542
0.914,0.9679872
0.912,0.9694389
0.884,0.96888
0.84,0.9540533
0.87,0.9260883
0.82,0.9316681
0.874,0.90484804
1.802,0.9231635
2.036,1.491293
1.966,1.8042243
1.906,1.848466
1.8960000000000001,1.8447429
1.912,1.8625258
1.914,1.8920877
1.91,1.9120561
1.904,1.9272789
1.886,1.9358823
1.818,1.9337945
1.826,1.8996624
1.822,1.8972297
1.818,1.8929557
1.8160000000000003,1.8888252
1.826,1.8860925
1.832,1.890517
1.834,1.8948512
1.8580000000000003,1.8976604
1.882,1.9125439
1.964,1.9306479
1.952,1.9826365
1.946,1.9921281
1.9380000000000002,1.9971794
1.918,1.9982917
1.918,1.990377
1.904,1.9900845
1.8940000000000001,1.9825895
1.8940000000000001,1.975277
1.89,1.9728622
1.882,1.969114
1.882,1.9628415
1.89,1.9604038
1.87,1.9632571
1.836,1.9522634
1.786,1.9305727
1.788,1.8965403
1.79,1.8865029
1.804,1.8809588
1.794,1.8841141
1.8160000000000003,1.8772908
1.922,1.88664
1.914,1.9464344
2.034,1.9577657
1.962,2.0337377
1.974,2.0149832
1.988,2.0255406
1.974,2.0392303
1.998,2.0375426
1.994,2.052978
1.994,2.055846
1.984,2.0584497
1.966,2.054809
1.972,2.0448046
1.972,2.045835
2.03,2.045392
2.084,2.077271
2.068,2.115224
2.01,2.1182992
1.986,2.0914276
1.99,2.074398
2.008,2.0718405
2.062,2.0794895
2.016,2.1103256
2.006,2.092271
2.0,2.084852
1.998,2.0796854
2.008,2.0766966
2.012,2.0807714
1.992,2.0833526
1.918,2.072844
1.918,2.0293496
1.914,2.0176826
1.922,2.0085008
1.922,2.0073466
1.916,2.004482
1.908,1.9989061
1.8960000000000001,1.9919928
1.836,1.9825636
1.174,1.9459057
0.748,1.5773101
0.746,1.2501843
0.748,1.1223161
0.756,1.0438738
0.756,0.99147975
0.752,0.9484361
0.746,0.9128899
0.75,0.88392794
0.752,0.86582834
0.748,0.85274863
0.748,0.84031314
0.932,0.8316878
0.926,0.92159104
0.922,0.9456484
0.92,0.9554532
0.91,0.9615578
0.902,0.9611903
0.684,0.95881677
0.418,0.84498936
0.414,0.6702443
0.412,0.60080934
0.412,0.56014645
0.414,0.5319395
0.39,0.5118689
0.346,0.4840555
0.252,0.44547722
0.244,0.38569796
0.246,0.3550756
0.246,0.3378367
0.246,0.32794127
0.244,0.32123312
0.244,0.31526095
0.284,0.31110272
0.342,0.32151273
0.342,0.34436366
0.338,0.35168284
0.338,0.35449454
0.336,0.3568096
0.34,0.35780397
0.338,0.3612218
0.334,0.36205542
0.334,0.36083072
0.332,0.36062223
0.436,0.35958835
0.42,0.41144603
0.438,0.42245737
0.5540000000000002,0.438382
0.6360000000000001,0.50546974
0.73,0.5742153
0.816,0.6535285
0.808,0.73470753
0.806,0.7656447
0.848,0.78698236
1.908,0.82506365
1.724,1.527432
1.7,1.5855896
1.552,1.612942
1.5660000000000003,1.5387499
1.568,1.5592355
1.554,1.5781432
1.508,1.5841368
1.492,1.5671191
1.55,1.5575057
1.578,1.5868413
1.71,1.6102219
1.648,1.6905576
1.742,1.6827867
1.734,1.7400609
1.736,1.7560207
1.732,1.7687941
1.658,1.77577
1.658,1.7418675
1.648,1.7358661
1.654,1.7281171
1.656,1.7284608
1.664,1.7286785
1.6859999999999997,1.7326487
1.884,1.7455347
1.992,1.8575863
1.706,1.9580333
1.662,1.8250004
2.18,1.7813963
2.192,2.0769775
1.8919999999999997,2.1475565
1.8140000000000003,1.9958427
2.046,1.9372228
2.028,2.049513
2.03,2.0626342
2.04,2.0730762
2.026,2.0857875
2.01,2.0846193
2.016,2.0784805
2.034,2.081972
2.036,2.0933409
2.028,2.0978758
1.992,2.0958638
1.956,2.076523
1.948,2.0522726
1.944,2.0405507
1.962,2.0327406
1.964,2.038361
1.958,2.0389578
1.956,2.035225
1.96,2.0329902
2.036,2.0342956
2.012,2.0765681
2.008,2.0737271
2.002,2.074301
1.996,2.0728304
1.998,2.0701168
1.982,2.0710187
1.972,2.0623481
1.97,2.0545642
1.964,2.0507271
1.964,2.0453844
1.91,2.0431345
1.898,2.011617
1.906,1.9962741
2.012,1.9937944
2.07,2.0490334
2.044,2.0934505
1.992,2.0935853
1.994,2.0704415
1.988,2.0690928
1.972,2.0653288
1.96,2.055276
1.97,2.0456133
1.992,2.047609
2.176,2.058877
2.174,2.1685448
2.106,2.191407
1.89,2.1664495
1.884,2.0479875
2.168,2.0175328
2.52,2.159861
2.526,2.4264631
2.522,2.4842448
2.514,2.511515
2.51,2.526366
2.496,2.5371063
2.502,2.5365608
2.496,2.5461867
2.594,2.5494277
2.582,2.61603
2.588,2.6200073
3.274,2.6303363
3.914,3.1201963
3.8760000000000003,3.627559
3.93,3.6685667
4.52,3.7605653
4.656,4.2339296
4.14,4.3712397
4.308,4.0415883
4.392,4.19301
4.442,4.2550116
4.452,4.3004394
4.454,4.3173637
4.664,4.327851
4.714,4.492019
5.02,4.5348377
5.232,4.783392
5.247999999999999,4.9556527
4.898,4.990732
3.696,4.750259
3.252,4.006728
3.244,3.6899498
3.354,3.5704482
3.16,3.54281
3.142,3.3756588
3.14,3.3154428
3.15,3.275509
3.2899999999999996,3.2545805
3.248,3.3301752
3.194,3.3041167
3.09,3.2684984
3.09,3.198692
3.1260000000000003,3.185641
3.056,3.2020297
3.162,3.151435
3.152,3.2150126
3.15,3.2084184
3.158,3.2064605
2.948,3.2108707
3.056,3.0827506
3.072,3.1254961
3.0420000000000003,3.132059
3.862,3.1095617
3.496,3.6766255
3.576,3.4615424
3.796,3.5374923
3.654,3.7050018
3.604,3.6229005
3.568,3.5979638
3.4579999999999997,3.574139
3.438,3.4955707
3.164,3.4744859
3.098,3.3079088
3.16,3.241234
3.176,3.2466385
3.204,3.2391236
3.192,3.2467854
2.984,3.2372315
2.886,3.1144698
2.94,3.0398073
3.018,3.0456877
3.094,3.0787284
3.09,3.130359
3.2059999999999995,3.1329126
3.2079999999999997,3.2159476
3.1260000000000003,3.2272298
2.936,3.178352
2.736,3.0636933
2.736,2.9355462
2.748,2.9033415
2.734,2.886224
2.73,2.8623235
2.74,2.8470058
2.736,2.8425808
2.732,2.83398
2.9,2.8260581
2.8780000000000006,2.9330616
2.912,2.9298806
3.0399999999999996,2.9581075
2.738,3.0507877
2.762,2.8759472
3.1280000000000006,2.8731265
3.09,3.1032362
2.84,3.098933
2.844,2.9514365
2.838,2.9419713
2.828,2.9304206
2.988,2.9180732
2.98,3.0146844
2.85,3.0181043
2.896,2.9421456
3.142,2.9610245
2.3820000000000006,3.1274078
1.818,2.695908
1.8119999999999998,2.3075607
2.682,2.1873844
1.834,2.6235478
1.92,2.174326
1.95,2.1407046
2.266,2.1210165
2.352,2.2775645
2.234,2.3629766
2.47,2.3067727
1.796,2.464211
1.698,2.0958374
1.638,1.972225
1.652,1.8856136
1.6859999999999997,1.8478162
1.6039999999999999,1.8361999
1.6039999999999999,1.7737696
1.6039999999999999,1.7478175
1.6039999999999999,1.7306231
1.5619999999999998,1.7180508
1.546,1.6860644
1.576,1.6643254
1.574,1.6694964
1.54,1.6652575
1.484,1.6434033
1.5,1.6053802
1.664,1.6004124
1.544,1.6828122
1.484,1.6379583
1.4800000000000002,1.5974593
1.472,1.5829749
1.484,1.570991
1.496,1.5707127
1.494,1.5740002
1.492,1.5721786
1.55,1.5697731
1.568,1.599561
1.5640000000000003,1.617076
1.584,1.6217127
1.594,1.636175
1.838,1.6472976
2.182,1.7901852
1.502,2.0545535
1.362,1.715033
1.224,1.5850388
1.692,1.4660624
1.726,1.6674992
1.7279999999999998,1.7254801
1.718,1.7474803
1.712,1.7555634
1.618,1.7607261
1.6039999999999999,1.7154435
1.6059999999999999,1.6983622
1.662,1.6928858
1.586,1.7193058
1.4359999999999997,1.6836421
1.388,1.5941339
1.388,1.5411736
1.3960000000000001,1.5181098
1.3919999999999997,1.5072373
1.386,1.4953736
1.376,1.4841875
1.368,1.4721854
1.368,1.4616984
1.364,1.4562225
1.32,1.4503661
1.3,1.4236987
1.3,1.4038599
1.302,1.3952092
1.308,1.3906091
1.096,1.38994
0.88,1.2766538
0.924,1.1286851
2.37,1.0956277
0.986,1.9519974
2.26,1.3107281
1.8940000000000001,1.9600604
0.988,1.8653339
0.98,1.3823994
0.974,1.2645234
0.974,1.2022631
0.98,1.1611972
0.98,1.134248
0.986,1.1122894
0.98,1.0979012
0.98,1.0825382
0.982,1.0723134
0.896,1.0660404
0.91,1.0154613
1.192,1.0044158
1.674,1.1465033
1.526,1.4819878
1.5199999999999998,1.4806961
1.558,1.4973774
1.6080000000000003,1.5384498
1.618,1.5900257
1.612,1.6201679
1.6039999999999999,1.6349047
1.6080000000000003,1.6422551
1.612,1.651748
1.602,1.6600337
1.592,1.659631
1.574,1.6563088
1.558,1.646921
1.5640000000000003,1.6359407
1.576,1.635919
1.5660000000000003,1.6412964
1.57,1.637015
1.6419999999999997,1.6384608
1.596,1.6778336
1.538,1.6642523
1.472,1.6325202
1.472,1.5891575
1.468,1.5751097
1.538,1.5647118
1.57,1.5958056
1.57,1.6190995
1.474,1.626475
1.884,1.5793108
1.8960000000000001,1.8014723
1.9,1.8633536
1.546,1.8913826
1.122,1.716111
1.53,1.4545146
1.3919999999999997,1.5895289
1.37,1.5307462
1.376,1.4983639
1.334,1.4856226
1.292,1.4535291
1.578,1.4175656
1.682,1.554698
1.696,1.6469028
1.692,1.6857738
1.2699999999999998,1.7061363
1.206,1.4955174
1.202,1.4086243
1.196,1.3692516
1.198,1.3412101
1.192,1.3232545
1.194,1.3064814
1.268,1.2964376
1.278,1.3276383
1.276,1.3390775
1.288,1.3418242
1.286,1.3500448
1.288,1.3523135
1.29,1.3551042
1.382,1.3577328
1.398,1.4077029
1.382,1.431533
1.378,1.4338723
1.374,1.4362975
1.37,1.4373211
1.3160000000000003,1.4370943
1.304,1.40929
1.302,1.3951446
1.308,1.388089
1.31,1.3870611
1.31,1.3860826
1.308,1.384728
1.632,1.382553
1.268,1.5561323
1.308,1.4100909
1.372,1.4013326
1.37,1.4294764
1.192,1.4343063
0.95,1.3424073
0.9480000000000001,1.1895297
0.904,1.1350687
0.874,1.0792593
0.872,1.0328223
0.882,1.0053483
0.882,0.9917343
0.598,0.97951
0.45,0.82157516
0.448,0.68880695
0.452,0.6299081
0.458,0.5956865
0.458,0.5733859
0.456,0.5552271
0.458,0.54012805
0.462,0.530017
0.458,0.5240246
0.456,0.5165305
0.49000000000000005,0.51040536
0.5919999999999999,0.5234817
0.638,0.5785441
0.638,0.62146413
0.638,0.63964
0.6360000000000001,0.6504475
0.638,0.6570147
0.6360000000000001,0.66320866
0.632,0.666501
0.632,0.667175
0.63,0.66848296
0.632,0.6685419
0.626,0.6700352
0.622,0.667752
0.606,0.6651329
0.49000000000000005,0.6560082
1.07,0.5933158
1.118,0.87173074
1.624,0.9952515
1.7,1.383323
2.464,1.5446407
2.508,2.1356483
1.578,2.3080554
1.65,1.7664675
1.71,1.7476307
1.242,1.7707677
1.246,1.5215251
1.24,1.4524057
1.236,1.4099303
1.234,1.3793745
1.24,1.3571997
1.334,1.3449435
1.154,1.3846428
1.364,1.2977237
1.09,1.3829911
1.082,1.2595121
1.08,1.2210616
1.082,1.2015804
1.19,1.1901569
1.1839999999999997,1.2377945
1.166,1.2457496
1.492,1.2399108
0.916,1.412722
0.872,1.1593599
0.868,1.0698366
1.014,1.0289024
0.984,1.0807612
0.634,1.0707937
0.668,0.88060427
0.646,0.8333985
0.574,0.79232186
0.5720000000000001,0.72951895
0.514,0.6973061
0.478,0.64680886
0.476,0.60292494
0.47400000000000003,0.5786196
0.472,0.56165737
0.472,0.5486151
0.47,0.53926337
0.468,0.53122795
0.436,0.52449316
0.4,0.5035861
0.4,0.475979
0.4,0.46360046
0.4,0.4559133
0.4,0.45038015
0.4,0.4461339
0.342,0.44281957
0.21599999999999997,0.41102314
0.21599999999999997,0.34131038
0.214,0.31762162
0.21599999999999997,0.30677825
0.21599999999999997,0.30035144
0.218,0.29540837
0.218,0.29220966
0.282,0.28942925
0.33,0.30833516
0.324,0.3299698
0.322,0.33581406
0.32,0.33837557
0.32,0.3396907
0.316,0.34098378
0.314,0.34069565
0.312,0.3403637
0.31,0.33983827
0.31,0.33912444
0.308,0.33892727
0.308,0.3381874
0.308,0.3379128
0.272,0.33777317
0.214,0.32573593
0.214,0.30231127
0.214,0.29349506
0.212,0.2888976
0.246,0.28517938
0.29,0.29391357
0.29,0.31062454
0.292,0.3162956
0.29,0.3196074
0.288,0.3208547
0.284,0.32128486
0.284,0.32060072
0.282,0.32069656
0.282,0.32024723
0.282,0.3202008
0.282,0.32022953
0.22,0.32025436
0.212,0.29975805
0.214,0.28989595
0.214,0.2861206
0.212,0.2836629
0.212,0.28119653
0.212,0.27998233
0.32799999999999996,0.27914906
0.322,0.31589833
0.31800000000000006,0.3267976
0.316,0.3307901
0.316,0.33310476
0.316,0.3351705
0.316,0.3368341
0.316,0.33813372
0.314,0.33914077
0.312,0.3392495
0.31,0.33894846
0.31,0.33840156
0.308,0.3383442
0.288,0.33772376
0.21,0.33091235
0.21,0.30272448
0.21,0.2925047
0.21,0.28737828
0.21,0.28403884
0.21,0.28160444
0.21,0.28031036
0.21,0.27925974
0.212,0.27840114
0.212,0.27821887
0.212,0.27781615
0.212,0.27742025
0.212,0.27707854
0.308,0.27679324
0.376,0.30705124
0.37000000000000005,0.34070852
0.37000000000000005,0.35354117
0.372,0.36424378
0.37000000000000005,0.37343606
0.368,0.37895185
0.366,0.38242736
0.366,0.38450873
0.364,0.38656121
0.434,0.38720268
0.45,0.42331812
0.4,0.44513318
0.398,0.43018588
0.394,0.4264308
0.388,0.4239571
0.384,0.42037135
0.382,0.4171139
0.37999999999999995,0.41477042
0.338,0.4126346
0.304,0.3904559
0.304,0.36552662
0.302,0.35617858
0.302,0.3498268
0.234,0.34561253
0.208,0.31831712
0.208,0.30037254
0.208,0.2923889
0.208,0.28758907
0.206,0.28417128
0.208,0.28126663
0.208,0.28008884
0.208,0.2789358
0.208,0.27794346
0.21,0.27711868
0.21,0.27696118
0.208,0.27657723
0.208,0.2756769
0.208,0.27517834
0.208,0.2748315
0.21,0.27456325
0.208,0.2748675
0.208,0.27434456
0.208,0.27411
0.208,0.27396944
0.208,0.27386874
0.206,0.27379182
0.254,0.27321124
0.396,0.2865606
0.394,0.3391531
0.392,0.3611044
0.39,0.37644812
0.386,0.3861795
0.382,0.3918403
0.378,0.3950103
0.376,0.39640462
0.372,0.3974538
0.372,0.39683634
0.32799999999999996,0.39726943
0.3,0.37571234
0.302,0.35447535
0.274,0.34772295
0.206,0.33222464
0.208,0.30465788
0.208,0.29449752
0.208,0.28887397
0.208,0.28502694
0.208,0.28236976
0.206,0.28076062
0.206,0.27892655
0.208,0.27767846
0.21,0.2772395
0.21,0.27715987
0.21,0.2767768
0.21,0.27638137
0.208,0.27603617
0.208,0.275226
0.208,0.2748141
0.21,0.27453896
0.21,0.27484608
0.21,0.27484983
0.21,0.27479154
0.208,0.27473086
0.206,0.27415913
0.208,0.27342522
0.26,0.27366576
0.322,0.28878063
0.316,0.31536725
0.314,0.32352424
0.314,0.32750708
0.314,0.33052632
0.31,0.3328633
0.312,0.33335087
0.312,0.33496615
0.352,0.33607236
0.386,0.3529283
0.384,0.37845653
0.382,0.3884081
0.382,0.3934617
0.298,0.39742526
0.284,0.35839015
0.282,0.3401741
0.502,0.33291817
1.3960000000000001,0.4331367
1.382,1.0154035
1.32,1.1855048
1.298,1.2131673
1.29,1.2286747
1.282,1.2454941
1.28,1.2656212
1.282,1.2854391
1.288,1.3021517
1.3559999999999999,1.3174728
1.378,1.362199
1.376,1.3907602
1.372,1.4035469
1.378,1.4105103
1.372,1.419926
1.372,1.4226646
1.366,1.426165
1.372,1.4259723
1.378,1.4306654
1.376,1.4363071
1.47,1.4380347
1.47,1.4897586
1.472,1.5058752
1.472,1.5160937
1.472,1.522957
1.47,1.5280482
1.472,1.5308114
1.464,1.5344676
1.3960000000000001,1.5325068
1.382,1.4966964
1.382,1.4792713
0.424,1.4716339
0.31,0.9677341
0.262,0.74619395
0.214,0.6117597
0.212,0.51494724
0.214,0.4541555
0.212,0.41050592
0.214,0.37572372
0.266,0.34982657
0.288,0.35220185
0.288,0.35417482
0.288,0.35001543
0.288,0.346101
0.28600000000000003,0.34255272
0.284,0.33878604
0.284,0.33520618
0.284,0.33258072
0.284,0.33042875
0.266,0.32867786
0.214,0.32145545
0.212,0.30106685
0.212,0.2923736
0.212,0.2877356
0.212,0.2845789
0.212,0.28220007
0.212,0.28035286
0.252,0.27923426
0.324,0.29098517
0.31800000000000006,0.31865865
0.316,0.32667685
0.316,0.33030465
0.314,0.3330887
0.314,0.334572
0.312,0.33599934
0.31,0.33650407
0.308,0.33651987
0.306,0.33621517
0.306,0.3356791
0.304,0.33563468
0.3,0.33502305
0.21,0.33352914
0.21,0.30322024
0.21,0.29250944
0.21,0.2872869
0.212,0.28393847
0.21,0.2821611
0.21,0.2804026
0.212,0.27927166
0.212,0.27891806
0.212,0.278386
0.212,0.27788904
0.212,0.2774655
0.214,0.27711305
0.214,0.27734318
0.214,0.2772759
0.214,0.27715507
0.268,0.27703968
0.29,0.29377365
0.29,0.30729204
0.29,0.31284067
0.288,0.3159662
0.28600000000000003,0.31746256
0.28600000000000003,0.3181814
0.28600000000000003,0.3190721
0.376,0.31984097
0.39,0.3516931
0.3479999999999999,0.3763322
0.314,0.36716074
0.312,0.34990272
0.31,0.34447935
0.308,0.3419906
0.308,0.34001178
0.308,0.33924228
0.308,0.3388043
0.308,0.33851743
0.308,0.33831602
0.308,0.3381739
0.262,0.33807564
0.214,0.3227077
0.214,0.30144668
0.212,0.293233
0.212,0.2881766
0.212,0.28497446
0.21,0.28265408
0.208,0.28061384
0.21,0.27889627
0.21,0.2783312
0.212,0.27769142
0.212,0.27764207
0.21,0.27733594
0.212,0.27649617
0.27,0.27656707
0.298,0.2943138
0.29599999999999993,0.3102286
0.29599999999999993,0.31597647
0.3,0.319284
0.32,0.32292023
0.31800000000000006,0.33176106
0.298,0.33497992
0.294,0.3303987
0.294,0.32825103
0.334,0.32780826
0.404,0.34104386
0.4,0.3810621
0.47400000000000003,0.3959172
0.468,0.4417792
0.46399999999999997,0.4584398
0.462,0.4669001
0.462,0.47275355
0.458,0.47775197
0.414,0.47965655
0.37999999999999995,0.45968992
0.376,0.43635374
0.376,0.42533934
0.308,0.4196589
0.21,0.38174075
0.212,0.32443118
0.212,0.30888042
0.214,0.3003594
0.214,0.29520294
0.214,0.29110816
0.214,0.28791285
0.212,0.28542945
0.21,0.28302073
0.212,0.28104046
0.21,0.2802566
0.21,0.27891552
0.21,0.2780231
0.208,0.27734405
0.208,0.2762787
0.21,0.27566236
0.21,0.2757437
0.21,0.27557123
0.21,0.2753683
0.21,0.2751899
0.208,0.2750407
0.208,0.27440023
0.208,0.27413294
0.208,0.27398217
0.28,0.27387756
0.32,0.29554754
0.316,0.3171505
0.314,0.3244999
0.312,0.32817525
0.312,0.33035704
0.308,0.33234814
0.308,0.33264503
0.308,0.33345565
0.31,0.33422452
0.306,0.3355202
0.306,0.33492756
0.306,0.33497927
0.32799999999999996,0.33515412
0.288,0.3427341
0.28600000000000003,0.33206704
0.28600000000000003,0.32813853
0.284,0.326576
0.28,0.32504585
0.28,0.3228975
0.278,0.32188737
0.278,0.32060272
0.278,0.31992838
0.21599999999999997,0.31948543
0.208,0.29865393
0.206,0.2885345
0.206,0.28323793
0.206,0.28019163
0.208,0.27871874
0.208,0.27809158
0.206,0.27733707
0.206,0.27613387
0.206,0.2753863
0.208,0.27483526
0.21,0.27491975
0.21,0.2752598
0.21,0.2752209
0.21,0.27510947
0.314,0.27499923
0.32,0.30760276
0.316,0.3217047
0.31800000000000006,0.32688653
0.316,0.33112207
0.312,0.333374
0.308,0.33398438
0.306,0.33374426
0.304,0.33360282
0.302,0.33327955
0.302,0.33275628
0.306,0.3327327
0.31,0.33414292
0.226,0.33603424
0.214,0.30898336
0.214,0.29570937
0.214,0.2899081
0.214,0.286459
0.212,0.28402403
0.214,0.28160205
0.214,0.28094172
0.212,0.28021282
0.212,0.2790447
0.212,0.27832916
0.308,0.27780294
0.288,0.30795348
0.288,0.31220508
0.288,0.3150023
0.29,0.3171043
0.32,0.31937817
0.368,0.33080304
0.37000000000000005,0.3532257
0.37000000000000005,0.3675139
0.346,0.37550473
0.298,0.36894262
0.298,0.3447731
0.298,0.33817986
0.346,0.33596852
0.41,0.35406655
0.406,0.39329708
0.4020000000000001,0.40647417
0.398,0.4119499
0.394,0.4144355
0.39,0.4152403
0.388,0.4148828
0.404,0.4146374
0.4020000000000001,0.42313448
0.4,0.42555898
0.376,0.4261042
0.32,0.41478765
0.316,0.38290137
0.29,0.3687483
0.298,0.3510493
0.29599999999999993,0.34625146
0.352,0.341409
3.214,0.36259785
4.766,2.278021
1.6039999999999999,3.940478
1.594,1.9401639
1.64,1.8009391
2.602,1.7816063
2.808,2.3735836
1.326,2.6289477
1.342,1.798699
1.336,1.665216
2.428,1.58867
2.42,2.1794233
2.428,2.2943027
2.404,2.3498852
2.41,2.369388
2.4660000000000006,2.3968506
2.434,2.4536908
2.492,2.451583
2.366,2.501155
2.496,2.4398646
2.676,2.5134242
2.5380000000000003,2.65197
2.986,2.5830717
2.992,2.899553
3.062,2.9524512
3.06,3.0285938
2.994,3.049766
2.97,3.0204022
2.932,3.0099638
2.904,2.9866617
2.906,2.9705665
2.892,2.9682178
3.05,2.957846
2.82,3.0587947
1.984,2.9286115
1.958,2.4402146
1.8919999999999997,2.316137
1.878,2.202124
1.902,2.130683
1.958,2.097028
1.9779999999999998,2.0978315
1.982,2.0942075
1.992,2.0877433
1.9800000000000002,2.0874307
1.974,2.077967
1.982,2.0708098
1.974,2.0717905
1.958,2.0658865
1.9339999999999997,2.0543964
2.012,2.0368247
2.0,2.0737011
2.028,2.0733492
1.926,2.0900283
1.908,2.0378125
1.902,2.0161097
1.904,2.0035396
1.9,1.9973639
2.044,1.9901038
2.074,2.06566
2.058,2.0993567
2.042,2.103889
2.06,2.1018033
2.074,2.1149437
2.072,2.1278017
2.066,2.1319432
2.05,2.1319742
2.148,2.124672
2.208,2.1786919
2.262,2.22577
2.172,2.2755423
2.1,2.238467
2.01,2.1978016
1.996,2.1391125
2.0,2.114341
1.99,2.1039689
1.986,2.0900683
1.694,2.0803251
2.52,1.9132541
2.2920000000000003,2.374004
2.302,2.3016632
2.3780000000000006,2.318895
2.434,2.3834028
2.736,2.4396343
2.5339999999999994,2.665937
4.524,2.569798
3.968,4.033116
3.834,3.7247906
3.9559999999999995,3.6934829
4.1,3.8157437
4.15,3.9444938
4.368,4.004307
2.758,4.1840663
2.55,3.2071824
3.336,3.0090868
3.136,3.3459177
3.442,3.2211268
3.416,3.39949
3.196,3.3922436
3.05,3.2604876
3.0,3.1691298
3.758,3.1209128
3.3,3.6157928
2.386,3.328181
2.254,2.817807
2.3760000000000003,2.6600358
2.7920000000000003,2.6422715
2.726,2.8390725
2.936,2.8093429
4.806,2.9512622
2.52,4.3185716
2.762,2.8848965
2.756,2.9663944
2.75,2.9306757
2.746,2.9016426
2.7940000000000005,2.8797195
2.748,2.890751
2.724,2.859007
2.816,2.8365757
2.7839999999999994,2.8805451
2.7880000000000003,2.8633778
2.8739999999999997,2.864262
2.992,2.9217932
2.8,3.0080113
2.636,2.896158
2.422,2.7976165
2.142,2.6493945
2.102,2.4465585
2.124,2.3598058
2.208,2.3233228
2.354,2.3387136
3.952,2.4090552
4.498,3.5471218
4.486,4.0818443
4.498,4.1610045
4.534,4.2393265
4.516,4.3192844
4.556,4.34187
4.572,4.394836
4.670000000000001,4.420018
4.6739999999999995,4.5029063
3.2880000000000003,4.5124984
2.394,3.650171
2.332,3.0797434
2.332,2.889356
2.392,2.7613685
3.95,2.7028754
4.56,3.6532795
3.596,4.1648645
2.366,3.5591183
2.3,2.8793588
2.306,2.744459
2.306,2.6581943
2.642,2.5865614
4.456,2.7293096
4.458,4.0038
4.518,4.106396
2.416,4.239731
2.236,2.9804475
2.232,2.7840784
3.234,2.6649828
4.472,3.1732302
4.474,4.0799
2.206,4.1552076
2.222,2.821846
2.296,2.7185802
2.486,2.6508932
3.428,2.6850665
4.764000000000001,3.2680516
4.816,4.297925
2.426,4.4150786
2.302,2.971704
2.244,2.8159525
2.186,2.675354
2.196,2.5450315
4.406,2.4733393
4.356,3.9258692
2.86,4.000203
2.216,3.096362
2.154,2.7139623
2.152,2.5675445
3.606,2.4756026
4.44,3.3589017
4.318,4.0398803
4.288,4.032137
4.284,4.0842276
4.286,4.1270514
4.302,4.1569533
4.346,4.186655
4.454,4.2302504
4.346,4.3180027
3.314,4.2454157
2.09,3.6119304
2.104,2.8673346
2.172,2.7063591
2.15,2.6083198
1.958,2.4955072
2.278,2.3120263
2.932,2.4176023
1.514,2.8408396
1.808,2.0482826
1.63,2.0740783
1.718,1.9354352
1.708,1.9250138
1.706,1.8921331
1.806,1.8675538
3.7920000000000003,1.9041513
3.726,3.2961633
3.4619999999999997,3.4433937
5.168,3.3348236
6.146,4.67959
8.0,5.551926
7.902,7.191711
7.856,7.048901
7.9,7.2069254
7.296,7.302969
5.938,6.774343
7.59,5.846441
6.198,7.2834783
5.934,5.8328843
7.247999999999999,5.8363314
6.09,6.813466
4.198,5.725692
3.642,4.6464505
3.63,4.23633
3.6179999999999994,4.045346
3.648,3.8988185
3.598,3.82426
3.906,3.7355301
4.46,3.9023135
4.434,4.3054004
3.98,4.305899
3.386,4.0113177
3.846,3.6518764
4.402,3.9003832
3.1219999999999994,4.2808723
3.602,3.461286
4.45,3.6945398
2.74,4.276941
4.052,3.2065742
4.298,3.9706755
3.066,4.1370325
4.11,3.3724048
3.352,4.0131598
3.656,3.50219
3.786,3.6745372
3.34,3.7553422
3.296,3.4709806
3.776,3.4212244
3.232,3.7181365
3.974,3.3704264
2.6320000000000006,3.8554745
4.562,3.0423846
2.742,4.259408
4.138,3.1081324
3.144,3.9679453
2.04,3.3240213
2.22,2.691591
2.59,2.6522987
1.988,2.7727363
2.18,2.399832
2.454,2.415051
1.96,2.5336044
2.23,2.2572684
2.128,2.3470535
1.766,2.2854972
2.17,2.0637746
1.966,2.2273939
1.966,2.128895
2.526,2.1056945
1.93,2.4491215
2.26,2.136099
1.992,2.283292
1.678,2.1510127
1.998,1.9520552
1.92,2.0706494
1.64,2.0358515
2.004,1.8705074
1.986,2.0239372
1.658,2.0371497
1.96,1.8632852
2.142,1.987241
1.778,2.1194265
1.982,1.9397868
2.136,2.0214784
1.802,2.1275635
2.226,1.962855
2.122,2.1820507
4.044,2.154169
4.068,3.5636728
4.17,3.7368693
4.132,3.893599
4.112,3.9221
4.114,3.947364
4.126,3.9790487
4.062,4.0064073
4.008,3.972056
4.248,3.9393997
4.308,4.115478
4.074,4.1635036
4.09,4.005955
3.0440000000000005,4.0265675
1.888,3.3963234
2.002,2.6874468
1.79,2.5728872
1.792,2.3155653
2.022,2.19251
1.966,2.2350154
1.8539999999999999,2.1717455
1.682,2.0767877
1.908,1.9449908
1.8539999999999999,2.0216587
1.622,1.9922934
1.6440000000000001,1.8535017
1.734,1.8244159
1.9800000000000002,1.8515538
1.656,1.9901829
1.6039999999999999,1.8353868
1.888,1.7756828
1.76,1.9064409
1.6839999999999997,1.8610381
1.828,1.8116773
1.848,1.875534
1.8919999999999997,1.8982877
1.97,1.9302208
2.164,1.9841975
1.884,2.1271167
1.898,1.9925005
1.998,1.984363
2.126,2.035696
1.86,2.121303
1.694,1.9938453
1.7300000000000002,1.8799921
1.9339999999999997,1.8649969
1.592,1.9612217
1.602,1.7906505
1.784,1.754326
1.778,1.8321451
1.6039999999999999,1.8403323
1.592,1.7486503
1.914,1.7188132
1.676,1.880556
1.612,1.7873068
1.602,1.7372113
2.034,1.7162915
3.386,1.9573696
2.28,2.9731774
2.616,2.356615
2.896,2.5597775
1.66,2.794074
1.692,2.0970693
1.6839999999999997,1.9977902
1.696,1.9300165
1.674,1.8895413
1.694,1.8445985
1.676,1.8280098
1.794,1.8015983
1.78,1.851387
1.8,1.850821
1.78,1.8625158
1.802,1.855406
1.71,1.8672132
1.472,1.820523
1.43,1.6803936
1.446,1.6164519
1.4339999999999997,1.5945582
1.428,1.5697659
1.43,1.5507292
1.402,1.5394121
1.422,1.5158317
1.408,1.5157448
1.342,1.5041674
1.324,1.463387
1.35,1.4397002
1.338,1.4421835
1.3559999999999999,1.4321703
1.334,1.436056
1.348,1.4234338
1.324,1.4260069
1.346,1.4124148
1.332,1.4194175
1.3559999999999999,1.4126656
1.334,1.422975
1.34,1.4136211
1.328,1.414258
1.346,1.4075139
1.326,1.4146867
1.346,1.4054891
1.332,1.4133734
1.398,1.4076425
1.428,1.4410616
1.4339999999999997,1.4665623
1.418,1.4794847
1.5660000000000003,1.4779575
1.612,1.559395
1.638,1.6092116
1.63,1.644351
1.6059999999999999,1.6577317
1.62,1.6556982
1.602,1.6678058
1.612,1.664213
1.588,1.6710534
1.6059999999999999,1.6611094
1.58,1.6691946
1.602,1.6573145
1.5660000000000003,1.6664644
1.588,1.6490697
1.54,1.6565357
1.466,1.6317596
1.36,1.5851513
1.368,1.5135891
1.342,1.4928458
1.3559999999999999,1.4651847
1.334,1.4585481
1.35,1.439495
1.33,1.4388185
1.362,1.4246494
1.346,1.4354776
1.36,1.4280907
1.346,1.4329064
1.3580000000000003,1.426132
1.342,1.4303532
1.366,1.4225318
1.34,1.4328371
1.364,1.421422
1.348,1.4310229
1.35,1.4246724
1.348,1.4240711
1.326,1.4224635
1.3539999999999999,1.4100418
1.332,1.420843
1.456,1.4112926
1.4359999999999997,1.4743907
1.448,1.4817041
1.424,1.4944569
1.4380000000000002,1.4884039
1.416,1.4967781
1.432,1.4885966
1.412,1.4959536
1.504,1.4875441
1.506,1.5347763
1.5220000000000002,1.5492532
1.486,1.5653242
1.508,1.5536903
1.506,1.565108
1.488,1.5681694
1.4,1.560752
1.418,1.5126382
1.402,1.5083789
1.418,1.4950793
1.388,1.4973755
1.412,1.4797461
1.3919999999999997,1.4862381
1.384,1.4755836
1.33,1.4676394
1.3539999999999999,1.4355917
1.338,1.4377074
1.336,1.4268706
1.346,1.4210328
1.332,1.4229137
1.35,1.4146626
1.328,1.4210737
1.35,1.4103296
1.332,1.4186571
1.3559999999999999,1.4107499
1.334,1.4211906
1.352,1.4121096
1.34,1.4193573
1.416,1.414726
1.462,1.453904
1.486,1.4897442
1.46,1.51575
1.474,1.5136364
1.448,1.5248526
1.468,1.5165776
1.448,1.5270045
1.468,1.5199426
1.442,1.5296685
1.462,1.5186819
1.444,1.5269377
1.46,1.519343
1.44,1.526099
1.466,1.5170702
1.398,1.5286903
1.378,1.4953598
1.38,1.4757005
1.452,1.4689714
1.444,1.5027304
1.442,1.5063121
1.458,1.5076369
1.452,1.5176548
1.476,1.5181223
1.496,1.5322765
1.8559999999999999,1.5477953
2.048,1.7633935
2.096,1.9443947
3.2160000000000006,2.0281804
4.422,2.863976
4.816,3.928268
4.18,4.361509
4.188,3.9616315
6.948,4.021025
7.138,6.3133297
6.612,6.384262
6.57,6.071765
6.572,6.1563096
5.106,6.1590195
4.512,5.096273
5.542,4.75448
5.024,5.365241
4.472,4.8745356
4.498,4.546011
3.698,4.514713
3.852,3.9727755
4.496,4.0009465
4.97,4.3744173
4.552,4.715867
4.512,4.4230237
4.196,4.4413433
3.2079999999999997,4.210125
4.38,3.616334
4.298,4.311488
4.262,4.210407
4.062,4.2060537
3.024,4.0669384
3.964,3.4438865
3.16,3.9545856
4.294,3.4269114
3.172,4.146572
4.0,3.4130967
3.6260000000000003,3.9287376
3.556,3.656289
4.07,3.612175
3.3719999999999994,3.9703095
4.23,3.5128746
3.16,4.0908523
3.7,3.3995898
3.2160000000000006,3.703343
3.366,3.3889616
3.764,3.442104
3.082,3.7017088
3.976,3.2791886
2.806,3.8461342
3.654,3.1264622
2.946,3.6037068
3.91,3.166556
2.748,3.769193
2.308,3.061392
2.2940000000000005,2.7667565
2.32,2.664819
2.314,2.601511
2.312,2.544063
2.318,2.502939
2.262,2.4774337
2.212,2.4255266
2.1,2.375921
2.2920000000000003,2.291347
2.126,2.3709455
2.056,2.2820547
1.984,2.221793
2.03,2.158926
2.006,2.1594827
2.02,2.1349416
2.002,2.130095
2.018,2.1129208
2.006,2.1134582
2.026,2.1031063
2.008,2.1092818
2.014,2.0984366
2.02,2.0980704
2.074,2.0995839
2.08,2.129066
2.162,2.1388946
2.334,2.1894283
2.2920000000000003,2.316512
2.312,2.315161
2.306,2.3384116
2.07,2.344544
2.002,2.220277
2.016,2.1573122
1.992,2.1415706
2.07,2.1141562
2.098,2.1439624
2.152,2.160664
2.178,2.1941626
2.2,2.2179728
2.182,2.2397373
2.176,2.2389636
2.128,2.239733
2.138,2.2152934
2.124,2.2164845
2.132,2.2075262
2.106,2.2091641
2.118,2.1937401
2.076,2.1962268
2.114,2.171622
2.018,2.1863089
2.01,2.133611
1.988,2.1162095
1.716,2.0951622
1.426,1.9355736
1.45,1.7333773
1.442,1.6773839
1.444,1.6333728
1.376,1.6040803
1.3539999999999999,1.5458581
1.366,1.5077535
1.352,1.493345
1.372,1.4734067
1.344,1.472442
1.36,1.4525181
1.342,1.45231
1.366,1.4395326
1.346,1.4465247
1.542,1.4357908
1.6080000000000003,1.5361154
1.636,1.5993748
1.63,1.6390114
1.6440000000000001,1.6553961
1.734,1.6753279
1.746,1.7352655
1.712,1.7629699
1.548,1.7591683
1.51,1.6754766
1.526,1.6349822
1.662,1.6275016
2.0,1.6929421
2.104,1.9094751
3.6,2.0312276
5.082,3.1561046
6.154,4.4672847
6.678,5.469941
4.202,5.998847
4.252,4.164694
4.196,4.2901936
4.18,4.20018
4.168,4.1566157
4.176,4.120388
4.148,4.103376
4.398,4.0717154
4.602,4.253277
4.614,4.4065633
3.756,4.4317756
3.974,3.8850625
4.338,3.9925435
3.398,4.2284374
4.432,3.62628
3.082,4.291679
3.9619999999999997,3.414818
3.47,3.9228096
4.106,3.579518
3.918,4.004263
3.948,3.871157
3.84,3.9103215
3.098,3.8383012
3.4619999999999997,3.3902936
3.064,3.543332
3.472,3.2898726
3.01,3.4938312
3.436,3.210817
2.928,3.4409654
3.568,3.1334555
2.4600000000000004,3.5129309
2.192,2.8654337
2.138,2.6437037
2.186,2.51277
2.148,2.4619281
2.496,2.3896565
2.666,2.5469756
2.25,2.6815903
1.554,2.446438
1.388,2.0238461
1.426,1.8199596
1.442,1.74544
1.452,1.6939973
1.432,1.6565818
1.452,1.6152697
1.432,1.5998244
1.446,1.5735279
1.418,1.5656911
1.4380000000000002,1.5420038
1.414,1.5412449
1.4339999999999997,1.5236132
1.428,1.5261829
1.416,1.5204335
1.432,1.5105015
1.24,1.5142728
1.634,1.4116067
1.7,1.5902052
1.81,1.6725985
1.726,1.770128
1.706,1.7496715
1.706,1.749131
1.754,1.7558101
1.764,1.7875013
1.952,1.8040553
1.914,1.9195505
1.93,1.9273913
1.924,1.9500775
1.996,1.959736
1.948,2.0080454
1.916,1.998108
1.762,1.9842888
2.11,1.8987914
1.82,2.0730054
1.736,1.9460223
1.722,1.8787143
1.748,1.8493665
1.782,1.8482088
1.616,1.8599113
1.63,1.7687025
1.626,1.7508442
1.792,1.7362043
1.86,1.8170378
1.9339999999999997,1.8718363
1.924,1.9322013
1.62,1.9480191
1.466,1.7948254
1.384,1.6772065
1.406,1.5923382
1.406,1.5662122
1.4,1.5442386
1.4,1.5243874
1.39,1.5111091
1.3940000000000001,1.496184
1.3919999999999997,1.4897692
1.386,1.4833432
1.3919999999999997,1.4758443
1.39,1.4749755
1.388,1.4720166
1.386,1.4690192
1.426,1.4661961
1.92,1.4858435
2.3780000000000006,1.7849761
2.026,2.163778
1.996,2.022857
2.078,2.0074935
1.99,2.0703173
2.336,2.03874
2.312,2.261186
2.33,2.2901883
2.2940000000000005,2.3223026
2.244,2.3142505
2.138,2.2969072
2.282,2.239325
2.262,2.3091595
2.174,2.3103378
2.236,2.264903
2.488,2.2919698
2.496,2.455929
2.474,2.492909
2.4660000000000006,2.496039
2.474,2.500998
2.478,2.5136356
2.49,2.5241206
2.472,2.5376108
2.322,2.5335407
2.402,2.4497633
2.448,2.4785757
2.696,2.5046234
2.3760000000000003,2.6754286
2.812,2.501346
2.8760000000000003,2.768975
2.932,2.8522587
2.944,2.919229
3.036,2.9516869
2.984,3.0278418
3.058,3.0093315
3.202,3.06656
3.278,3.174868
3.2880000000000003,3.243654
3.34,3.267151
3.396,3.3155158
3.4,3.3661184
3.39,3.3806612
3.366,3.3826194
3.196,3.371685
3.226,3.2655363
2.278,3.2712934
2.064,2.740527
2.068,2.5165966
2.064,2.4146988
2.16,2.338982
1.942,2.3398836
1.8919999999999997,2.1909382
1.89,2.1148195
1.89,2.0756607
1.87,2.0491118
2.026,2.0189643
2.954,2.0890584
3.036,2.728628
3.082,2.8972895
2.7839999999999994,2.9956977
2.77,2.8341842
2.768,2.828334
2.758,2.8298733
2.766,2.8237886
2.916,2.8284454
2.77,2.9344785
2.698,2.8497539
2.514,2.803005
2.508,2.684648
2.514,2.6518476
2.528,2.6345367
2.5380000000000003,2.6284628
2.564,2.6258528
2.65,2.6362555
2.7119999999999997,2.690689
2.7079999999999997,2.7439613
2.7059999999999995,2.7536871
2.714,2.7601986
2.72,2.7712395
2.726,2.7800071
2.728,2.7878106
2.7119999999999997,2.7921896
2.7,2.7841897
2.7100000000000004,2.777583
2.728,2.7823508
2.736,2.793277
2.692,2.8005607
2.6320000000000006,2.7766635
2.586,2.7380471
2.57,2.7018635
3.336,2.6807265
3.642,3.1909833
3.634,3.4564767
3.6260000000000003,3.5039752
3.68,3.5369737
3.62,3.600778
3.6320000000000006,3.5781236
3.6219999999999994,3.5973816
3.662,3.5967185
3.656,3.6288009
5.07,3.628539
5.13,4.681559
3.886,4.741163
4.558,3.9329274
5.036,4.4314733
3.816,4.765261
3.662,3.9443345
3.422,3.8466914
3.422,3.6436868
3.304,3.5824296
3.0420000000000003,3.4655478
3.172,3.2741838
3.142,3.296679
3.15,3.2510793
3.148,3.23531
3.152,3.2211702
3.7079999999999997,3.2174768
4.44,3.6032476
3.174,4.1571574
3.964,3.3493986
3.856,3.8713558
2.886,3.7999125
2.884,3.219993
2.88,3.1571906
2.8719999999999994,3.096987
2.854,3.0498133
2.786,3.0081632
2.7899999999999996,2.9462104
2.776,2.9248366
2.762,2.9008102
2.73,2.880347
2.662,2.8523128
2.664,2.8042607
2.672,2.788969
2.676,2.7820587
2.674,2.776702
2.674,2.770492
2.678,2.766463
2.73,2.76576
2.758,2.7986352
2.76,2.8218343
2.76,2.8276398
2.77,2.8303459
3.006,2.8389776
3.526,3.0019624
3.514,3.376669
3.496,3.4145558
3.714,3.43438
3.858,3.6082218
4.128,3.7350945
4.264,3.9543512
4.076,4.0823174
4.016,3.9760492
4.15,3.9523172
4.158,4.054444
4.094,4.0642743
4.01,4.025519
4.0,3.9689353
3.942,3.9609466
3.856,3.9156368
3.82,3.8505218
3.99,3.8191805
3.996,3.9353156
3.992,3.9391406
3.662,3.9428618
3.452,3.7261007
3.354,3.5874147
3.532,3.4967856
3.358,3.5667584
3.36,3.450404
3.43,3.432485
3.094,3.4644403
2.6280000000000006,3.260113
3.232,2.9707634
3.928,3.2574813
3.942,3.7493887
3.9579999999999997,3.7985437
3.916,3.8493845
4.036,3.8469398
3.9660000000000006,3.9501727
4.01,3.912493
4.462,3.9536178
5.588000000000001,4.2887187
5.526,5.166509
5.468,5.121583
5.488,5.159117
5.65,5.217112
5.532,5.3662367
5.55,5.2804804
5.52,5.3194256
5.493999999999999,5.2962017
5.47,5.281356
5.468,5.264204
4.920000000000001,5.2638097
3.532,4.863385
3.526,4.007949
3.508,3.9153948
3.49,3.7785492
3.49,3.684968
3.49,3.6264527
3.486,3.5867717
3.482,3.5583966
3.494,3.5421848
3.508,3.5464342
3.492,3.5539925
3.488,3.541702
3.478,3.5371447
3.4559999999999995,3.5275822
3.2079999999999997,3.5088973
3.078,3.3487017
3.112,3.2512755
2.766,3.2388904
1.618,3.0239682
1.6080000000000003,2.3404076
1.6440000000000001,2.1571145
1.638,2.053032
1.628,1.9645687
1.63,1.8952888
1.626,1.8485451
1.618,1.8120804
1.616,1.7822205
1.628,1.7614648
1.632,1.7534176
1.636,1.7465581
1.634,1.7421917
1.636,1.7366453
1.6419999999999997,1.7335745
1.6460000000000001,1.7336111
1.592,1.7337468
1.468,1.7029551
1.544,1.6263741
1.598,1.6422887
1.586,1.6677321
1.594,1.6645837
1.58,1.667568
1.584,1.66021
1.58,1.6600614
1.588,1.6570598
1.588,1.6599802
1.592,1.6602216
1.59,1.6623008
1.59,1.6616839
1.586,1.6616362
1.67,1.6596775
1.654,1.70464
1.64,1.7083222
1.598,1.7051353
1.59,1.6837723
1.498,1.6745577
1.498,1.6213783
1.458,1.605122
1.442,1.5742555
1.474,1.5529072
1.4779999999999998,1.559307
1.472,1.5590464
1.468,1.5538353
1.472,1.5491275
1.4800000000000002,1.5489569
1.536,1.5523156
1.5220000000000002,1.5828005
1.5199999999999998,1.5839949
1.484,1.5855166
1.534,1.5680311
3.224,1.5907232
3.812,2.7488987
3.854,3.4124393
3.778,3.570831
3.778,3.5857337
3.81,3.627805
3.806,3.6776352
3.75,3.700567
3.766,3.6776843
3.7119999999999997,3.6975667
3.746,3.6643221
3.754,3.6907144
3.764,3.6986828
3.694,3.7095811
1.448,3.6640549
1.404,2.4161127
1.4,2.1528826
1.408,1.9666086
1.402,1.8388516
1.406,1.7412459
1.404,1.6745532
1.41,1.6249936
1.322,1.5934126
1.3140000000000003,1.5226895
1.31,1.4880112
1.308,1.4649327
1.306,1.4482452
1.3119999999999998,1.4352374
1.322,1.4289144
1.324,1.4276687
1.326,1.4246886
1.324,1.4218074
1.322,1.4173394
1.3160000000000003,1.4127973
1.318,1.4062853
1.328,1.403533
1.334,1.4061075
1.334,1.408474
1.336,1.4082289
1.368,1.4086448
1.414,1.4252282
1.408,1.4541981
1.408,1.4604694
1.472,1.4648845
1.498,1.5021976
1.492,1.5288261
1.492,1.53709
1.488,1.5436113
1.512,1.5463489
1.4800000000000002,1.5621825
1.476,1.5510508
1.474,1.5477133
1.458,1.5460029
1.404,1.536909
1.402,1.5053375
1.38,1.4943993
1.378,1.4767898
1.386,1.4682387
1.384,1.4673754
1.3580000000000003,1.4639659
1.292,1.44794
1.292,1.40739
1.294,1.3937411
1.29,1.3868848
1.298,1.3795198
1.3,1.3791901
1.304,1.3782678
1.3119999999999998,1.3789976
1.3119999999999998,1.3827393
1.3160000000000003,1.3835056
1.31,1.3858924
1.304,1.3834956
1.3140000000000003,1.37979
1.326,1.3838575
1.326,1.3910426
1.328,1.3932259
1.34,1.3954396
1.34,1.40287
1.33,1.4054714
1.322,1.4016899
1.286,1.3969356
1.31,1.3765773
1.3580000000000003,1.3828236
1.3580000000000003,1.4084184
1.376,1.4155327
1.454,1.4287201
1.46,1.4755127
1.526,1.4942943
1.552,1.5395175
1.55,1.5705695
1.55,1.5841093
1.544,1.593603
1.544,1.5973345
1.544,1.6015263
1.534,1.6047654
1.538,1.6017746
1.532,1.6041447
1.412,1.6019843
1.372,1.537555
1.37,1.4979298
1.37,1.4807128
1.368,1.4701097
1.366,1.4614959
1.364,1.4546235
1.368,1.4490949
1.366,1.4477565
1.368,1.4449077
1.29,1.4442766
1.284,1.402149
1.284,1.3860726
1.286,1.3780018
1.286,1.3735653
1.29,1.3698331
1.296,1.3690778
1.298,1.3707203
1.298,1.3714435
1.29,1.3712672
1.288,1.3668002
1.29,1.3642393
1.292,1.3640765
1.402,1.3646061
1.3960000000000001,1.4226123
1.3940000000000001,1.4365715
1.3960000000000001,1.4436963
1.3960000000000001,1.4502372
1.386,1.454636
1.37,1.452499
1.36,1.4447497
1.366,1.4377848
1.368,1.4386796
1.42,1.4393418
1.442,1.4668244
1.452,1.4864819
1.456,1.4995064
1.452,1.5080427
1.386,1.5108956
1.3539999999999999,1.4786878
1.348,1.4537375
1.352,1.4417157
1.35,1.4375836
1.3580000000000003,1.4328481
1.362,1.4339736
1.306,1.4351168
1.296,1.4051743
1.294,1.3907571
1.288,1.3831339
1.278,1.3753506
1.286,1.3658508
1.274,1.3655684
1.2720000000000002,1.3575364
0.43,1.3531075
0.212,0.91043335
0.212,0.6551596
0.214,0.5405726
0.212,0.4756724
0.24,0.42622524
0.274,0.40065947
0.212,0.39061067
0.288,0.3479465
0.322,0.35775727
0.31800000000000006,0.36882034
0.316,0.36663857
0.314,0.3626494
0.316,0.35865164
0.316,0.35668784
0.316,0.35474563
0.316,0.35302642
0.314,0.35152665
0.312,0.34933165
0.312,0.34697253
0.312,0.34547004
0.31,0.34430742
0.29599999999999993,0.34246492
0.21599999999999997,0.33653456
0.21599999999999997,0.30779675
0.21599999999999997,0.29723898
0.276,0.29185086
0.294,0.30814168
0.294,0.3185063
0.292,0.32200235
0.292,0.32299468
0.292,0.3239084
0.29,0.3246599
0.29,0.32458007
0.288,0.3247928
0.288,0.32435265
0.288,0.32429504
0.246,0.32430935
0.218,0.31042433
0.218,0.29629073
0.218,0.29065028
0.21599999999999997,0.28754458
0.21599999999999997,0.28475994
0.21599999999999997,0.28293994
0.21599999999999997,0.28161135
0.214,0.28080896
0.396,0.27968785
0.412,0.33868307
0.408,0.3711782
0.406,0.38910428
0.408,0.4000838
0.404,0.4095797
0.4020000000000001,0.41446453
0.4020000000000001,0.41788444
0.4,0.4210346
0.398,0.4225122
0.396,0.4230162
0.396,0.42284644
0.396,0.42320618
0.394,0.4235906
0.322,0.42290908
0.29599999999999993,0.38662907
0.294,0.36122242
0.294,0.3503353
0.292,0.34396216
0.29,0.33855587
0.228,0.33505046
0.212,0.31210387
0.214,0.2982054
0.214,0.29243937
0.214,0.28870407
0.21599999999999997,0.28595844
0.244,0.28451213
0.29,0.29235002
0.29,0.30968064
0.292,0.31570515
0.292,0.3192293
0.29,0.32124245
0.29,0.3219634
0.288,0.32274848
0.29,0.32273266
0.288,0.32365826
0.288,0.32348576
0.282,0.3235697
0.32799999999999996,0.3216942
0.322,0.33637017
0.32,0.3394664
0.31800000000000006,0.34054154
0.316,0.34086823
0.314,0.34078887
0.314,0.34043127
0.312,0.34053665
0.314,0.34004864
0.314,0.34071544
0.314,0.34102148
0.316,0.34121296
0.312,0.34207278
0.306,0.34101912
0.218,0.33860865
0.218,0.30864176
0.21599999999999997,0.2980363
0.21599999999999997,0.29217282
0.21599999999999997,0.28858215
0.21599999999999997,0.28601053
0.21599999999999997,0.284059
0.21599999999999997,0.282557
0.21599999999999997,0.28152522
0.218,0.2807952
0.218,0.28071862
0.218,0.28040048
0.218,0.28007478
0.21599999999999997,0.27979174
0.21599999999999997,0.2790342
0.21599999999999997,0.27866697
0.21599999999999997,0.27843073
0.21599999999999997,0.27825135
0.21599999999999997,0.27810943
0.218,0.27799523
0.218,0.27842453
0.254,0.27852336
0.292,0.28991443
0.368,0.30670914
0.404,0.33843604
0.4020000000000001,0.36951965
0.4,0.38675627
0.394,0.39683557
0.392,0.40150815
0.39,0.40527442
0.388,0.40780365
0.386,0.40926355
0.342,0.4098613
0.314,0.38870105
0.312,0.3673307
0.31,0.3579494
0.308,0.35263255
0.24199999999999997,0.34839135
0.21599999999999997,0.32128525
0.214,0.30380225
0.214,0.29548842
0.214,0.29071712
0.21599999999999997,0.2874037
0.21599999999999997,0.28558326
0.21599999999999997,0.2839153
0.21599999999999997,0.28258246
0.21599999999999997,0.2816681
0.21599999999999997,0.280913
0.21599999999999997,0.28029108
0.21599999999999997,0.27977896
0.21599999999999997,0.27935737
0.21599999999999997,0.27901042
0.218,0.27872398
0.218,0.27900946
0.218,0.27898723
0.21599999999999997,0.27890489
0.21599999999999997,0.27830282
0.21599999999999997,0.27806258
0.21599999999999997,0.27793208
0.28,0.27784303
0.334,0.29818782
0.436,0.32350805
0.43,0.37552407
0.41,0.40085313
0.41,0.4059714
0.406,0.41304186
0.404,0.41719362
0.4020000000000001,0.4203032
0.42,0.42226383
0.476,0.4333349
0.47,0.46657872
0.472,0.4768387
0.47,0.48420456
0.466,0.48815215
0.43,0.48943517
0.366,0.47309852
0.366,0.43584862
0.364,0.42193332
0.362,0.41351864
0.254,0.4071509
0.21599999999999997,0.3522724
0.21599999999999997,0.31839907
0.21599999999999997,0.30670372
0.21599999999999997,0.2997253
0.21599999999999997,0.29478174
0.21599999999999997,0.29105243
0.21599999999999997,0.28818324
0.21599999999999997,0.28595945
0.21599999999999997,0.28422594
0.21599999999999997,0.2828647
0.21599999999999997,0.28178278
0.21599999999999997,0.28098175
0.214,0.28032106
0.214,0.27925855
0.214,0.27864373
0.214,0.2782053
0.21599999999999997,0.27786323
0.21599999999999997,0.27811
0.28,0.2780611
0.32799999999999996,0.2985176
0.322,0.32179677
0.322,0.32891142
0.31800000000000006,0.33313236
0.316,0.33480564
0.314,0.33594707
0.312,0.33657634
0.312,0.33678293
0.31,0.3373154
0.31,0.33715495
0.308,0.3373414
0.308,0.3369162
0.306,0.3369037
0.234,0.33631593
0.212,0.31230888
0.212,0.29664454
0.214,0.29002374
0.262,0.28685465
0.29,0.30027628
0.29,0.3132789
0.29,0.3178044
0.29,0.31999737
0.29,0.32140973
0.28600000000000003,0.32244194
0.28600000000000003,0.32189736
0.28600000000000003,0.32202536
0.284,0.32224813
0.266,0.3217765
0.21599999999999997,0.31572416
0.214,0.2970918
0.212,0.28957742
0.212,0.2851959
0.212,0.2825561
0.212,0.2807223
0.212,0.27976063
0.212,0.278985
0.214,0.27835312
0.334,0.2783583
0.324,0.31680045
0.322,0.32724687
0.31800000000000006,0.3319552
0.316,0.33397514
0.314,0.33538204
0.314,0.33620882
0.312,0.3372259
0.31,0.3374312
0.31,0.33722156
0.31,0.33741173
0.31,0.3376406
0.308,0.33784094
0.266,0.33734617
0.212,0.32332107
0.212,0.3005953
0.212,0.29197258
0.21599999999999997,0.28744397
0.222,0.2857426
0.224,0.28596127
0.224,0.2858529
0.224,0.28526956
0.222,0.28470656
0.22,0.2835842
0.22,0.28232163
0.22,0.28167814
0.22,0.2812512
0.22,0.28092536
0.246,0.28066218
0.29599999999999993,0.28902233
0.29599999999999993,0.30842957
0.298,0.315589
0.29599999999999993,0.3198832
0.29599999999999993,0.32183528
0.294,0.32346526
0.352,0.32409438
0.374,0.3441456
0.45400000000000007,0.3655654
0.476,0.416419
0.414,0.4489163
0.412,0.43404028
0.412,0.4323158
0.41,0.4338498
0.408,0.43460774
0.408,0.43468493
0.404,0.4352472
0.4,0.4337628
0.396,0.43143976
0.394,0.42864862
0.394,0.42654932
0.382,0.42559788
0.298,0.41899383
0.29599999999999993,0.37423694
0.292,0.35828218
0.292,0.34838963
0.224,0.34225404
0.214,0.31459847
0.21599999999999997,0.30131418
0.218,0.29537618
0.218,0.2920036
0.218,0.28922087
0.22,0.2870124
0.22,0.28593847
0.5080000000000001,0.28481215
0.43,0.3914348
0.428,0.40487888
0.826,0.41628858
1.57,0.63851076
1.5640000000000003,1.2095649
1.56,1.3707718
1.556,1.4371743
1.5220000000000002,1.47577
1.62,1.4800673
1.764,1.558371
1.838,1.6798304
2.822,1.7633592
6.808,2.4928656
6.37,5.7755027
5.922,5.581985
4.39,5.417291
2.834,4.3008785
3.6,3.4359498
3.638,3.7475193
3.822,3.6930716
5.004,3.7643354
3.696,4.628901
3.656,3.7337966
3.352,3.725591
2.7079999999999997,3.5132267
2.528,3.1049092
2.4600000000000004,2.9189236
2.4559999999999995,2.7977848
2.45,2.7294724
2.444,2.6740556
2.35,2.6319904
2.3,2.5504017
2.562,2.4915202
2.474,2.6217666
1.598,2.5784276
1.538,2.0818512
1.534,1.9320432
1.558,1.8486421
1.594,1.8033388
1.6039999999999999,1.7832189
1.6,1.763737
1.582,1.7434711
1.582,1.7190571
1.576,1.7046665
1.876,1.6910979
1.924,1.8523633
1.898,1.9206587
1.958,1.9254454
2.016,1.9738027
1.998,2.0265436
2.006,2.031442
1.996,2.0462673
1.99,2.0496206
2.086,2.0509377
2.168,2.106983
2.168,2.1709304
2.206,2.1884549
2.084,2.2229702
2.144,2.1689231
2.68,2.196045
2.754,2.5562487
2.8,2.672352
3.278,2.7466936
4.062,3.1196992
3.182,3.745744
3.004,3.1940274
3.022,3.0887542
2.8719999999999994,3.0885153
2.744,2.9977596
3.114,2.9072466
3.364,3.1014206
3.472,3.2857609
3.244,3.3857684
2.782,3.254033
2.818,2.991017
2.772,2.9735012
2.8719999999999994,2.9229128
3.1260000000000003,2.955623
2.83,3.1146657
2.848,2.9451296
3.096,2.942177
3.068,3.0969574
2.24,3.092486
2.238,2.6241078
2.27,2.5373945
2.224,2.496366
2.688,2.430795
1.614,2.6807818
1.568,2.0881345
1.498,1.9430814
1.448,1.8255936
1.456,1.7325002
1.45,1.6827304
1.444,1.6421863
1.44,1.6104325
1.45,1.5867616
1.446,1.5758919
1.446,1.5633992
1.448,1.5547856
1.386,1.5494083
1.3559999999999999,1.5115746
1.35,1.4821075
1.292,1.4657485
1.286,1.4251783
1.288,1.4056928
1.284,1.3952411
1.282,1.3850726
1.28,1.3771434
1.274,1.3705581
1.268,1.362953
1.268,1.3554854
1.258,1.3513823
1.246,1.3432044
1.25,1.3332353
1.252,1.3309653
1.254,1.329772
1.2699999999999998,1.3293489
1.268,1.3367691
1.274,1.3376086
1.2720000000000002,1.341287
1.268,1.3415532
1.282,1.3398908
1.386,1.3469554
1.456,1.4039898
1.448,1.4587243
1.446,1.4750257
1.44,1.4852779
1.446,1.4900854
1.44,1.498317
1.4339999999999997,1.4999347
1.424,1.4991733
1.418,1.4948459
1.422,1.4910159
1.43,1.4920745
1.4339999999999997,1.4963946
1.426,1.4997369
1.378,1.4967723
1.286,1.470854
1.29,1.4146518
1.28,1.3983915
1.278,1.3832114
1.268,1.3735328
1.26,1.3619323
1.262,1.3516004
1.268,1.347235
1.276,1.3470451
1.28,1.3497415
1.282,1.3518206
1.274,1.3532176
1.266,1.349411
1.26,1.3441315
1.264,1.3391341
1.276,1.339172
1.276,1.3447629
1.28,1.3459791
1.286,1.3485407
1.292,1.3525871
1.304,1.3571953
1.298,1.3653063
1.346,1.3651272
1.39,1.3912901
1.384,1.4229187
1.386,1.4313039
1.39,1.4383794
1.388,1.4452578
1.39,1.4482774
1.39,1.4518998
1.3919999999999997,1.4541446
1.384,1.456813
1.376,1.45405
1.414,1.449591
1.446,1.4686207
1.444,1.4910269
1.44,1.4977901
1.36,1.5000465
1.36,1.4600999
1.352,1.4497156
1.344,1.4402704
1.338,1.4312378
1.338,1.4235438
1.334,1.4195594
1.34,1.4147425
1.342,1.4153503
1.326,1.4156115
1.286,1.4067299
1.292,1.3827199
1.29,1.3779491
1.284,1.373305
1.292,1.3671385
1.294,1.3682307
1.284,1.3684217
1.278,1.3625822
1.28,1.3573148
1.276,1.3561578
1.282,1.3529531
1.36,1.354612
1.418,1.3957359
1.464,1.4385948
1.47,1.4786009
1.474,1.4983277
1.47,1.5119334
1.456,1.5185094
1.454,1.5166653
1.448,1.5176498
1.446,1.5160404
1.442,1.515301
1.4380000000000002,1.51326
1.4359999999999997,1.5106473
1.4380000000000002,1.5087456
1.442,1.5090457
1.442,1.5110344
1.36,1.51154
1.344,1.4682027
1.342,1.447239
1.336,1.4369893
1.274,1.4275365
1.274,1.389361
1.266,1.375846
1.33,1.3636323
1.344,1.3905036
1.34,1.4032196
1.342,1.4052594
1.344,1.4080932
1.346,1.4108478
1.346,1.4134252
1.106,1.4147738
0.288,1.289549
0.288,0.8255804
0.28600000000000003,0.66542184
0.28600000000000003,0.57416296
0.284,0.5167694
0.222,0.47320846
0.21599999999999997,0.41217023
0.274,0.3735161
0.326,0.37260193
0.322,0.38500738
0.322,0.3810078
0.32,0.37585253
0.31800000000000006,0.37046722
0.316,0.36556643
0.316,0.36116886
0.316,0.3580592
0.312,0.355602
0.312,0.35179627
0.312,0.3494167
0.314,0.34760466
0.314,0.3470073
0.312,0.3460907
0.218,0.34433448
0.218,0.3113514
0.22,0.2998401
0.22,0.29473686
0.222,0.29120246
0.22,0.2892026
0.22,0.28673083
0.222,0.285031
0.222,0.28445643
0.22,0.2838336
0.222,0.28262192
0.22,0.28259653
0.22,0.2816956
0.22,0.2812075
0.22,0.2808775
0.22,0.28062007
0.218,0.28040275
0.248,0.27966186
0.29599999999999993,0.28906283
0.29599999999999993,0.30821604
0.298,0.3153513
0.29599999999999993,0.31966975
0.32799999999999996,0.32165322
0.404,0.33393615
0.398,0.37303263
0.396,0.38911244
0.394,0.39775655
0.392,0.4032283
0.39,0.4067922
0.386,0.40899143
0.31800000000000006,0.4091537
0.316,0.37605327
0.316,0.36341536
0.314,0.35767692
0.314,0.3535905
0.314,0.35091
0.312,0.34893474
0.234,0.34654403
0.222,0.31740588
0.222,0.30377087
0.22,0.2975293
0.222,0.29303148
0.224,0.29070356
0.222,0.28939396
0.226,0.2873941
0.23199999999999998,0.28735623
0.23,0.2887936
0.23,0.2882783
0.228,0.28790385
0.226,0.2869463
0.222,0.2858058
0.222,0.28392845
0.22,0.28309113
0.22,0.28191644
0.22,0.28129324
0.218,0.28087303
0.218,0.27990022
0.22,0.2795533
0.218,0.27985856
0.22,0.27935046
0.388,0.27965182
0.416,0.3352009
0.412,0.37065816
0.408,0.39014837
0.412,0.4008836
0.456,0.41150418
0.48,0.44112813
0.478,0.466921
0.476,0.47871917
0.47400000000000003,0.48558977
0.472,0.4899958
0.47,0.49278837
0.46399999999999997,0.49440196
0.462,0.4931026
0.388,0.4924307
0.368,0.4552161
0.366,0.4318485
0.354,0.42036676
0.292,0.4075683
0.292,0.37082517
0.262,0.3567654
0.21599999999999997,0.33532572
0.21599999999999997,0.31140503
0.224,0.30168408
0.224,0.29859167
0.224,0.29547888
0.224,0.29287532
0.224,0.2908032
0.224,0.28917092
0.226,0.28788188
0.224,0.287515
0.218,0.2862455
0.218,0.28345653
0.218,0.28214514
0.218,0.28131372
0.218,0.28068793
0.21599999999999997,0.28018132
0.31800000000000006,0.27924657
0.33,0.31225777
0.326,0.3277917
0.326,0.33332014
0.326,0.33697695
0.324,0.3396854
0.322,0.34109253
0.316,0.3417929
0.312,0.34069577
0.31,0.33945018
0.31,0.33861142
0.31,0.3384376
0.31,0.33842874
0.31,0.33845964
0.258,0.33850768
0.218,0.3213123
0.224,0.30210322
0.29,0.29655182
0.294,0.31501448
0.294,0.32161784
0.29599999999999993,0.323971
0.298,0.32583755
0.298,0.3275369
0.294,0.32847887
0.294,0.32779136
0.292,0.32779804
0.292,0.3272631
0.29,0.32715127
0.29,0.32646734
0.27,0.32622898
0.22,0.31947967
0.22,0.300525
0.222,0.29349566
0.22,0.2905507
0.222,0.28774345
0.222,0.28652638
0.22,0.2853784
0.316,0.2837784
0.32799999999999996,0.31456685
0.324,0.32909295
0.324,0.33405942
0.322,0.33733425
0.322,0.33909243
0.31800000000000006,0.3407092
0.316,0.3406862
0.314,0.34057933
0.314,0.34024888
0.312,0.34036875
0.31,0.3398785
0.312,0.3391403
0.312,0.33959562
0.284,0.33977276
0.218,0.33054635
0.218,0.30551538
0.218,0.29631737
0.218,0.291633
0.21599999999999997,0.28855485
0.218,0.285633
0.218,0.2843352
0.21599999999999997,0.28313026
0.218,0.28159478
0.21599999999999997,0.28130034
0.21599999999999997,0.28034267
0.21599999999999997,0.27976155
0.21599999999999997,0.27933648
0.238,0.2789995
0.294,0.28544483
0.9279999999999999,0.3062972
3.036,0.6454168
3.0440000000000005,2.2394407
3.146,2.6271362
1.454,2.8486555
0.426,1.806568
0.418,1.1475773
0.468,0.9294832
0.516,0.83000505
0.52,0.7746675
0.5480000000000002,0.722867
0.588,0.6950045
0.588,0.688381
0.582,0.67424935
0.58,0.6593419
0.526,0.64869183
0.52,0.6141965
0.524,0.59683627
0.518,0.589576
0.514,0.58103883
0.514,0.5737636
0.5100000000000001,0.5692851
0.412,0.56398904
0.426,0.5109563
0.426,0.4977111
0.42200000000000004,0.48897642
0.424,0.48038772
0.424,0.47554952
0.416,0.47151345
0.412,0.46423367
0.374,0.45816904
0.338,0.43535343
0.34,0.4072472
0.35,0.3956573
0.35,0.39335203
0.356,0.39021394
0.364,0.3906127
0.36,0.3936553
0.35,0.39208034
0.36,0.38621217
0.368,0.38881648
0.362,0.3933059
0.364,0.3917564
0.358,0.3923066
0.416,0.38948077
0.47,0.41761678
0.45,0.45509824
0.442,0.46015856
0.45,0.4610227
0.44,0.46763998
0.434,0.46644756
0.466,0.46423453
0.512,0.4803154
0.514,0.5098017
0.514,0.52256566
0.512,0.5295505
0.512,0.5333175
0.5080000000000001,0.53651017
0.476,0.5369902
0.408,0.5219358
0.41,0.48274475
0.42200000000000004,0.46913105
0.428,0.46771696
0.424,0.4678224
0.362,0.4642409
0.264,0.4307044
0.25,0.37056997
0.25,0.342362
0.25,0.32835737
0.25,0.32145378
0.25,0.31657264
0.25,0.31302983
0.256,0.31028977
0.26,0.31014422
0.26,0.31050143
0.26,0.3099876
0.26,0.30937606
0.258,0.30883366
0.26,0.30771118
0.26,0.30774596
0.252,0.30752948
0.306,0.30463254
0.366,0.32135049
0.362,0.34720764
0.358,0.35891336
0.356,0.36487654
0.354,0.36870238
0.356,0.37109444
0.356,0.37441528
0.356,0.37665403
0.356,0.378282
0.358,0.37948674
0.356,0.38138872
0.35,0.38143274
0.356,0.3787594
0.3479999999999999,0.38100287
0.256,0.377836
0.27,0.33440998
0.332,0.32792655
0.32799999999999996,0.34706923
0.326,0.35123914
0.326,0.35171658
0.332,0.35206357
0.332,0.3549997
0.33,0.35621282
0.324,0.35603118
0.324,0.35355774
0.322,0.35279748
0.322,0.35159242
0.322,0.35106882
0.322,0.35075027
0.322,0.35051635
0.386,0.35032207
0.324,0.3809912
0.302,0.36167043
0.252,0.34677935
0.252,0.3240639
0.254,0.31643716
0.282,0.31310797
0.364,0.3199494
0.36,0.34973595
0.356,0.36162755
0.354,0.36665687
0.354,0.36964512
0.42,0.3724059
0.438,0.4078096
0.436,0.43087113
1.174,0.4408705
1.5640000000000003,0.8731034
1.536,1.2754934
1.524,1.3791915
1.524,1.4244246
1.5199999999999998,1.4574481
1.454,1.4781611
1.418,1.4648044
1.416,1.4564811
1.412,1.459698
1.402,1.4617053
1.41,1.4590191
1.4,1.4638746
1.406,1.4607481
1.398,1.4640429
1.406,1.4613805
1.408,1.4657253
1.34,1.4686613
1.33,1.4343512
1.336,1.4199656
1.338,1.417178
1.342,1.4155359
1.344,1.4160025
1.346,1.4165082
1.4,1.4174533
1.414,1.4463326
1.414,1.462417
1.412,1.4693483
1.42,1.4727893
1.516,1.4800026
1.512,1.5347145
1.514,1.5496231
1.51,1.5596201
1.498,1.5641418
1.494,1.5619289
1.498,1.5611386
1.488,1.5639981
1.424,1.5599283
1.424,1.5250325
1.424,1.5149472
1.474,1.5094314
1.626,1.5322926
2.846,1.6188436
2.782,2.4693687
2.73,2.5904455
2.736,2.6174154
2.732,2.6669414
2.69,2.6989906
2.69,2.6934485
2.176,2.7055457
1.336,2.4146817
1.622,1.8949726
2.676,1.9034444
2.696,2.4877834
1.528,2.599353
1.332,1.9538702
1.338,1.7321212
1.34,1.6423144
1.342,1.5826802
1.344,1.5400385
1.416,1.5094143
1.624,1.5250361
1.498,1.6312718
1.346,1.589294
1.326,1.5021136
1.3160000000000003,1.4666746
1.3539999999999999,1.4446819
1.426,1.4519204
1.426,1.4867878
1.422,1.4941125
1.424,1.4948027
1.418,1.4968299
1.42,1.494521
1.49,1.4948282
1.49,1.5319089
1.486,1.5423383
1.484,1.5456175
1.484,1.5475612
1.476,1.5494804
1.4779999999999998,1.5466018
1.472,1.5475008
1.474,1.5448105
1.364,1.5452135
1.364,1.4863447
1.454,1.469106
1.416,1.50779
1.468,1.4951049
1.51,1.5198666
1.506,1.5490457
1.498,1.5569254
1.502,1.5580537
1.49,1.5629492
1.49,1.559387
1.496,1.5595871
1.502,1.5633007
1.702,1.5678248
1.808,1.6773069
1.8,1.7713281
1.752,1.7951565
1.748,1.7888123
1.738,1.794108
1.736,1.7948269
1.738,1.7969815
1.726,1.800376
2.282,1.7958306
2.758,2.1407967
2.8,2.5413105
2.834,2.6608307
2.768,2.7418761
2.892,2.7387938
2.7160000000000006,2.848805
2.688,2.754368
2.688,2.7378786
2.682,2.74081
2.7,2.73941
2.696,2.7506723
2.674,2.7511382
2.726,2.7399635
2.68,2.7694178
2.66,2.7484007
2.654,2.7357233
2.654,2.7298563
2.642,2.7279303
2.738,2.7199008
3.082,2.7795334
2.736,3.0287497
2.6260000000000003,2.8293312
2.634,2.758197
2.63,2.7465878
2.562,2.7338645
2.598,2.6861117
2.812,2.6930857
2.55,2.8290358
2.786,2.6809556
3.09,2.8144429
3.174,3.0402684
3.316,3.127656
2.97,3.2503908
3.002,3.0421193
3.084,3.0591438
3.238,3.1130252
3.218,3.2222323
3.416,3.2212234
4.336,3.3660014
3.616,4.0371757
3.496,3.575556
3.576,3.5175798
3.516,3.5698085
3.644,3.5258036
3.6219999999999994,3.6136296
3.642,3.600914
3.578,3.6189716
3.558,3.5771272
3.57,3.5635061
3.092,3.570476
2.896,3.2838752
2.806,3.1360474
2.896,3.0365837
3.146,3.0419066
3.1320000000000006,3.1684625
3.138,3.1655717
3.15,3.1752434
3.148,3.1881282
3.142,3.1909292
3.1320000000000006,3.189535
2.936,3.183919
2.842,3.0653412
2.832,2.9956064
2.756,2.9678817
2.918,2.9085743
2.8679999999999994,2.9802635
2.736,2.951258
2.744,2.8743813
2.738,2.863088
2.654,2.8493152
2.546,2.7922838
2.686,2.7126338
2.67,2.7699232
2.68,2.7598567
2.674,2.7623506
2.68,2.7577035
2.694,2.759586
2.852,2.7675886
2.7839999999999994,2.879929
3.1280000000000006,2.8473094
3.232,3.0843425
3.232,3.1830666
3.228,3.208094
3.25,3.222674
3.312,3.2491236
3.634,3.3005953
3.362,3.5343485
3.366,3.36887
3.3760000000000003,3.377461
3.348,3.3851917
3.35,3.36663
3.342,3.3673768
3.33,3.3613517
3.332,3.3525727
3.334,3.3532724
3.322,3.354493
3.046,3.3465583
2.8679999999999994,3.1822045
2.8719999999999994,3.0590606
2.862,3.026561
2.864,2.995658
2.388,2.9777746
1.754,2.7013788
1.754,2.2755098
1.758,2.1510177
1.8160000000000003,2.0693064
1.6880000000000002,2.0412307
1.658,1.9345986
1.64,1.873051
1.6460000000000001,1.8287268
1.6460000000000001,1.8050616
2.48,1.786669
2.702,2.3014097
2.692,2.5546436
2.7,2.6196163
2.704,2.668087
2.7079999999999997,2.7011564
2.816,2.7246044
2.732,2.8142204
2.714,2.7750275
2.72,2.7660506
2.7160000000000006,2.7715242
2.806,2.7724197
3.008,2.8342912
3.03,2.985454
3.092,3.020621
3.348,3.0776627
4.612,3.2679734
4.57,4.2201514
3.692,4.2433815
4.008,3.6798558
3.088,3.9282007
4.094,3.3548074
4.298,3.9617772
3.934,4.107098
4.0,3.871073
3.194,3.936986
2.448,3.4428186
2.422,2.9748266
2.43,2.8470492
2.342,2.761682
2.328,2.644149
2.328,2.5737197
2.31,2.528315
2.316,2.4861877
2.3780000000000006,2.4652138
2.398,2.4846146
2.3820000000000006,2.4925456
2.384,2.482785
2.386,2.4812553
2.388,2.4807105
2.39,2.4805043
2.398,2.4804409
2.416,2.4838498
2.416,2.4937482
2.418,2.4951174
2.4,2.4965644
2.392,2.4862492
2.398,2.478769
2.404,2.4790096
2.402,2.4808972
2.412,2.479051
2.44,2.4839792
2.536,2.5004604
2.526,2.5655718
2.496,2.5707562
2.478,2.5585558
2.484,2.550563
2.496,2.5539877
2.506,2.5617988
2.514,2.5695994
2.518,2.576796
3.076,2.5818632
5.344,2.972703
5.028,4.7315893
3.386,4.5742855
3.092,3.514585
3.086,3.3478067
4.12,3.2849157
3.192,3.9305341
2.954,3.338759
3.052,3.1816456
3.054,3.1863756
3.058,3.1577065
2.906,3.1399176
3.2920000000000003,3.041803
3.316,3.2647066
3.304,3.2965586
3.304,3.3031714
3.3,3.3137438
3.252,3.3183398
3.25,3.289989
3.3820000000000006,3.2889497
3.406,3.3798172
3.418,3.403257
3.42,3.4187667
3.444,3.4258964
3.44,3.4466493
2.98,3.4476764
2.86,3.1735737
2.858,3.0713108
2.9600000000000004,3.0301635
2.9660000000000006,3.0571213
2.9660000000000006,3.048189
2.954,3.0400076
2.9619999999999997,3.0279126
2.972,3.029101
2.98,3.03522
2.982,3.0409505
2.968,3.0429041
2.946,3.034021
2.954,3.0184522
2.952,3.0216064
2.8739999999999997,3.0190544
2.646,2.9718394
2.648,2.838159
2.61,2.810581
3.072,2.765087
3.4600000000000004,3.042111
3.464,3.33424
3.446,3.3789206
3.44,3.3971791
3.444,3.4132493
3.47,3.42888
3.546,3.4553735
3.552,3.5151753
3.5399999999999996,3.5276544
3.5380000000000003,3.5260777
3.57,3.5288005
3.646,3.5538895
3.658,3.6108096
3.654,3.625601
3.654,3.6293373
3.646,3.6341639
3.616,3.6319306
3.638,3.6129484
3.336,3.6289227
3.14,3.4386466
3.116,3.305989
3.16,3.2572885
3.136,3.2528398
2.9660000000000006,3.2219093
2.992,3.1127734
2.694,3.1030004
2.52,2.922066
2.746,2.788393
2.83,2.8670707
2.77,2.903968
2.774,2.8710287
2.702,2.867903
2.696,2.825409
2.72,2.8112795
2.714,2.8166902
2.694,2.8094625
2.594,2.793999
2.4600000000000004,2.7303321
1.948,2.6368344
1.9800000000000002,2.3177428
1.984,2.2521408
2.022,2.2034469
1.8940000000000001,2.1876853
1.488,2.0940068
1.488,1.8366963
1.488,1.7567426
1.4779999999999998,1.706922
1.47,1.6656989
1.4800000000000002,1.6335508
1.4800000000000002,1.6175283
1.526,1.6035395
1.558,1.617636
1.556,1.6338766
1.5199999999999998,1.6354822
1.448,1.616598
1.44,1.5726029
1.43,1.5541337
1.43,1.5390046
1.412,1.5303618
1.444,1.5144138
1.508,1.5238042
1.514,1.5576311
1.518,1.5693564
1.466,1.5765647
1.44,1.5525756
1.444,1.5333068
1.442,1.5288919
1.4339999999999997,1.5244745
1.428,1.517347
1.426,1.5108833
1.418,1.5066755
1.42,1.4999642
1.3940000000000001,1.4980446
1.38,1.4825785
1.372,1.4699438
1.306,1.4604647
1.298,1.4209006
1.292,1.4032514
1.3,1.3909712
1.306,1.3880084
1.304,1.3873594
1.298,1.3841918
1.294,1.3789268
1.296,1.3743596
1.306,1.3731681
1.3140000000000003,1.3772558
1.32,1.3821206
1.324,1.38668
1.324,1.3904452
1.32,1.3920445
1.3160000000000003,1.3909208
1.3119999999999998,1.388842
1.3140000000000003,1.3862102
1.3119999999999998,1.386356
1.3539999999999999,1.3850635
1.372,1.4067042
1.374,1.4224842
1.416,1.4296559
1.488,1.4560448
1.486,1.5038593
1.49,1.519674
1.486,1.5316044
1.484,1.5371119
1.488,1.540938
1.492,1.5464765
1.494,1.5517938
1.49,1.5557067
1.4380000000000002,1.5558317
1.4339999999999997,1.5290303
1.432,1.5197495
1.4339999999999997,1.5143619
1.426,1.5122552
1.418,1.5060786
1.324,1.4991609
1.3160000000000003,1.4463128
1.324,1.4256167
1.334,1.419366
1.334,1.4187948
1.336,1.4158666
1.336,1.4144514
1.34,1.4129312
1.342,1.4138898
1.342,1.4147339
1.004,1.4147689
0.332,1.2376515
0.33,0.83265346
0.334,0.6865595
0.336,0.60488653
0.338,0.54953897
0.334,0.51108885
0.334,0.4788471
0.33,0.4543074
0.33,0.43349588
0.32799999999999996,0.41799894
0.32799999999999996,0.4051379
0.32799999999999996,0.3954253
0.416,0.3878287
0.438,0.4214876
0.43199999999999994,0.44494703
0.52,0.45127907
0.502,0.4999029
0.498,0.5098364
0.496,0.51491505
0.434,0.5184405
0.416,0.49017113
0.416,0.4720737
0.414,0.4645347
0.412,0.45900568
0.41,0.45434073
0.408,0.45023715
0.408,0.44657463
0.33,0.4442818
0.244,0.4033977
0.24199999999999997,0.3488362
0.244,0.3272842
0.24199999999999997,0.31936875
0.24,0.31346905
0.24,0.30862388
0.24,0.30523753
0.24,0.30269778
0.24,0.30074286
0.24,0.29921994
0.24,0.29802287
0.24,0.29707193
0.24199999999999997,0.29630756
0.24199999999999997,0.29634592
0.24,0.2960667
0.24,0.29508224
0.24199999999999997,0.29455146
0.24199999999999997,0.29484054
0.238,0.29476994
0.238,0.29331228
0.238,0.29270813
0.236,0.29236072
0.236,0.29145774
0.358,0.291036
0.344,0.33121878
0.34,0.340611
0.34,0.3443764
0.338,0.3482162
0.336,0.35152808
0.336,0.35349822
0.336,0.35549578
0.336,0.35713157
0.412,0.3583857
0.41,0.39749816
0.408,0.41134387
0.406,0.41783297
0.404,0.42156374
0.4020000000000001,0.42379516
0.308,0.42499536
0.306,0.37921423
0.308,0.36206296
0.31,0.35582596
0.31,0.35240707
0.31,0.34946695
0.244,0.34709653
0.24,0.32129365
0.24199999999999997,0.3114651
0.24199999999999997,0.30729944
0.24199999999999997,0.30442598
0.24,0.302269
0.24199999999999997,0.29994646
0.24199999999999997,0.29908285
0.24199999999999997,0.29819483
0.238,0.2974421
0.236,0.295498
0.236,0.29386926
0.238,0.29300252
0.236,0.29307112
0.234,0.2921898
0.236,0.2910431
0.236,0.29112944
0.31,0.2909848
0.346,0.3153011
0.344,0.33574834
0.342,0.34331113
0.342,0.34752983
0.34,0.35221052
0.338,0.35514274
0.336,0.35676834
0.336,0.35749164
0.334,0.358525
0.334,0.3584061
0.332,0.35871628
0.332,0.35804057
0.33,0.35793766
0.332,0.35697275
0.266,0.35767528
0.266,0.33099332
0.314,0.3234766
0.314,0.33584476
0.314,0.33934963
0.312,0.34042823
0.31,0.34019104
0.352,0.33952633
0.392,0.35694003
0.39,0.3846469
0.39,0.39519072
0.394,0.40141663
0.394,0.40782392
0.332,0.41185647
0.324,0.38359207
0.322,0.3702211
0.322,0.36334786
0.32,0.35982946
0.31800000000000006,0.3566575
0.31800000000000006,0.35370675
0.316,0.35185838
0.316,0.34963992
0.316,0.34829974
0.338,0.3473495
0.426,0.3563379
0.42,0.40319142
0.414,0.41826233
0.36,0.4237214
0.334,0.40134072
0.334,0.38211572
0.33,0.37504554
0.33,0.36932614
0.33,0.36605942
0.33,0.36388347
0.332,0.36241955
0.33,0.36216122
0.33,0.36071074
0.33,0.35986182
0.298,0.35926315
0.236,0.3446985
0.236,0.31824768
0.238,0.30909672
0.24,0.30498588
0.24199999999999997,0.30269372
0.24199999999999997,0.30134404
0.24199999999999997,0.29995486
0.24199999999999997,0.2987921
0.3,0.2978672
0.316,0.3163423
0.314,0.32785213
0.314,0.33186606
0.312,0.3342629
0.312,0.33529547
0.312,0.33633375
0.308,0.33718267
0.308,0.3365022
0.308,0.33653313
0.306,0.3366863
0.254,0.336173
0.236,0.31882012
0.236,0.30680963
0.236,0.3017924
0.326,0.2989133
0.346,0.32674286
0.342,0.34254718
0.344,0.34775338
0.344,0.35328975
0.342,0.35766473
0.342,0.35990775
0.34,0.36200446
0.34,0.36269662
0.338,0.3636217
0.338,0.36340275
0.336,0.3636313
0.336,0.362886
0.336,0.36272198
0.314,0.36268935
0.238,0.3525474
0.238,0.32087934
0.238,0.31086153
0.24,0.30582124
0.24199999999999997,0.3031864
0.24199999999999997,0.30166167
0.24,0.30016503
0.24,0.29827112
0.24,0.2970677
0.24,0.29619884
0.238,0.29553553
0.236,0.29435593
0.238,0.2930537
0.238,0.2930385
0.236,0.2928172
0.238,0.29192019
0.302,0.29212686
0.316,0.31323752
0.31800000000000006,0.32524863
0.31800000000000006,0.33104482
0.316,0.33428147
0.312,0.33584186
0.312,0.335941
0.376,0.33663455
0.424,0.36542192
0.418,0.40243647
0.416,0.4152269
0.344,0.42236972
0.342,0.39173275
0.34,0.38167575
0.338,0.37665895
0.336,0.37299415
0.336,0.3698133
0.336,0.36790827
0.338,0.3665786
0.338,0.36660865
0.338,0.3662695
0.336,0.36595058
0.246,0.36471504
0.24199999999999997,0.3272138
0.24,0.31530035
0.24,0.30900225
0.24,0.30520913
0.336,0.3025089
0.32799999999999996,0.3323088
0.324,0.33945328
0.326,0.34140387
0.324,0.34375522
0.324,0.34460777
0.322,0.34588504
0.322,0.34619692
0.322,0.3468147
0.32,0.3473767
0.322,0.34694213
0.322,0.34783208
0.32,0.34823388
0.32,0.34759566
0.31800000000000006,0.34744638
0.316,0.34654444
0.314,0.3453439
0.312,0.3439825
0.336,0.34251112
0.47,0.35242188
0.426,0.42301428
0.424,0.4276868
0.418,0.43271363
0.416,0.43464214
0.412,0.4365783
0.408,0.43676624
0.404,0.4358525
0.4020000000000001,0.43412983
0.4,0.43281013
0.4020000000000001,0.43140566
0.338,0.43187076
0.334,0.39973155
0.332,0.3858659
0.274,0.37795112
0.238,0.34748685
0.238,0.32232538
0.238,0.3134823
0.238,0.3082832
0.24,0.304622
0.24,0.30252653
0.24,0.30063972
0.24199999999999997,0.2991092
0.24,0.29856145
0.238,0.29718158
0.238,0.29564315
0.238,0.29476005
0.236,0.2941318
0.236,0.29297757
0.236,0.29233968
0.236,0.29188818
0.238,0.2915185
0.238,0.29188183
0.238,0.29187104
0.236,0.291782
0.238,0.2910267
0.238,0.29136765
0.238,0.29141557
0.306,0.29139522
0.35,0.31386718
0.346,0.33640766
0.344,0.34401253
0.344,0.34857395
0.338,0.35368636
0.336,0.35474586
0.334,0.35574356
0.358,0.3561649
0.412,0.36903808
0.41,0.40139705
0.412,0.41332865
0.412,0.42115358
0.41,0.42627877
0.4,0.42902404
0.312,0.42646095
0.31,0.38238698
0.308,0.36565208
0.308,0.35747305
0.28600000000000003,0.35260728
0.238,0.33937243
0.24,0.31788722
0.24,0.31047732
0.24,0.30625
0.236,0.30331236
0.236,0.29978922
0.234,0.2976328
0.236,0.29543722
0.236,0.2946984
0.236,0.29391086
0.238,0.29323363
0.24,0.2933318
0.24199999999999997,0.2937635
0.244,0.2943919
0.262,0.29515782
0.258,0.30131656
0.24,0.30215707
0.238,0.29676864
0.238,0.29441738
0.358,0.29347065
0.346,0.3327185
0.342,0.34234577
0.34,0.3463387
0.338,0.3498214
0.334,0.35266548
0.334,0.3533412
0.332,0.35476273
0.332,0.35503742
0.33,0.35566488
0.33,0.35522863
0.33,0.35530528
0.33,0.3554684
0.33,0.35570425
0.266,0.35593003
0.236,0.3303667
0.28600000000000003,0.3131226
0.41,0.32269695
0.394,0.37484223
0.394,0.38990995
0.396,0.39848578
0.396,0.40553758
0.394,0.41047195
0.392,0.41315135
0.392,0.41456985
0.39,0.41612464
0.39,0.41639048
0.35,0.41699386
0.31800000000000006,0.39742476
0.316,0.37438503
0.316,0.36424875
0.316,0.35931608
0.312,0.3559064
0.31,0.35156286
0.31,0.34803376
0.31,0.34581822
0.246,0.34421486
0.234,0.3207253
0.314,0.30877367
0.344,0.32986787
0.34,0.34669253
0.338,0.35233045
0.334,0.35483745
0.332,0.35515252
0.33,0.35529456
0.33,0.35508445
0.32799999999999996,0.35541135
0.326,0.35487804
0.326,0.35393563
0.326,0.3536476
0.326,0.35351944
0.324,0.35343555
0.28,0.35248917
0.23,0.33412525
0.23,0.31232446
0.23199999999999998,0.30394647
0.23199999999999998,0.30013335
0.234,0.2973496
0.234,0.29588744
0.234,0.29448625
0.234,0.29333505
0.234,0.292428
0.23199999999999998,0.29171884
0.234,0.2905024
0.322,0.29048762
0.31,0.31939146
0.31,0.32544553
0.31,0.32880256
0.308,0.33112937
0.308,0.33219522
0.306,0.3332784
0.304,0.33350852
0.3,0.33331057
0.3,0.33217648
0.246,0.33194378
0.234,0.3140203
0.264,0.3037885
0.346,0.30929643
0.346,0.33742955
0.346,0.34726262
0.344,0.35345867
0.34,0.35726961
0.34,0.35843697
0.338,0.36020803
0.336,0.36077526
0.338,0.36063808
0.342,0.3620179
0.342,0.3647848
0.35,0.36603498
0.3479999999999999,0.37079865
0.338,0.37181798
0.25,0.36760753
0.248,0.32895112
0.248,0.31784377
0.248,0.31254673
0.248,0.30917576
0.248,0.306728
0.25,0.30486897
0.252,0.3041019
0.25,0.3038957
0.246,0.30272937
0.246,0.3006971
0.246,0.29972306
0.248,0.29910636
0.246,0.29931042
0.246,0.29852816
0.244,0.29812014
0.248,0.29717845
0.25,0.29803857
0.25,0.29886833
0.28600000000000003,0.29910204
0.324,0.31109223
0.324,0.32793826
0.324,0.33441287
0.322,0.33785963
0.428,0.33951908
0.46,0.39194006
0.516,0.42998898
0.516,0.47612745
0.514,0.49758753
0.5080000000000001,0.5099325
0.448,0.5161221
0.43199999999999994,0.49164167
0.428,0.47732148
0.426,0.47030497
0.426,0.46597996
0.428,0.46348587
0.428,0.46275926
0.426,0.46185073
0.45,0.46009842
0.416,0.47133216
0.412,0.45801023
0.438,0.4516764
0.75,0.46213737
0.962,0.6247373
1.344,0.8017969
1.342,1.1187496
1.34,1.2134998
1.34,1.2561381
1.338,1.2832618
1.338,1.3092324
1.33,1.334389
1.326,1.3489629
1.416,1.3583267
2.3,1.413601
4.458,2.0061095
6.132,3.774425
5.896,5.335286
3.454,5.2756453
2.55,3.5936062
2.884,3.1008046
3.088,3.1598623
3.1280000000000006,3.2042944
4.202,3.193607
3.268,3.9110842
3.73,3.3214579
3.826,3.6274776
2.9559999999999995,3.7081656
2.8820000000000006,3.191842
2.866,3.1064854
2.856,3.0496635
2.854,3.0083992
2.854,2.9814355
2.87,2.9635034
2.898,2.9602702
2.902,2.9693298
2.888,2.9722455
2.896,2.9640634
2.798,2.9693868
2.736,2.9118252
2.7100000000000004,2.8685062
2.696,2.841561
2.7059999999999995,2.8214843
2.722,2.8154922
2.73,2.8172565
2.73,2.817861
2.722,2.8151548
2.7,2.8079746
2.686,2.7922554
2.8,2.779853
2.864,2.8510668
2.896,2.9040623
2.898,2.9344618
2.906,2.9440186
2.908,2.9547918
2.91,2.9604304
2.918,2.9646103
2.934,2.971917
2.934,2.984613
2.948,2.987029
2.926,2.9980743
3.006,2.985367
3.0440000000000005,3.0392947
3.184,3.0707765
3.182,3.172762
2.5440000000000005,3.1854734
2.076,2.8233824
1.908,2.501252
1.91,2.308232
1.91,2.2201777
1.906,2.1576536
2.296,2.1100295
2.392,2.2974458
2.246,2.3945224
2.912,2.3229566
2.9579999999999997,2.7787528
2.854,2.8854456
3.388,2.8572922
3.166,3.2454393
2.838,3.1458735
2.824,2.9465492
2.62,2.9283063
2.552,2.8035858
2.742,2.7319646
2.834,2.8124201
2.722,2.871336
1.942,2.8099308
1.872,2.3554802
1.818,2.216794
1.828,2.1126943
1.898,2.058645
1.8,2.056552
2.304,1.9820979
2.136,2.2524712
2.116,2.1897726
1.628,2.183029
1.506,1.916498
2.604,1.7851546
3.596,2.403963
3.588,3.2355118
3.606,3.3566046
3.602,3.432416
3.592,3.4818497
3.572,3.5095267
3.562,3.517445
3.552,3.52298
3.558,3.5228803
3.4600000000000004,3.5307083
3.508,3.4643679
3.172,3.4954653
1.382,3.2938693
1.384,2.2778485
1.398,2.0493598
1.39,1.8966568
1.3919999999999997,1.778924
1.382,1.6964332
1.384,1.6312704
1.386,1.5882444
1.388,1.5584803
1.388,1.5379341
1.3940000000000001,1.5227672
1.3919999999999997,1.5149319
1.442,1.506643
1.46,1.5271239
1.468,1.5396183
1.458,1.5468309
1.446,1.5437489
1.3919999999999997,1.5366207
1.366,1.5049735
1.366,1.4803376
1.448,1.4694837
1.474,1.5056553
1.472,1.5265249
1.468,1.5318669
1.448,1.5328807
1.3919999999999997,1.5237164
1.3919999999999997,1.4919207
1.3960000000000001,1.4823118
1.3960000000000001,1.4790323
1.404,1.4757893
1.3960000000000001,1.477563
1.406,1.4730285
1.398,1.4766626
1.406,1.4729532
1.408,1.476107
1.372,1.4778295
1.31,1.4592923
1.3160000000000003,1.421188
1.304,1.41186
1.306,1.39926
1.306,1.393848
1.308,1.3897407
1.306,1.3877388
1.31,1.3847293
1.308,1.3850218
1.298,1.3833137
1.3,1.3771225
1.304,1.3759652
1.3119999999999998,1.3770789
1.3119999999999998,1.3811601
1.304,1.3821665
1.286,1.378377
1.276,1.367876
1.274,1.3592374
1.31,1.3546878
1.3160000000000003,1.3711344
1.31,1.3782387
1.298,1.3777713
1.362,1.3721403
1.474,1.4047216
1.472,1.473811
1.45,1.4954009
1.432,1.4963466
1.424,1.4923387
1.456,1.4900452
2.638,1.5079118
3.548,2.285421
3.536,3.1275492
3.516,3.2800505
3.512,3.3427992
3.502,3.382741
3.464,3.403056
3.47,3.4016213
3.474,3.4198086
3.402,3.4317608
3.3820000000000006,3.388075
3.3679999999999994,3.3752432
3.362,3.364983
3.37,3.3603938
2.61,3.3663065
1.224,2.9370153
1.2279999999999998,2.0961509
1.232,1.8707155
1.254,1.7201934
1.248,1.6229825
1.24,1.5437716
1.234,1.4832125
1.234,1.4384992
1.24,1.4080824
1.24,1.3896282
1.24,1.3749604
1.232,1.3640327
1.234,1.3515936
1.234,1.3449675
1.232,1.3394171
1.232,1.3336927
1.2300000000000002,1.3291162
1.31,1.3240062
1.334,1.3622198
1.328,1.3843687
1.328,1.3889889
1.324,1.3923182
1.318,1.3924252
1.3140000000000003,1.3900117
1.336,1.3874094
1.39,1.3980657
1.388,1.429427
1.388,1.4381236
1.3960000000000001,1.4431586
1.45,1.4509351
1.468,1.483635
1.46,1.5046097
1.39,1.5098609
1.376,1.4776525
1.41,1.4632565
1.38,1.4761636
1.376,1.4623874
1.372,1.4562273
1.306,1.4513137
1.306,1.4139223
1.304,1.4019688
1.318,1.3941789
1.318,1.3965777
1.3140000000000003,1.3952092
1.322,1.3916888
1.3160000000000003,1.3942301
1.3140000000000003,1.391234
1.3119999999999998,1.3891478
1.302,1.3871722
1.25,1.3809787
1.25,1.3513912
1.246,1.3418354
1.246,1.3343445
1.25,1.3299134
1.244,1.3288602
1.3160000000000003,1.3240032
1.34,1.359535
1.2,1.3820826
0.3,1.3172145
0.298,0.8303735
0.298,0.66811067
0.29599999999999993,0.5790796
0.294,0.5205638
0.29599999999999993,0.47808665
0.29599999999999993,0.44636175
0.294,0.42128122
0.292,0.40073487
0.29,0.38414678
0.29,0.37072694
0.292,0.36066708
0.24,0.35370946
0.198,0.32925755
0.252,0.30444506
0.276,0.31201345
0.276,0.31998858
0.276,0.32117715
0.274,0.32085487
0.272,0.3195797
0.27,0.31806117
0.268,0.31647956
0.268,0.31489
0.266,0.3139683
0.268,0.31263527
0.27,0.31253052
0.27,0.31288013
0.204,0.31280494
0.202,0.2908455
0.202,0.28233188
0.202,0.27844465
0.202,0.276816
0.204,0.27562118
0.202,0.2751985
0.202,0.27408636
0.246,0.27336735
0.316,0.2846392
0.312,0.31245667
0.31,0.32141438
0.306,0.32551426
0.302,0.3271691
0.302,0.3276491
0.3,0.328706
0.3,0.32902217
0.3,0.32958156
0.298,0.3300802
0.29599999999999993,0.32981682
0.29599999999999993,0.3292391
0.298,0.32915023
0.3,0.3298396
0.28600000000000003,0.33078703
0.206,0.32654208
0.206,0.2986912
0.206,0.28875926
0.204,0.28387383
0.204,0.28017616
0.204,0.27847445
0.204,0.2771828
0.206,0.2761513
0.206,0.27583256
0.204,0.27531737
0.282,0.27430832
0.28,0.29709414
0.28,0.3051117
0.28,0.3089335
0.278,0.3113536
0.278,0.31243584
0.278,0.31351078
0.276,0.3143947
0.278,0.31442046
0.276,0.31537807
0.276,0.31524193
0.274,0.31536365
0.206,0.31485468
0.28600000000000003,0.29228592
0.316,0.31079555
0.312,0.32628077
0.31,0.33053774
0.308,0.3322312
0.314,0.33297506
0.312,0.33586454
0.31,0.33667463
0.336,0.3367473
0.386,0.34644997
0.386,0.37637258
0.386,0.388683
0.386,0.39554745
0.386,0.40027162
0.384,0.40378746
0.306,0.40545166
0.292,0.36798054
0.292,0.34918422
0.29,0.34150666
0.29,0.33611742
0.29599999999999993,0.33358157
0.294,0.3338679
0.292,0.33252585
0.292,0.3309832
0.292,0.3301062
0.292,0.32950824
0.282,0.32906467
0.266,0.32540575
0.204,0.3186714
0.204,0.2955366
0.204,0.2868672
0.204,0.28236178
0.204,0.27962425
0.274,0.27809647
0.282,0.29852468
0.29,0.30804405
0.288,0.31455153
0.288,0.31699467
0.322,0.3187111
0.394,0.33128113
0.39,0.36621642
0.388,0.3823404
0.384,0.39077178
0.37999999999999995,0.39500594
0.376,0.39699113
0.312,0.39745274
0.302,0.36670882
0.302,0.3514401
0.3,0.34560987
0.3,0.3411905
0.308,0.3383187
0.308,0.33978048
0.308,0.3397221
0.284,0.33940056
0.212,0.3308398
0.212,0.30402178
0.214,0.29414052
0.21,0.28975397
0.206,0.28534174
0.206,0.281262
0.206,0.27945548
0.206,0.2781387
0.206,0.277098
0.206,0.2762536
0.206,0.27556047
0.212,0.27499214
0.212,0.27608928
0.21,0.27622598
0.21,0.27562287
0.21,0.27533522
0.212,0.27515152
0.206,0.27553672
0.206,0.27404022
0.206,0.27351412
0.206,0.27326384
0.206,0.2731041
0.206,0.27298772
0.272,0.27289677
0.32,0.29223815
0.364,0.31579742
0.4,0.3397052
0.398,0.36847827
0.396,0.38461053
0.392,0.39413336
0.384,0.3994438
0.382,0.40030175
0.378,0.4017064
0.374,0.40153876
0.372,0.40033987
0.372,0.3994092
0.372,0.39931214
0.374,0.39937842
0.27,0.400477
0.208,0.3504631
0.208,0.3130089
0.208,0.30020192
0.208,0.29313803
0.206,0.28830904
0.208,0.28405547
0.208,0.28216678
0.208,0.28066173
0.208,0.27938044
0.208,0.27831742
0.208,0.27744105
0.21599999999999997,0.27671957
0.208,0.27821097
0.24199999999999997,0.27632812
0.268,0.2852579
0.27,0.29731616
0.258,0.30256745
0.9480000000000001,0.3012228
3.062,0.6566606
3.174,2.2623994
1.122,2.7273602
0.346,1.4888842
0.368,0.94176376
0.446,0.7721346
0.44,0.7149002
0.444,0.65676856
0.5280000000000001,0.6130018
0.604,0.62150735
0.58,0.6493805
0.584,0.6389703
0.586,0.63485676
0.584,0.63280535
0.59,0.6301952
0.6,0.63198537
0.582,0.63754773
0.5720000000000001,0.63036376
0.57,0.6231454
0.556,0.619416
0.476,0.61035633
0.476,0.56569266
0.476,0.5487904
0.43199999999999994,0.5394184
0.412,0.5105457
0.408,0.48743132
0.426,0.47372103
0.37000000000000005,0.4743899
0.346,0.44338122
0.342,0.41815743
0.33,0.4038889
0.33,0.38944703
0.32799999999999996,0.38154984
0.35,0.3754286
0.352,0.38097522
0.356,0.3823672
0.354,0.38443944
0.35,0.38392878
0.3479999999999999,0.3816749
0.352,0.3797484
0.352,0.3808297
0.346,0.38096985
0.35,0.3778754
0.438,0.37863412
0.452,0.42293906
0.444,0.44619986
0.456,0.4530454
0.426,0.46447802
0.374,0.45570204
0.37000000000000005,0.42830652
0.372,0.4170162
0.368,0.41278082
0.368,0.40781704
0.366,0.40484372
0.366,0.40175143
0.368,0.39983305
0.368,0.399488
0.46,0.3988663
0.378,0.4447209
0.35,0.4199927
0.3479999999999999,0.39931288
0.3479999999999999,0.3909439
0.346,0.38682508
0.344,0.38314292
0.344,0.37979642
0.342,0.37773138
0.34,0.37525836
0.34,0.37278482
0.342,0.37138933
0.316,0.37144136
0.274,0.35908228
0.274,0.33612317
0.276,0.3292536
0.276,0.32646325
0.28600000000000003,0.32435408
0.302,0.32603586
0.276,0.33123845
0.276,0.32404
0.27,0.32150698
0.27,0.3182968
0.27,0.31680903
0.3,0.31588393
0.382,0.32515675
0.37999999999999995,0.35844535
0.378,0.37502173
0.374,0.38299623
0.374,0.3867184
0.374,0.39030015
0.388,0.39318532
0.382,0.40245825
0.416,0.40373147
0.45,0.42235142
0.45,0.44707817
0.448,0.4576158
0.444,0.46279764
0.442,0.46476948
0.418,0.46610183
0.346,0.45559025
0.346,0.416266
0.346,0.40173766
0.344,0.39410892
0.344,0.38799843
0.344,0.3838687
0.35,0.38084596
0.3479999999999999,0.3816006
0.35,0.38002604
0.35,0.37998325
0.3479999999999999,0.37962723
0.3479999999999999,0.3782941
0.306,0.37767112
0.274,0.3575709
0.272,0.33635136
0.272,0.32900932
0.272,0.32531032
0.274,0.32280207
0.342,0.32158923
0.34,0.3436723
0.35,0.35114312
0.414,0.35961726
0.442,0.39679325
0.48600000000000004,0.4260948
0.542,0.4620748
0.542,0.5071951
0.518,0.5278728
0.58,0.52844244
0.92,0.56477636
0.934,0.7613527
0.9459999999999998,0.83928627
0.938,0.8837583
0.9279999999999999,0.9073018
0.9279999999999999,0.92240393
0.934,0.9363028
0.926,0.9504242
0.936,0.95559025
0.942,0.9663106
0.898,0.97559816
0.856,0.9577297
0.838,0.93181986
0.776,0.9139629
0.772,0.87403077
0.758,0.8566066
0.768,0.83972913
0.838,0.8359384
0.846,0.8682162
0.832,0.88121945
0.83,0.87916654
0.826,0.8789578
0.832,0.8776871
0.8440000000000001,0.88097596
0.8419999999999999,0.8886309
0.84,0.89050835
0.8440000000000001,0.8907892
0.846,0.8935102
0.846,0.8957931
0.85,0.8969129
0.79,0.89971817
0.768,0.8694431
0.768,0.84814113
0.772,0.839215
0.858,0.8358169
0.866,0.87752324
0.56,0.89418775
0.52,0.7425375
1.384,0.672741
1.588,1.1135426
1.57,1.3905247
1.5660000000000003,1.4625039
1.408,1.4974754
1.406,1.4348459
1.402,1.4385895
1.406,1.4446801
1.39,1.4527854
1.386,1.4493496
1.368,1.4482077
1.296,1.4391911
1.292,1.398881
1.29,1.3845085
1.29,1.3762163
1.29,1.3711283
1.284,1.3676478
1.282,1.3621093
1.304,1.358539
1.308,1.368328
1.308,1.3728265
1.296,1.3746588
1.302,1.3695674
1.296,1.3718078
1.3140000000000003,1.3693439
1.35,1.3782868
1.348,1.3999268
1.366,1.4059159
1.368,1.419109
1.3580000000000003,1.4256727
1.348,1.4241807
1.364,1.4198136
1.364,1.4276347
1.364,1.4299916
1.4800000000000002,1.4312495
1.4779999999999998,1.4938251
1.476,1.5115073
1.406,1.5203962
1.382,1.4897974
1.39,1.4711938
1.384,1.469518
1.378,1.4641725
1.362,1.4583172
1.376,1.4470772
1.372,1.4501953
1.368,1.4476202
1.3559999999999999,1.4442037
1.398,1.4363753
1.844,1.4558761
1.762,1.7208862
1.74,1.7354089
1.672,1.7414666
1.294,1.7218678
1.288,1.5225927
1.302,1.46625
1.3960000000000001,1.4442478
1.382,1.475967
1.276,1.4693023
1.276,1.4086125
1.2720000000000002,1.3888725
1.268,1.3755746
1.664,1.3650931
1.924,1.5747205
1.918,1.8001794
1.928,1.8581004
1.922,1.8963864
2.014,1.9154993
2.028,1.9913017
2.03,2.0237129
1.446,2.0412667
1.428,1.7370523
1.432,1.6537417
1.498,1.612827
0.94,1.6190243
0.48,1.312289
0.476,0.97997534
0.472,0.8440036
0.468,0.75820696
0.46399999999999997,0.6954367
0.462,0.6474077
0.458,0.611339
0.456,0.5828581
0.428,0.5614615
0.384,0.53187495
0.382,0.49329653
0.352,0.47310978
0.306,0.4462705
0.268,0.41086447
0.214,0.37613752
0.214,0.33424208
0.212,0.31849343
0.214,0.30762434
0.214,0.30112484
0.214,0.29596904
0.214,0.2918289
0.214,0.28851572
0.212,0.28586516
0.214,0.28307158
0.214,0.28177977
0.214,0.28051785
0.214,0.2795376
0.212,0.2788879
0.214,0.27784407
0.212,0.2777742
0.214,0.2770352
0.22,0.2771777
0.22,0.2786604
0.222,0.2790637
0.222,0.27971298
0.218,0.27995482
0.218,0.27901763
0.32799999999999996,0.2787526
0.406,0.3146632
0.408,0.35522255
0.442,0.3800283
1.046,0.41206244
1.172,0.7763078
1.352,0.97990686
1.368,1.172092
1.362,1.2511932
1.36,1.2862313
1.3559999999999999,1.3090864
1.598,1.3328385
1.888,1.4974524
1.614,1.7389696
1.614,1.6242715
1.628,1.6293235
1.6419999999999997,1.6476107
1.4380000000000002,1.6661474
1.524,1.5664958
1.622,1.5887007
1.298,1.642975
1.428,1.4839525
0.95,1.5114639
0.436,1.2586251
0.748,0.91326815
1.268,0.943829
1.096,1.1932513
1.002,1.1640656
1.208,1.1096853
1.1859999999999997,1.2048328
1.234,1.2204763
1.36,1.2566134
1.348,1.3385147
1.352,1.362156
1.422,1.380028
1.326,1.4289621
1.426,1.3977178
1.274,1.4475067
1.474,1.3831007
1.386,1.4739883
1.3559999999999999,1.4517609
1.224,1.4344172
0.47,1.3609023
0.44,0.9444937
0.306,0.7897518
0.306,0.6380488
0.306,0.55740505
0.302,0.5084668
0.302,0.4696738
0.302,0.44034272
0.302,0.4176434
0.302,0.40003747
0.3,0.3862708
0.3,0.3746924
0.306,0.3660403
0.3,0.3618518
0.208,0.35463428
0.29599999999999993,0.31647196
0.284,0.33331084
0.284,0.33192217
0.284,0.33003053
0.282,0.32829756
0.282,0.3264308
0.278,0.32517314
0.276,0.3228649
0.31,0.32092342
0.412,0.3310834
1.098,0.37825722
1.306,0.7960769
1.19,1.0720592
1.282,1.0868154
1.72,1.1746175
1.718,1.5117633
1.648,1.6041484
1.266,1.5955485
1.444,1.4016957
1.4339999999999997,1.4627686
1.412,1.4730752
1.4380000000000002,1.4671415
1.368,1.4815127
1.266,1.4494786
1.208,1.3879305
1.632,1.3381306
1.696,1.5440433
1.598,1.6362553
1.536,1.6170717
1.538,1.5933747
1.536,1.5949872
1.538,1.596935
1.542,1.6002523
1.544,1.604519
1.546,1.6077821
1.556,1.6107208
1.498,1.6177739
1.542,1.5893792
1.532,1.6059842
1.5220000000000002,1.6038141
1.516,1.5982302
1.5199999999999998,1.5934073
1.526,1.5937687
1.524,1.5965494
1.5220000000000002,1.5959883
1.514,1.5947514
1.53,1.5900971
1.534,1.5972987
1.682,1.6011919
1.65,1.6824801
1.536,1.6884489
1.474,1.6351447
1.7279999999999998,1.591174
1.778,1.714216
1.714,1.7714922
1.47,1.7592425
1.5640000000000003,1.6325463
1.556,1.6517924
1.5660000000000003,1.6454004
1.568,1.6461011
1.5660000000000003,1.6451892
1.5640000000000003,1.642676
1.57,1.6401931
1.5640000000000003,1.6421888
1.552,1.6390655
1.544,1.6316626
1.546,1.625035
1.552,1.6235781
1.554,1.6255118
1.546,1.6265212
1.546,1.6223015
1.56,1.6210778
1.538,1.6279255
1.474,1.6177243
1.446,1.580845
1.558,1.5548123
1.55,1.6043197
1.442,1.610334
1.49,1.5556784
1.5199999999999998,1.5671055
1.5199999999999998,1.5831609
1.524,1.5866922
1.528,1.5904449
1.5220000000000002,1.5942296
1.5199999999999998,1.5926929
1.5199999999999998,1.5918237
1.516,1.5918624
1.524,1.5897845
1.516,1.5935062
1.5220000000000002,1.5901053
1.516,1.592527
1.496,1.5898275
1.47,1.5784123
1.69,1.5610727
1.596,1.6736414
1.536,1.6527067
1.83,1.622049
1.632,1.779057
1.652,1.7095772
1.956,1.7137337
2.754,1.8932709
2.95,2.4828966
2.848,2.7437863
2.916,2.7447643
2.838,2.8364363
2.774,2.8209324
2.74,2.7946198
2.692,2.7781093
2.67,2.7535105
2.654,2.7396054
2.64,2.7271
2.564,2.7149615
2.58,2.6665215
2.57,2.664221
2.6280000000000006,2.6529098
4.168,2.6818151
4.318,3.7765775
4.102,3.981612
3.38,3.8961942
2.674,3.446672
2.516,3.0442145
2.442,2.8810973
2.5,2.7657306
2.638,2.7298427
2.4619999999999997,2.7659442
2.44,2.6472726
2.438,2.6023924
2.438,2.577129
2.434,2.5603168
2.442,2.5464237
2.45,2.5425286
2.516,2.5421455
2.548,2.5790267
2.516,2.607107
2.512,2.5916579
2.494,2.5906184
2.476,2.5807993
2.478,2.5684016
2.436,2.5657725
2.42,2.538992
2.426,2.5224137
2.444,2.5187397
2.44,2.5246763
2.438,2.521204
2.432,2.5184019
2.436,2.513472
2.104,2.513616
1.336,2.323424
1.3140000000000003,1.8556044
1.3140000000000003,1.7107102
1.306,1.6249051
1.308,1.559531
1.308,1.5145988
1.494,1.4813766
1.716,1.5563711
1.166,1.6888651
1.19,1.4296942
1.1859999999999997,1.3781008
1.18,1.34742
1.178,1.3235204
1.18,1.3061066
1.182,1.294628
1.174,1.2865208
1.17,1.2755648
1.2300000000000002,1.2668709
1.1839999999999997,1.2927727
1.182,1.2742323
1.226,1.267718
1.284,1.2874451
1.278,1.3226091
2.052,1.3306473
2.356,1.8069985
2.606,2.13784
2.682,2.4054098
2.53,2.537013
2.3820000000000006,2.4821343
2.754,2.4042385
5.344,2.6630313
4.574,4.6864243
4.512,4.204097
4.508,4.254809
4.506,4.2903056
5.452,4.312524
4.688,5.087661
4.402,4.4753165
4.232,4.3311677
4.084,4.2147
4.044,4.1002154
3.152,4.0454755
1.904,3.494667
1.92,2.726347
1.982,2.5558808
2.394,2.4359367
2.7160000000000006,2.5691192
2.446,2.7377615
2.51,2.594805
2.52,2.6140542
2.526,2.6183949
2.644,2.6246378
2.7899999999999996,2.7082314
2.746,2.8229127
2.85,2.8125963
2.7920000000000003,2.8933156
2.776,2.8668149
2.444,2.8580217
2.384,2.6593013
2.432,2.5865667
2.044,2.5807023
2.056,2.3402796
2.066,2.2832558
1.998,2.2484703
1.984,2.1819901
1.992,2.1442394
1.956,2.1260176
1.9380000000000002,2.0910313
1.92,2.06523
1.914,2.042015
1.916,2.026987
1.876,2.019081
1.808,1.9908968
1.81,1.9434532
2.672,1.9283452
3.976,2.4743438
3.97,3.543871
4.454,3.6703227
4.614,4.114271
4.606,4.304909
4.688,4.3500533
4.452,4.4501834
4.038,4.3037796
4.048,4.029997
4.046,4.025376
4.036,4.0027905
3.994,3.9840922
3.988,3.9468496
3.646,3.9385686
1.734,3.7235186
1.74,2.6327875
1.76,2.4399486
1.768,2.2803519
0.854,2.1649888
0.838,1.5834916
0.824,1.3859801
0.8220000000000001,1.256723
1.008,1.1671569
0.912,1.1992007
0.808,1.1324449
0.8040000000000002,1.0450854
0.8019999999999999,1.0010847
0.7599999999999999,0.97031933
0.736,0.9260506
0.712,0.88914603
0.6559999999999999,0.8549418
0.654,0.8055624
0.59,0.77980155
0.7,0.7294219
0.872,0.7615986
0.876,0.8543192
0.87,0.8845867
0.872,0.89525753
0.872,0.90401995
0.874,0.90999466
0.874,0.9152733
0.878,0.91859007
0.878,0.92291415
0.876,0.92509556
0.874,0.9254511
0.874,0.92535424
0.786,0.92573434
0.62,0.87995183
0.85,0.7785675
0.798,0.8613524
0.798,0.85400164
1.226,0.8517404
1.374,1.0775063
1.3140000000000003,1.2457799
1.374,1.2641965
1.372,1.3241882
1.36,1.3566214
1.362,1.3724295
1.43,1.3873044
1.428,1.4341619
1.6080000000000003,1.4517572
2.948,1.5591643
3.6179999999999994,2.5233707
3.43,3.2172263
3.4559999999999995,3.219605
3.464,3.30248
3.4579999999999997,3.3451512
3.486,3.3644521
2.55,3.4069247
1.364,2.8696697
1.342,2.1284368
1.3,1.9132369
2.144,1.7519292
3.338,2.1135352
2.87,2.9774973
1.288,2.7898402
1.286,1.8956681
1.278,1.7277141
3.152,1.6256083
3.218,2.7387278
1.416,2.979895
0.588,1.9521829
0.586,1.3650196
1.624,1.1562974
2.658,1.5740494
2.2839999999999994,2.3202503
0.5940000000000001,2.2235792
0.5940000000000001,1.3106171
0.5940000000000001,1.096237
2.228,0.980916
2.786,1.8365793
1.518,2.4359107
0.6959999999999998,1.7511173
0.694,1.2472525
1.526,1.092467
2.738,1.4407604
2.5,2.325394
0.684,2.3410487
0.582,1.3528498
0.522,1.0936257
1.808,0.93729794
2.516,1.5376024
1.536,2.1729355
0.45400000000000007,1.6806263
0.386,1.0703084
0.7,0.84877783
2.416,0.89835864
2.414,1.9123431
0.378,2.1638513
0.326,1.0788105
0.32799999999999996,0.8167072
1.622,0.6925477
2.45,1.3110768
1.588,2.0491774
0.226,1.6420401
0.226,0.8988278
0.304,0.683135
2.308,0.6092585
2.336,1.7321604
0.544,2.0511672
0.31,1.0933697
0.312,0.7822635
1.598,0.6548055
2.424,1.2756484
1.502,2.0188196
0.312,1.5724145
0.394,0.91459423
0.622,0.764306
2.504,0.79590905
2.498,1.9388281
0.64,2.2180347
0.41,1.2045883
0.408,0.89274484
1.064,0.76245785
2.506,1.0259597
2.27,2.0118032
0.4,2.0796132
0.396,1.0705092
0.326,0.8438147
1.234,0.69614476
2.352,1.0863273
2.15,1.9165471
0.228,1.9769466
0.248,0.9526712
0.304,0.7187938
1.724,0.6285349
2.3820000000000006,1.3434014
1.558,2.0010831
0.302,1.605103
0.298,0.9171839
0.298,0.7181238
2.078,0.6145821
2.37,1.5734543
1.206,2.0425353
0.288,1.4263477
0.226,0.86929584
0.54,0.65903103
2.312,0.71125257
2.302,1.7690139
0.5100000000000001,2.0368977
0.226,1.0758332
0.226,0.7346696
0.856,0.5938442
2.422,0.8329136
2.402,1.8828859
0.33,2.1311677
0.33,1.0092083
0.32799999999999996,0.7741727
1.674,0.66023475
2.4,1.3244832
1.652,2.0135338
0.322,1.6675553
0.322,0.9449114
0.324,0.74422705
1.92,0.64107656
2.434,1.4736242
1.346,2.068504
0.238,1.5011768
0.23199999999999998,0.86602706
0.234,0.6655693
2.2880000000000003,0.5593501
2.3820000000000006,1.6983773
0.5060000000000001,2.0715098
0.23199999999999998,1.0676141
0.234,0.72990274
1.104,0.59276164
2.402,0.96170026
1.776,1.9108379
0.302,1.7078017
0.304,0.91225606
0.304,0.7099409
2.172,0.60870016
2.4,1.6379067
1.178,2.0768523
0.29599999999999993,1.4206986
0.29599999999999993,0.8740121
0.426,0.6972268
2.316,0.6666613
2.306,1.7572035
1.09,2.0358007
0.336,1.3774025
0.332,0.8848676
0.33,0.71860874
2.37,0.6252025
2.4,1.7809657
0.682,2.1052911
0.326,1.1772345
0.324,0.8211366
0.618,0.681883
2.422,0.75015205
1.996,1.8590958
0.322,1.8416938
0.31800000000000006,0.94353515
0.282,0.7302314
0.712,0.6080567
2.306,0.75429267
2.028,1.7740638
0.226,1.8426908
0.226,0.8796442
0.226,0.65396047
1.906,0.5442922
2.328,1.4289639
0.7,1.9754311
0.23,1.1244254
0.228,0.73012763
0.228,0.5830947
0.75,0.49890754
2.33,0.70643353
2.326,1.7684249
0.356,2.0399272
0.39,0.970198
0.386,0.7698654
0.384,0.6729023
1.774,0.6092578
2.442,1.3581972
1.578,2.0383914
0.482,1.6133529
0.48800000000000004,1.002278
0.48399999999999993,0.83970714
0.642,0.7541116
2.522,0.7780169
2.488,1.940353
0.936,2.2045245
0.406,1.346461
0.404,0.9290699
0.4020000000000001,0.7786164
1.944,0.68988174
2.474,1.5060024
1.594,2.1058834
0.352,1.6562045
0.24199999999999997,0.97252357
0.226,0.71942294
1.532,0.58798987
2.3,1.2048757
1.766,1.9057919
0.224,1.7095907
0.222,0.8878908
0.222,0.667348
1.288,0.5546316
2.296,1.0360243
2.132,1.8553172
0.226,1.9432425
0.226,0.9219348
0.226,0.68422174
0.8040000000000002,0.56677675
2.286,0.78648186
2.28,1.7694075
0.238,2.0180163
0.224,0.92374355
0.222,0.677211
0.828,0.55856186
2.274,0.79323983
2.264,1.7632234
0.604,2.0053883
0.404,1.1069571
0.4020000000000001,0.82888967
0.626,0.7141168
2.428,0.75926167
2.436,1.8675811
0.738,2.1528625
0.394,1.2247757
0.394,0.8784828
0.392,0.74457127
2.286,0.6629106
2.3739999999999997,1.7343037
1.05,2.0789094
0.314,1.3643049
0.224,0.87158644
0.222,0.6592447
2.228,0.5485861
2.27,1.6509719
1.09,1.9809359
0.22,1.3500273
0.22,0.8058593
0.222,0.62603486
1.4779999999999998,0.52791226
2.26,1.1355304
1.782,1.8527023
0.222,1.7028695
0.222,0.866242
0.224,0.65023184
1.1419999999999997,0.54277605
2.286,0.94766504
1.778,1.8208603
0.224,1.6872358
0.224,0.8528761
0.224,0.64015007
0.866,0.5343997
2.302,0.79449975
2.32,1.7818117
0.498,2.0466306
0.334,1.0577257
0.33,0.7774742
0.6139999999999999,0.65667313
2.398,0.72782123
2.386,1.8333561
0.8,2.1066606
0.414,1.2391164
0.398,0.88626015
0.416,0.74603885
2.034,0.6741237
2.45,1.561961
1.784,2.0976121
0.364,1.7752037
0.294,1.0051125
0.292,0.7629899
1.238,0.6424627
2.314,1.0583601
2.2899999999999996,1.8775291
0.648,2.062892
0.224,1.1765102
0.224,0.77995646
0.226,0.62300915
1.826,0.52945846
2.282,1.3615844
1.44,1.9223834
0.224,1.5049785
0.224,0.8358522
0.224,0.63831186
1.04,0.5349602
2.308,0.8874915
2.34,1.8162972
0.32,2.0726752
0.308,0.98137987
0.308,0.7449647
0.308,0.63264596
2.156,0.5594635
2.482,1.6022147
1.178,2.1173544
0.414,1.412743
0.412,0.92545724
0.41,0.7694302
0.48,0.68360347
2.4559999999999995,0.66052955
2.448,1.8494557
1.2,2.1489446
0.396,1.454239
0.394,0.9437424
0.394,0.7777926
2.25,0.68630666
2.398,1.7207447
1.038,2.0980701
0.312,1.3674152
0.3,0.87572145
0.3,0.70161223
1.382,0.6044469
2.344,1.1073525
2.194,1.9101341
0.29599999999999993,2.0010674
0.294,0.9801706
0.292,0.7468984
0.292,0.6307944
2.276,0.5541743
2.266,1.6835908
1.21,1.9814091
0.22,1.4083605
0.222,0.8213774
0.22,0.63447464
1.126,0.53186023
2.272,0.932227
2.274,1.8043636
0.392,2.0252447
0.224,1.0095756
0.294,0.7097566
0.334,0.61384994
1.778,0.56427246
2.36,1.3418115
2.248,1.9723047
0.324,2.0571845
0.324,1.0119274
0.322,0.77857196
0.368,0.6623085
2.362,0.6091377
2.348,1.7652963
1.226,2.0597875
0.316,1.4439962
0.316,0.8914223
0.236,0.7145238
0.72,0.5771543
2.2920000000000003,0.744874
2.272,1.7581831
0.818,2.0069418
0.222,1.2171996
0.224,0.77003986
0.224,0.60921705
1.084,0.5168539
2.31,0.89771086
2.352,1.8188039
0.332,2.0799708
0.298,0.98631835
0.29599999999999993,0.740187
0.298,0.6244562
1.838,0.551354
2.344,1.3791304
1.828,1.9697375
0.298,1.7667811
0.274,0.93685716
0.228,0.7125772
0.668,0.5777625
2.282,0.7213467
2.3719999999999994,1.7446171
1.43,2.0744958
0.332,1.5526823
0.332,0.9321955
0.33,0.7438697
0.334,0.64236796
2.398,0.5752374
2.388,1.776187
1.6460000000000001,2.0860696
0.326,1.6854695
0.324,0.9616222
0.324,0.75711244
0.9279999999999999,0.6503657
2.39,0.89143133
2.322,1.8795604
1.22,2.0775218
0.234,1.4678657
0.234,0.87058
0.23199999999999998,0.6752409
0.23199999999999998,0.5662441
2.21,0.49616626
2.328,1.6091963
1.578,2.0013561
0.23,1.612325
0.23,0.87419885
0.23,0.66490084
0.91,0.5564286
2.308,0.8340979
2.2880000000000003,1.7999959
0.47,2.031281
0.226,1.0477602
0.264,0.72177434
0.304,0.60449153
1.654,0.5478418
2.472,1.2510719
2.074,2.0300937
0.386,1.9425201
0.478,1.0181669
0.49400000000000005,0.85325533
0.6360000000000001,0.7729424
2.566,0.788454
2.568,1.977345
0.788,2.2712655
0.418,1.288533
0.418,0.9242067
0.414,0.7840333
1.844,0.6977612
2.498,1.4415367
1.926,2.108776
0.396,1.8704592
0.394,1.0430954
0.334,0.832137
0.304,0.69319654
2.154,0.5942744
2.276,1.6132298
1.29,1.9780573
0.224,1.45294
0.226,0.8392009
0.226,0.64690983
0.9279999999999999,0.5430976
2.28,0.8346057
2.2899999999999996,1.7787664
0.6779999999999999,2.0272534
0.224,1.1519734
0.218,0.75364196
0.89,0.59826905
1.706,0.85458773
3.314,1.3938527
3.2920000000000003,2.695908
2.196,2.9509008
1.282,2.26746
1.278,1.7285595
1.294,1.601717
1.616,1.5403447
3.422,1.6664759
3.416,2.9210117
2.054,3.1321115
1.462,2.3005776
1.462,1.9073137
1.454,1.7927703
2.05,1.7176282
3.504,1.9928726
3.484,3.0749884
1.572,3.2320316
1.446,2.1041198
1.4380000000000002,1.8882943
1.4380000000000002,1.7810767
2.572,1.7094378
3.3760000000000003,2.3428562
3.324,3.0386627
1.374,3.1266215
1.296,2.0018773
1.8919999999999997,1.7854067
4.946,1.998371
6.436,4.2253337
7.493999999999999,5.6324043
5.186,6.6189995
2.098,4.7894053
1.526,3.1405385
1.964,2.635482
2.6219999999999994,2.6086073
2.178,2.8266304
3.226,2.525866
2.5339999999999994,3.0910192
1.164,2.7102525
1.13,1.9086634
1.124,1.6929018
1.14,1.5599248
2.2,1.4760867
3.162,2.0243933
3.158,2.802657
1.302,2.955873
1.328,1.8939205
1.3160000000000003,1.7434251
1.3140000000000003,1.6499617
1.89,1.5848908
3.326,1.849385
3.32,2.901386
1.852,3.0798194
1.298,2.2099817
1.286,1.8126202
1.294,1.6770064
2.0,1.5975351
3.274,1.9227741
3.246,2.8761008
1.538,3.0196576
1.122,2.0283887
1.122,1.6665152
1.118,1.5299363
1.6059999999999999,1.4396213
3.1239999999999997,1.6359648
2.984,2.677984
1.622,2.7698362
0.84,1.9888165
0.828,1.4689748
0.834,1.2941898
1.212,1.1932467
2.844,1.3176073
2.832,2.3660285
1.378,2.5813007
0.96,1.7624117
1.16,1.4262977
1.942,1.4133861
2.08,1.8058615
3.98,1.9851848
4.048,3.4310198
2.674,3.6865647
2.01,2.799348
2.016,2.399168
2.282,2.3088422
1.832,2.398914
3.734,2.1349576
3.7920000000000003,3.3435776
2.514,3.5140913
1.714,2.7530587
1.708,2.2490082
1.706,2.1110563
2.412,2.0201988
1.872,2.3556397
1.87,2.0947647
1.972,2.0441942
1.9380000000000002,2.0733743
1.876,2.0496163
1.91,2.005718
1.916,2.0099971
1.43,2.0090153
1.748,1.7407572
1.962,1.8410009
1.722,1.9631419
2.364,1.8579013
2.5380000000000003,2.2371986
2.678,2.431034
2.844,2.5829196
3.022,2.748079
4.44,2.9229734
4.24,4.0162907
4.296,3.9550276
4.298,4.0599666
4.278,4.10073
4.0,4.120285
4.1,3.9395673
3.484,4.018476
2.244,3.6277335
3.77,2.8953083
1.962,3.6627924
1.944,2.6213713
1.946,2.4603503
2.072,2.3386233
3.768,2.32261
2.13,3.409459
2.072,2.4723601
2.078,2.362502
2.072,2.3109415
2.046,2.2695749
2.06,2.2263951
2.106,2.2099607
2.1,2.2203333
2.102,2.2113516
2.104,2.206454
2.114,2.2032657
2.106,2.2054932
2.102,2.199419
2.078,2.1943216
1.988,2.1779416
1.988,2.121899
1.984,2.105215
1.994,2.0922332
1.992,2.0891848
1.986,2.0829892
1.9339999999999997,2.0752864
1.9359999999999997,2.0423214
1.926,2.0332336
1.104,2.021634
0.894,1.5710242
0.878,1.3360035
0.884,1.2234621
0.88,1.1555748
0.904,1.1034671
0.926,1.0780606
1.072,1.0650342
1.024,1.1257665
0.9279999999999999,1.1111891
0.856,1.0549841
0.888,0.9977959
0.896,0.9916456
0.938,0.9872007
1.022,1.0032649
1.024,1.0497156
1.026,1.064706
1.024,1.0728917
1.02,1.0767508
1.018,1.0776718
1.012,1.0781096
1.01,1.075703
1.002,1.0741608
1.0,1.0693014
1.002,1.0664061
1.132,1.0659666
1.104,1.1345938
0.94,1.1410023
0.964,1.0601635
0.914,1.0502806
0.976,1.0170766
0.98,1.0364802
0.986,1.0409956
0.984,1.0445608
0.976,1.044339
0.976,1.0401257
0.976,1.0388511
0.976,1.0382315
0.982,1.0378026
0.988,1.0406858
0.944,1.0446924
0.9279999999999999,1.0228064
0.92,1.007613
2.496,0.99719554
3.894,2.0047126
3.846,3.284319
3.836,3.491291
3.702,3.5873153
3.522,3.5488074
3.518,3.4446034
3.514,3.4532788
3.504,3.4607556
3.526,3.4597535
3.5339999999999994,3.478682
3.776,3.4881976
3.836,3.6636674
3.7899999999999996,3.721094
3.772,3.7069147
3.786,3.7080135
3.762,3.7269258
3.754,3.7170613
3.75,3.7169178
1.876,3.717915
1.578,2.6583152
3.238,2.3195684
4.07,3.124006
3.648,3.7613928
3.55,3.5349147
1.932,3.5111902
